policy,global_batch,phase,workers,batch_ms,input_wait_ms,gpu_step_ms
fixed_8,0,normal,8,9.388699999998806,0.2542999999999296,9.134399999998877
fixed_8,1,normal,8,7.286500000001084,0.24280000000054258,7.043700000000541
fixed_8,2,normal,8,11.105199999999371,0.2964999999992557,10.808700000000115
fixed_8,3,normal,8,12.63009999999909,0.2631999999991308,12.366899999999958
fixed_8,4,normal,8,8.440300000000178,0.25109999999983756,8.18920000000034
fixed_8,5,normal,8,8.829499999999157,0.48149999999935744,8.3479999999998
fixed_8,6,normal,8,8.176500000001141,0.2714000000008099,7.905100000000331
fixed_8,7,normal,8,6.901300000000887,0.2875000000006622,6.613800000000225
fixed_8,8,normal,8,20.93670000000003,0.4758999999996405,20.46080000000039
fixed_8,9,normal,8,24.7591000000007,0.22470000000041068,24.53440000000029
fixed_8,10,normal,8,11.52749999999969,0.1458000000003068,11.381699999999384
fixed_8,11,normal,8,7.779700000000389,0.12940000000050134,7.650299999999888
fixed_8,12,normal,8,38.65350000000056,0.1774999999994975,38.476000000001065
fixed_8,13,normal,8,7.330999999998866,0.9761999999984283,6.354800000000438
fixed_8,14,normal,8,19.394099999999526,0.20009999999892614,19.1940000000006
fixed_8,15,normal,8,8.30950000000108,0.36590000000025213,7.943600000000828
fixed_8,16,normal,8,7.321300000000974,0.249600000000072,7.071700000000902
fixed_8,17,normal,8,7.8022000000004255,0.21970000000059997,7.5824999999998255
fixed_8,18,normal,8,5.897900000000789,0.2513000000003984,5.64660000000039
fixed_8,19,normal,8,7.912400000000375,0.1838000000002893,7.728600000000085
fixed_8,20,normal,8,21.786399999999873,0.3650000000003928,21.42139999999948
fixed_8,21,normal,8,12.099100000000362,0.22539999999970917,11.873700000000653
fixed_8,22,normal,8,7.42620000000116,0.2959000000011258,7.130300000000034
fixed_8,23,normal,8,8.914300000000708,1.2986999999995419,7.615600000001166
fixed_8,24,normal,8,5.991100000001026,0.23990000000040368,5.7512000000006225
fixed_8,25,normal,8,9.24450000000121,0.20100000000056184,9.043500000000648
fixed_8,26,normal,8,8.893300000000437,0.2326000000003603,8.660700000000077
fixed_8,27,normal,8,6.865800000001698,0.27300000000174407,6.592799999999954
fixed_8,28,normal,8,7.480299999999218,0.15009999999904267,7.3302000000001755
fixed_8,29,normal,8,11.041699999999821,0.1879999999996329,10.853700000000188
fixed_8,30,normal,8,22.33739999999962,13.7520999999996,8.585300000000018
fixed_8,31,normal,8,7.306199999998597,0.2697999999998757,7.0363999999987215
fixed_8,32,normal,8,8.878199999999836,0.1908999999997718,8.687300000000064
fixed_8,33,normal,8,5.638100000000534,0.6329000000011575,5.005199999999377
fixed_8,34,normal,8,7.18680000000127,0.29020000000024027,6.89660000000103
fixed_8,35,normal,8,13.29510000000056,0.29930000000000234,12.995800000000557
fixed_8,36,normal,8,6.906100000000137,0.1917000000002389,6.714399999999898
fixed_8,37,normal,8,29.853599999999147,0.4273999999995226,29.426199999999625
fixed_8,38,normal,8,19.542200000000065,12.524599999998998,7.017600000001067
fixed_8,39,normal,8,6.432799999998906,0.22039999999989845,6.212399999999008
fixed_8,40,normal,8,8.379599999999598,0.22169999999910317,8.157900000000495
fixed_8,41,normal,8,5.937899999999274,0.2133999999998082,5.724499999999466
fixed_8,42,normal,8,7.242699999999047,0.16160000000020602,7.081099999998841
fixed_8,43,normal,8,6.171600000000055,0.207700000000699,5.963899999999356
fixed_8,44,normal,8,6.1080000000011125,0.18140000000066436,5.926600000000448
fixed_8,45,normal,8,7.404600000000983,0.16950000000015564,7.235100000000827
fixed_8,46,normal,8,58.76340000000013,40.224600000000166,18.538799999999966
fixed_8,47,normal,8,7.735900000000129,0.15579999999992822,7.580100000000201
fixed_8,48,normal,8,5.863299999999683,0.30220000000014124,5.561099999999541
fixed_8,49,normal,8,12.885600000000608,0.1726000000008554,12.712999999999752
fixed_8,50,normal,8,11.451600000000894,0.14200000000030855,11.309600000000586
fixed_8,51,normal,8,6.589099999999348,0.2086999999999506,6.380399999999398
fixed_8,52,normal,8,11.75899999999963,0.14769999999941774,11.611300000000213
fixed_8,53,normal,8,5.569500000000005,0.19870000000032917,5.370799999999676
fixed_8,54,normal,8,49.90649999999874,42.65099999999933,7.255499999999415
fixed_8,55,normal,8,10.725199999999546,0.1629000000011871,10.56229999999836
fixed_8,56,normal,8,8.652500000000174,0.16360000000048558,8.488899999999688
fixed_8,57,normal,8,7.8606000000007725,0.16960000000132425,7.690999999999448
fixed_8,58,normal,8,5.152100000000104,0.21150000000069724,4.940599999999407
fixed_8,59,normal,8,8.169699999999835,0.16510000000025116,8.004599999999584
fixed_8,60,normal,8,8.709700000000709,0.23350000000021964,8.476200000000489
fixed_8,61,normal,8,8.913200000000288,0.21619999999877848,8.697000000001509
fixed_8,62,normal,8,21.058299999999974,5.75000000000081,15.308299999999164
fixed_8,63,normal,8,7.314600000000837,0.2872000000007091,7.027400000000128
fixed_8,64,normal,8,6.780900000000756,0.18040000000141276,6.600499999999343
fixed_8,65,normal,8,12.826800000000915,0.2497000000012406,12.577099999999675
fixed_8,66,normal,8,5.921500000001245,0.2214000000009264,5.700100000000319
fixed_8,67,normal,8,9.579300000000401,0.14269999999960703,9.436600000000794
fixed_8,68,normal,8,7.331600000000549,0.23679999999970391,7.094800000000845
fixed_8,69,normal,8,7.144300000000214,0.328800000000129,6.815500000000085
fixed_8,70,normal,8,66.76600000000121,41.59489999999977,25.171100000001445
fixed_8,71,normal,8,7.431900000000269,1.3395999999996633,6.092300000000606
fixed_8,72,normal,8,8.759799999999984,0.622100000001069,8.137699999998915
fixed_8,73,normal,8,11.79480000000055,0.15889999999885163,11.635900000001698
fixed_8,74,normal,8,7.729600000001113,0.14170000000035543,7.587900000000758
fixed_8,75,normal,8,19.498399999999805,0.2830999999989814,19.215300000000823
fixed_8,76,normal,8,6.8448000000014275,0.17220000000151003,6.6725999999999175
fixed_8,77,normal,8,7.150700000000398,0.13620000000003074,7.014500000000368
fixed_8,78,normal,8,12.346499999999594,6.116500000000968,6.2299999999986255
fixed_8,79,normal,8,8.661099999999422,0.16749999999987608,8.493599999999546
fixed_8,80,normal,8,8.211899999999162,1.3815999999984285,6.830300000000733
fixed_8,81,normal,8,10.739399999998511,0.17759999999888976,10.561799999999621
fixed_8,82,normal,8,8.604999999999308,0.18090000000015038,8.424099999999157
fixed_8,83,normal,8,6.414299999999429,0.22270000000013113,6.191599999999298
fixed_8,84,normal,8,5.687199999998782,0.17339999999954614,5.513799999999236
fixed_8,85,normal,8,9.639899999999813,0.17149999999865884,9.468400000001154
fixed_8,86,normal,8,19.91040000000055,12.926900000000074,6.983500000000475
fixed_8,87,normal,8,10.910199999999648,0.2051000000005132,10.705099999999135
fixed_8,88,normal,8,25.9942000000013,0.327400000001532,25.666799999999768
fixed_8,89,normal,8,7.20139999999958,0.17199999999917281,7.0294000000004075
fixed_8,90,normal,8,9.627000000000052,0.564599999998805,9.062400000001247
fixed_8,91,normal,8,8.064100000000352,0.1832999999997753,7.880800000000576
fixed_8,92,normal,8,12.286299999999528,0.2911000000000996,11.995199999999429
fixed_8,93,normal,8,8.519099999999113,0.20020000000009475,8.318899999999019
fixed_8,94,normal,8,10.193900000000866,0.2580000000005356,9.93590000000033
fixed_8,95,normal,8,7.3079000000007,0.31020000000125947,6.9976999999994405
fixed_8,96,normal,8,15.883999999999787,0.16240000000067312,15.721599999999114
fixed_8,97,normal,8,11.717400000000211,3.210200000001606,8.507199999998605
fixed_8,98,normal,8,7.651400000000308,0.5924999999997738,7.058900000000534
fixed_8,99,normal,8,6.315700000000035,0.19390000000107932,6.121799999998956
fixed_8,100,normal,8,6.361000000000061,0.22039999999989845,6.140600000000163
fixed_8,101,normal,8,30.729900000000754,0.15819999999955314,30.5717000000012
fixed_8,102,normal,8,6.478400000000661,0.2694999999999226,6.208900000000739
fixed_8,103,normal,8,13.050899999999643,0.1651999999996434,12.8857
fixed_8,104,normal,8,6.262800000000013,0.22450000000162618,6.038299999998387
fixed_8,105,normal,8,16.01729999999968,0.2382999999994695,15.77900000000021
fixed_8,106,normal,8,7.776999999999035,0.17019999999945412,7.606799999999581
fixed_8,107,normal,8,7.453899999999791,0.4783000000010418,6.9755999999987495
fixed_8,108,normal,8,9.290800000000488,0.1527000000010048,9.138099999999483
fixed_8,109,normal,8,11.648899999999074,0.15199999999992997,11.496899999999144
fixed_8,110,normal,8,6.421399999998911,0.5188999999994337,5.902499999999478
fixed_8,111,normal,8,9.777100000000871,0.14640000000021303,9.630700000000658
fixed_8,112,normal,8,6.35910000000095,0.20669999999967104,6.152400000001279
fixed_8,113,normal,8,20.969699999998426,0.3174999999995265,20.6521999999989
fixed_8,114,normal,8,12.161499999999492,3.46080000000093,8.700699999998562
fixed_8,115,normal,8,11.179300000000225,0.1564999999992267,11.022800000000998
fixed_8,116,normal,8,10.298999999999836,0.42000000000008697,9.878999999999749
fixed_8,117,normal,8,6.55859999999997,0.14929999999857557,6.409300000001394
fixed_8,118,normal,8,11.071399999998732,0.26669999999917593,10.804699999999556
fixed_8,119,normal,8,13.42689999999891,0.2081999999994366,13.218699999999473
fixed_8,120,normal,8,13.386099999999956,0.19099999999916406,13.195100000000792
fixed_8,121,normal,8,14.820999999999529,0.24389999999918643,14.577100000000343
fixed_8,122,normal,8,15.421200000000468,0.20359999999897127,15.217600000001497
fixed_8,123,normal,8,6.235699999999511,1.6727999999996968,4.562899999999814
fixed_8,124,normal,8,9.178500000000867,1.3977000000000572,7.780800000000809
fixed_8,125,normal,8,5.751599999999968,0.14239999999965391,5.609200000000314
fixed_8,126,normal,8,12.604299999999569,0.20199999999981344,12.402299999999755
fixed_8,127,normal,8,10.812500000000114,0.16289999999941074,10.649600000000703
fixed_8,128,normal,8,8.495599999999826,0.4249999999998977,8.070599999999928
fixed_8,129,normal,8,9.525800000000473,0.20360000000074763,9.322199999999725
fixed_8,130,normal,8,6.7094000000000875,0.2594000000009089,6.449999999999179
fixed_8,131,normal,8,12.104100000000173,0.3475000000001671,11.756600000000006
fixed_8,132,normal,8,12.871300000000474,0.5974999999995845,12.27380000000089
fixed_8,133,normal,8,7.55820000000007,0.22560000000027003,7.3325999999998
fixed_8,134,normal,8,11.276499999999245,0.2645999999995041,11.011899999999741
fixed_8,135,normal,8,6.470800000000665,0.2706000000003428,6.200200000000322
fixed_8,136,normal,8,9.19060000000016,0.1782999999999646,9.012300000000195
fixed_8,137,normal,8,33.839699999999695,25.928999999999647,7.910700000000048
fixed_8,138,normal,8,5.358300000001037,0.28130000000103905,5.076999999999998
fixed_8,139,normal,8,29.249999999999332,0.13129999999961228,29.11869999999972
fixed_8,140,normal,8,11.35890000000117,0.23250000000096804,11.126400000000203
fixed_8,141,normal,8,5.792999999998827,0.40729999999911115,5.385699999999716
fixed_8,142,normal,8,11.26799999999939,0.2385999999994226,11.029399999999967
fixed_8,143,normal,8,6.5472999999993675,0.19709999999939498,6.3501999999999725
fixed_8,144,normal,8,11.543800000000104,0.19400000000047157,11.349799999999632
fixed_8,145,normal,8,7.909800000000189,0.26100000000006673,7.648800000000122
fixed_8,146,normal,8,8.801699999999357,0.17289999999903216,8.628800000000325
fixed_8,147,normal,8,19.842299999998758,0.5176999999996212,19.324599999999137
fixed_8,148,normal,8,7.277500000000714,0.295200000000051,6.982300000000663
fixed_8,149,normal,8,10.603800000000163,0.1336000000016213,10.470199999998542
fixed_8,150,normal,8,16.154000000000224,7.9899999999994975,8.164000000000726
fixed_8,151,normal,8,6.586199999999209,0.3159999999997609,6.270199999999448
fixed_8,152,normal,8,9.041500000000369,0.22839999999924032,8.813100000001128
fixed_8,153,normal,8,22.27500000000049,16.92270000000029,5.352300000000199
fixed_8,154,normal,8,6.585699999998695,0.16160000000020602,6.424099999998489
fixed_8,155,normal,8,8.283199999999269,0.24679999999932534,8.036399999999944
fixed_8,156,normal,8,12.607700000000222,0.15190000000053772,12.455799999999684
fixed_8,157,normal,8,8.139899999999756,0.3611000000010023,7.778799999998753
fixed_8,158,normal,8,7.071400000000949,0.3407000000006377,6.730700000000311
fixed_8,159,normal,8,5.8368000000008635,0.2392000000011052,5.597599999999758
fixed_8,160,normal,8,9.986599999999513,0.16210000000072,9.824499999998793
fixed_8,161,normal,8,17.3053000000003,8.420400000000328,8.884899999999973
fixed_8,162,normal,8,8.891199999998989,0.27959999999893625,8.611600000000053
fixed_8,163,normal,8,7.799300000000287,0.2043000000000461,7.5950000000002404
fixed_8,164,normal,8,10.715799999999831,0.9151999999996718,9.80060000000016
fixed_8,165,normal,8,7.5419999999990495,0.16649999999884812,7.375500000000201
fixed_8,166,normal,8,6.863900000000811,0.4351000000006877,6.428800000000123
fixed_8,167,normal,8,8.522300000000982,0.19380000000168707,8.328499999999295
fixed_8,168,normal,8,8.75080000000139,0.20350000000135537,8.547300000000035
fixed_8,169,normal,8,21.009600000001072,10.295799999999744,10.713800000001328
fixed_8,170,normal,8,7.2144999999999015,0.20950000000041769,7.004999999999484
fixed_8,171,normal,8,6.9323000000007795,0.15250000000044395,6.779800000000336
fixed_8,172,normal,8,8.624299999999252,0.16259999999945762,8.461699999999794
fixed_8,173,normal,8,9.179700000000679,0.7780000000003895,8.40170000000029
fixed_8,174,normal,8,7.175300000000107,0.271200000000249,6.904099999999858
fixed_8,175,normal,8,5.369999999999209,0.17680000000019902,5.19319999999901
fixed_8,176,normal,8,9.797100000000114,0.1831000000009908,9.613999999999123
fixed_8,177,normal,8,18.024999999999736,8.786100000000019,9.238899999999717
fixed_8,178,normal,8,6.20120000000135,0.19520000000028404,6.006000000001066
fixed_8,179,normal,8,10.102700000000908,0.1878000000008484,9.91490000000006
fixed_8,180,normal,8,8.121199999999718,0.3209000000001794,7.800299999999538
fixed_8,181,normal,8,12.731399999999837,0.2942000000007994,12.437199999999038
fixed_8,182,normal,8,7.545500000000871,0.3147000000005562,7.230800000000315
fixed_8,183,normal,8,9.61769999999973,0.18369999999912068,9.434000000000609
fixed_8,184,normal,8,7.545000000000357,0.2940000000002385,7.2510000000001185
fixed_8,185,normal,8,8.520300000000702,0.23590000000162092,8.284399999999081
fixed_8,186,normal,8,16.655200000000647,0.20439999999943836,16.45080000000121
fixed_8,187,normal,8,7.519200000000836,0.28260000000024377,7.236600000000593
fixed_8,188,normal,8,9.721299999998934,0.2599999999990388,9.461299999999895
fixed_8,189,normal,8,12.141100000000904,0.2468000000011017,11.894299999999802
fixed_8,190,normal,8,6.888800000000472,0.19939999999962765,6.689400000000845
fixed_8,191,normal,8,7.387800000000055,0.17309999999959302,7.214700000000462
fixed_8,192,normal,8,9.722199999998793,0.22009999999994534,9.502099999998848
fixed_8,193,normal,8,5.966599999998934,0.28769999999944673,5.678899999999487
fixed_8,194,normal,8,14.075500000000574,0.20940000000102543,13.866099999999548
fixed_8,195,normal,8,8.9977999999995,0.16259999999945762,8.835200000000043
fixed_8,196,normal,8,6.123300000000498,0.5670000000002062,5.556300000000292
fixed_8,197,normal,8,6.690600000000657,0.16399999999983095,6.526600000000826
fixed_8,198,normal,8,8.196500000000384,0.7861000000009,7.410399999999484
fixed_8,199,normal,8,9.10230000000034,0.17410000000062098,8.92819999999972
fixed_8,200,normal,8,6.717300000000037,0.29849999999953525,6.418800000000502
fixed_8,201,normal,8,15.146800000000127,0.2212999999997578,14.925500000000369
fixed_8,202,normal,8,8.42639999999939,0.23989999999862732,8.186500000000763
fixed_8,203,normal,8,8.001399999999492,0.22539999999970917,7.775999999999783
fixed_8,204,normal,8,10.25349999999925,3.023599999998794,7.229900000000455
fixed_8,205,normal,8,6.27909999999865,0.2374999999990024,6.041599999999647
fixed_8,206,normal,8,11.67670000000065,0.2627000000003932,11.414000000000257
fixed_8,207,normal,8,7.11010000000023,0.19439999999981694,6.915700000000413
fixed_8,208,normal,8,8.42639999999939,0.1820000000005706,8.24439999999882
fixed_8,209,normal,8,13.156900000000249,3.3189000000000135,9.838000000000235
fixed_8,210,normal,8,6.025499999999795,0.16449999999856857,5.861000000001226
fixed_8,211,normal,8,11.510499999999979,0.27359999999987394,11.236900000000105
fixed_8,212,normal,8,9.137499999999577,1.649099999999848,7.488399999999729
fixed_8,213,normal,8,5.734699999999648,0.1490000000003988,5.58569999999925
fixed_8,214,normal,8,15.162400000001242,7.891200000001319,7.271199999999922
fixed_8,215,normal,8,7.525199999999899,0.47740000000118243,7.047799999998716
fixed_8,216,normal,8,6.538000000000821,0.3641999999999257,6.173800000000895
fixed_8,217,normal,8,9.475500000000636,0.2308000000006416,9.244699999999995
fixed_8,218,normal,8,8.77529999999993,0.3066000000000457,8.468699999999885
fixed_8,219,normal,8,6.727099999999098,0.1438999999994195,6.583199999999678
fixed_8,220,normal,8,14.233000000000828,7.48660000000001,6.746400000000818
fixed_8,221,normal,8,5.719000000000918,0.24190000000068324,5.477100000000235
fixed_8,222,normal,8,14.213300000001539,8.891400000001326,5.321900000000213
fixed_8,223,normal,8,15.051799999998394,0.18940000000000623,14.862399999998388
fixed_8,224,normal,8,6.400099999998687,0.2867999999995874,6.1132999999991
fixed_8,225,normal,8,9.711700000000434,4.710300000001055,5.001399999999379
fixed_8,226,normal,8,10.943899999999118,0.18050000000080502,10.763399999998313
fixed_8,227,normal,8,16.68969999999881,0.17010000000006187,16.519599999998746
fixed_8,228,normal,8,7.081699999998747,0.2164999999987316,6.865200000000016
fixed_8,229,normal,8,6.69880000000056,0.1632000000011402,6.53559999999942
fixed_8,230,normal,8,7.213800000000603,0.21520000000130324,6.9985999999993
fixed_8,231,normal,8,8.92450000000089,0.2639999999995979,8.660500000001292
fixed_8,232,normal,8,15.94579999999901,0.31499999999873296,15.630800000000278
fixed_8,233,normal,8,6.938799999998579,0.30399999999985994,6.6347999999987195
fixed_8,234,normal,8,6.489800000000656,0.36550000000090677,6.124299999999749
fixed_8,235,normal,8,8.84079999999976,1.0259999999995273,7.814800000000233
fixed_8,236,normal,8,13.643599999999978,7.358699999999274,6.284900000000704
fixed_8,237,normal,8,6.876199999998889,0.21169999999948175,6.664499999999407
fixed_8,238,normal,8,5.22209999999923,0.1952999999996763,5.026799999999554
fixed_8,239,normal,8,7.2656999999995975,0.19370000000051846,7.071999999999079
fixed_8,240,normal,8,9.7529999999999,0.3723999999998284,9.380600000000072
fixed_8,241,normal,8,26.691899999999436,19.994799999999202,6.697100000000233
fixed_8,242,normal,8,7.205000000000794,0.22659999999952163,6.9784000000012725
fixed_8,243,normal,8,9.957200000000554,0.16259999999945762,9.794600000001097
fixed_8,244,normal,8,7.6865000000001515,0.22449999999984982,7.462000000000302
fixed_8,245,normal,8,6.259299999999968,0.17120000000048208,6.088099999999486
fixed_8,246,normal,8,10.65520000000042,0.23739999999961015,10.41780000000081
fixed_8,247,normal,8,6.62209999999952,0.19999999999953388,6.422099999999986
fixed_8,248,normal,8,6.712699999999572,0.24140000000016926,6.4712999999994025
fixed_8,249,normal,8,16.675699999998628,10.462499999999153,6.213199999999475
fixed_8,250,normal,8,7.517400000001118,0.128000000000128,7.38940000000099
fixed_8,251,normal,8,11.142700000000616,0.259700000000862,10.882999999999754
fixed_8,252,normal,8,7.245199999999841,0.23129999999937922,7.013900000000461
fixed_8,253,normal,8,9.740799999999439,0.3148999999993407,9.425900000000098
fixed_8,254,normal,8,8.216300000000842,1.3046000000009883,6.911699999999854
fixed_8,255,normal,8,6.931399999999144,0.26100000000006673,6.670399999999077
fixed_8,256,normal,8,9.89489999999904,1.5087999999998658,8.386099999999175
fixed_8,257,normal,8,17.846900000000332,10.652800000000795,7.194099999999537
fixed_8,258,normal,8,11.565300000000889,0.17590000000033967,11.389400000000549
fixed_8,259,normal,8,6.192000000000419,0.21300000000046282,5.978999999999957
fixed_8,260,normal,8,7.792600000000149,0.2251999999991483,7.567400000001001
fixed_8,261,normal,8,11.93179999999927,5.419299999999794,6.512499999999477
fixed_8,262,normal,8,9.407500000000013,3.1141000000012298,6.293399999998783
fixed_8,263,normal,8,5.742700000000767,0.21420000000027528,5.528500000000491
fixed_8,264,normal,8,8.078099999998756,0.20050000000004786,7.877599999998708
fixed_8,265,normal,8,22.017200000000514,12.859600000000526,9.157599999999988
fixed_8,266,normal,8,8.255199999998908,0.2031999999996259,8.051999999999282
fixed_8,267,normal,8,8.57139999999923,0.2241999999998967,8.347199999999333
fixed_8,268,normal,8,6.911499999999293,0.29170000000000584,6.619799999999287
fixed_8,269,normal,8,11.068099999999248,3.5308999999994484,7.5371999999998
fixed_8,270,normal,8,26.514599999998723,17.421799999999266,9.092799999999457
fixed_8,271,normal,8,6.145899999999926,0.3295999999988197,5.816300000001107
fixed_8,272,normal,8,10.24390000000075,0.17060000000057585,10.073300000000174
fixed_8,273,normal,8,25.057800000000796,15.002600000000754,10.055200000000042
fixed_8,274,normal,8,10.935400000001039,0.1954000000008449,10.740000000000194
fixed_8,275,normal,8,6.857200000000674,0.22880000000036205,6.628400000000312
fixed_8,276,normal,8,7.243100000000169,0.16620000000067137,7.0768999999994975
fixed_8,277,normal,8,6.57660000000071,0.29490000000009786,6.281700000000612
fixed_8,278,normal,8,10.29439999999937,0.3752999999999673,9.919099999999403
fixed_8,279,normal,8,11.860699999999724,0.31010000000009086,11.550599999999633
fixed_8,280,normal,8,16.529699999999536,0.44459999999979516,16.08509999999974
fixed_8,281,normal,8,7.689599999999075,0.22449999999984982,7.465099999999225
fixed_8,282,normal,8,5.612799999999751,0.2023999999991588,5.4104000000005925
fixed_8,283,normal,8,11.371599999998594,0.23509999999937747,11.136499999999216
fixed_8,284,normal,8,6.861300000000625,0.21049999999966928,6.650800000000956
fixed_8,285,normal,8,6.737199999999888,0.17659999999963816,6.56060000000025
fixed_8,286,normal,8,34.416400000001346,25.49899999999994,8.917400000001408
fixed_8,287,normal,8,6.248600000001048,0.17010000000006187,6.078500000000986
fixed_8,288,normal,8,11.574599999999435,0.16049999999978581,11.41409999999965
fixed_8,289,normal,8,10.044900000000467,0.3585000000008165,9.68639999999965
fixed_8,290,normal,8,9.67109999999849,0.3169999999990125,9.354099999999477
fixed_8,291,normal,8,22.966900000000123,0.14089999999988834,22.826000000000235
fixed_8,292,normal,8,6.7600999999992695,0.2088999999987351,6.551200000000534
fixed_8,293,normal,8,8.5185999999986,0.23689999999909617,8.281699999999503
fixed_8,294,normal,8,10.169599999999335,0.3260999999987746,9.84350000000056
fixed_8,295,normal,8,10.48720000000003,0.17219999999973368,10.315000000000296
fixed_8,296,normal,8,13.516600000000878,0.2961999999993026,13.220400000001575
fixed_8,297,normal,8,10.440900000000752,0.25450000000049045,10.186400000000262
fixed_8,298,normal,8,7.023499999998961,0.23219999999923857,6.791299999999723
fixed_8,299,normal,8,8.697599999999639,0.16929999999959477,8.528300000000044
fixed_8,300,contention_detect,8,12.382399999999905,0.9751999999991767,11.407200000000728
fixed_8,301,contention_detect,8,11.810299999996943,0.5648999999969817,11.245399999999961
fixed_8,302,contention_detect,8,12.869800000000708,0.6000999999997703,12.269700000000938
fixed_8,303,contention_detect,8,11.093200000001247,0.34410000000306695,10.74909999999818
fixed_8,304,contention_detect,8,15.297499999999076,0.6862999999981412,14.611200000000935
fixed_8,305,contention_detect,8,18.55989999999963,0.5023000000008437,18.057599999998786
fixed_8,306,contention_detect,8,43.121700000000374,0.39780000000178006,42.723899999998594
fixed_8,307,contention_detect,8,31.847499999997808,0.33669999999830225,31.510799999999506
fixed_8,308,contention_detect,8,24.99689999999788,1.7513999999998475,23.24549999999803
fixed_8,309,contention_detect,8,24.490799999998814,0.3983999999981336,24.09240000000068
fixed_8,310,contention_detect,8,38.55919999999813,0.6761999999973511,37.88300000000078
fixed_8,311,contention_detect,8,25.202399999997738,0.3162000000003218,24.886199999997416
fixed_8,312,contention_detect,8,25.422899999998805,0.4029999999985989,25.019900000000206
fixed_8,313,contention_detect,8,29.279900000002357,0.26380000000258974,29.016099999999767
fixed_8,314,contention_detect,8,29.04100000000298,0.4753000000015106,28.56570000000147
fixed_8,315,contention_detect,8,37.19199999999745,10.455699999997847,26.736299999999602
fixed_8,316,contention_detect,8,24.382100000000406,0.3275000000009243,24.054599999999482
fixed_8,317,contention_detect,8,18.055099999997992,0.2990999999994415,17.75599999999855
fixed_8,318,contention_detect,8,19.019499999998857,0.47589999999786414,18.543600000000993
fixed_8,319,contention_detect,8,20.806000000000324,0.4675000000027296,20.338499999997595
fixed_8,320,contention_detect,8,45.43499999999767,0.5573999999981538,44.87759999999952
fixed_8,321,contention_detect,8,46.10750000000152,0.3561000000011916,45.75140000000033
fixed_8,322,contention_detect,8,43.007700000000426,22.73230000000126,20.275399999999166
fixed_8,323,contention_detect,8,24.1862000000026,1.5194000000029462,22.666799999999654
fixed_8,324,contention_detect,8,25.493400000001998,0.7900000000020668,24.70339999999993
fixed_8,325,contention_detect,8,52.83980000000099,0.3433999999984394,52.49640000000255
fixed_8,326,contention_detect,8,22.353700000000032,0.5553999999996506,21.79830000000038
fixed_8,327,contention_detect,8,22.223400000001448,0.42220000000270375,21.801199999998744
fixed_8,328,contention_detect,8,28.005600000000186,0.30180000000257223,27.703799999997614
fixed_8,329,contention_detect,8,48.53310000000022,0.30409999999747583,48.22900000000274
fixed_8,330,contention_detect,8,26.06619999999893,0.4926999999987913,25.573500000000138
fixed_8,331,contention_detect,8,31.44039999999748,0.9882999999994979,30.452099999997984
fixed_8,332,contention_detect,8,13.162999999998704,0.5331999999995674,12.629799999999136
fixed_8,333,contention_detect,8,26.92479999999975,0.522199999998918,26.40260000000083
fixed_8,334,contention_detect,8,32.52200000000016,1.3503999999997518,31.17160000000041
fixed_8,335,contention_detect,8,50.26840000000021,0.48969999999926017,49.77870000000095
fixed_8,336,contention_detect,8,21.473000000000297,11.703799999999376,9.769200000000922
fixed_8,337,contention_detect,8,10.704300000000444,0.32679999999984943,10.377500000000595
fixed_8,338,contention_detect,8,86.80499999999824,0.44129999999853453,86.36369999999971
fixed_8,339,contention_detect,8,16.191199999997963,0.34859999999881097,15.842599999999152
fixed_8,340,contention_detect,8,27.06889999999973,0.3790000000023497,26.68989999999738
fixed_8,341,contention_detect,8,17.15550000000121,0.31389999999831275,16.8416000000029
fixed_8,342,contention_detect,8,18.04790000000267,0.3774000000014155,17.670500000001255
fixed_8,343,contention_detect,8,49.44800000000171,0.3491000000011013,49.09890000000061
fixed_8,344,contention_detect,8,21.782399999999313,0.35349999999922943,21.428900000000084
fixed_8,345,contention_detect,8,17.460099999997425,0.36969999999669767,17.090400000000727
fixed_8,346,contention_detect,8,20.48080000000141,0.3221000000017682,20.15869999999964
fixed_8,347,contention_detect,8,79.47870000000279,0.6326000000029808,78.84609999999981
fixed_8,348,contention_detect,8,18.950300000000198,0.7213000000021452,18.228999999998052
fixed_8,349,contention_detect,8,24.99339999999961,0.6383999999997059,24.354999999999905
fixed_8,350,contention_detect,8,25.463000000002012,0.46230000000235805,25.000699999999654
fixed_8,351,contention_detect,8,40.890999999998456,1.1583000000001675,39.73269999999829
fixed_8,352,contention_detect,8,17.630899999996785,0.5085999999998592,17.122299999996926
fixed_8,353,contention_detect,8,26.13330000000147,0.5150000000000432,25.618300000001426
fixed_8,354,contention_detect,8,17.87530000000004,0.5050000000004218,17.370299999999617
fixed_8,355,contention_detect,8,35.743999999997556,0.6459999999997024,35.09799999999785
fixed_8,356,contention_detect,8,42.3833000000009,13.588700000003229,28.794599999997672
fixed_8,357,contention_detect,8,34.18110000000141,0.3817000000019277,33.79939999999948
fixed_8,358,contention_detect,8,32.917399999998764,0.4652999999983365,32.45210000000043
fixed_8,359,contention_detect,8,34.82119999999966,3.826099999997723,30.99510000000194
fixed_8,360,contention_steady,8,61.78929999999738,0.6206999999989193,61.16859999999846
fixed_8,361,contention_steady,8,20.83560000000162,0.4445000000004029,20.391100000001217
fixed_8,362,contention_steady,8,18.150500000000847,0.6771000000007632,17.473400000000083
fixed_8,363,contention_steady,8,28.258499999999742,0.4689999999989425,27.7895000000008
fixed_8,364,contention_steady,8,56.860900000000214,0.45689999999964925,56.404000000000565
fixed_8,365,contention_steady,8,15.556000000000125,0.36940000000029727,15.186599999999828
fixed_8,366,contention_steady,8,27.69779999999855,0.7361000000010165,26.961699999997535
fixed_8,367,contention_steady,8,32.05159999999907,0.5340999999994267,31.517499999999643
fixed_8,368,contention_steady,8,21.550099999998906,0.4657999999970741,21.084300000001832
fixed_8,369,contention_steady,8,12.942199999997683,0.8833999999993125,12.05879999999837
fixed_8,370,contention_steady,8,16.784000000001242,2.7372999999997205,14.046700000001522
fixed_8,371,contention_steady,8,20.13520000000213,0.42660000000083187,19.708600000001297
fixed_8,372,contention_steady,8,29.956099999999708,2.991800000000211,26.964299999999497
fixed_8,373,contention_steady,8,60.98360000000014,0.9817999999981453,60.00180000000199
fixed_8,374,contention_steady,8,22.424899999997194,1.371599999998807,21.053299999998387
fixed_8,375,contention_steady,8,12.717299999998488,0.472899999998333,12.244400000000155
fixed_8,376,contention_steady,8,17.956799999996775,0.5545999999974072,17.402199999999368
fixed_8,377,contention_steady,8,61.11920000000026,0.4460000000001685,60.673200000000094
fixed_8,378,contention_steady,8,14.056599999999975,0.6708999999993637,13.385700000000611
fixed_8,379,contention_steady,8,18.679699999999855,0.42080000000055406,18.2588999999993
fixed_8,380,contention_steady,8,19.3089999999998,0.6900999999999158,18.618899999999883
fixed_8,381,contention_steady,8,28.71589999999813,0.5422999999993294,28.1735999999988
fixed_8,382,contention_steady,8,20.04230000000007,0.3488000000011482,19.69349999999892
fixed_8,383,contention_steady,8,15.781499999999227,0.39770000000061145,15.383799999998615
fixed_8,384,contention_steady,8,48.52119999999971,0.35579999999768575,48.16540000000202
fixed_8,385,contention_steady,8,14.282200000000245,0.5179999999995744,13.76420000000067
fixed_8,386,contention_steady,8,23.596699999998805,0.7249999999991985,22.871699999999606
fixed_8,387,contention_steady,8,28.48200000000034,0.36719999999945685,28.114800000000884
fixed_8,388,contention_steady,8,25.457599999999303,0.32110000000074024,25.136499999998563
fixed_8,389,contention_steady,8,18.8250000000032,0.31010000000009086,18.51490000000311
fixed_8,390,contention_steady,8,16.602900000002307,0.46239999999997394,16.140500000002334
fixed_8,391,contention_steady,8,21.831899999998683,0.5696999999997843,21.2621999999989
fixed_8,392,contention_steady,8,20.11269999999854,0.3986000000004708,19.71409999999807
fixed_8,393,contention_steady,8,63.48200000000048,0.3149000000028934,63.16709999999759
fixed_8,394,contention_steady,8,33.96509999999964,0.4294000000015785,33.53569999999806
fixed_8,395,contention_steady,8,16.955799999998078,1.2803999999988491,15.675399999999229
fixed_8,396,contention_steady,8,46.257899999996965,0.41829999999976053,45.839599999997205
fixed_8,397,contention_steady,8,22.615600000001734,0.6129000000001383,22.002700000001596
fixed_8,398,contention_steady,8,17.129900000000475,1.1691999999996483,15.960700000000827
fixed_8,399,contention_steady,8,16.28459999999876,2.1263999999980854,14.158200000000676
fixed_8,400,contention_steady,8,81.68090000000205,12.183000000000277,69.49790000000178
fixed_8,401,contention_steady,8,14.219300000000601,0.5641000000018437,13.655199999998757
fixed_8,402,contention_steady,8,42.04209999999975,0.8097000000013566,41.23239999999839
fixed_8,403,contention_steady,8,11.330600000000857,0.8101000000024783,10.520499999998378
fixed_8,404,contention_steady,8,13.440400000000352,0.3187999999987312,13.12160000000162
fixed_8,405,contention_steady,8,37.17359999999914,0.47979999999725464,36.693800000001886
fixed_8,406,contention_steady,8,24.23080000000155,4.779400000000322,19.45140000000123
fixed_8,407,contention_steady,8,22.72750000000201,0.2934000000003323,22.434100000001678
fixed_8,408,contention_steady,8,63.134500000000315,0.38479999999907477,62.74970000000124
fixed_8,409,contention_steady,8,26.67780000000164,0.4464000000012902,26.23140000000035
fixed_8,410,contention_steady,8,22.534500000002566,0.4385000000013406,22.096000000001226
fixed_8,411,contention_steady,8,33.734800000001286,1.0721000000017966,32.66269999999949
fixed_8,412,contention_steady,8,32.620800000000116,0.6737000000001103,31.947100000000006
fixed_8,413,contention_steady,8,17.10809999999796,0.6820999999987976,16.425999999999163
fixed_8,414,contention_steady,8,16.977100000001855,0.3148000000017248,16.66230000000013
fixed_8,415,contention_steady,8,29.220299999998645,0.2827999999972519,28.937500000001393
fixed_8,416,contention_steady,8,37.298700000000906,0.5874999999981867,36.71120000000272
fixed_8,417,contention_steady,8,18.046800000000474,0.38010000000099353,17.66669999999948
fixed_8,418,contention_steady,8,26.372899999998367,1.3599999999982515,25.012900000000116
fixed_8,419,contention_steady,8,20.516300000000598,0.5875999999993553,19.928700000001243
fixed_8,420,contention_steady,8,76.65580000000105,0.3779000000001531,76.2779000000009
fixed_8,421,contention_steady,8,21.01910000000018,0.3963000000020145,20.622799999998165
fixed_8,422,contention_steady,8,27.468300000002444,0.6760999999997352,26.79220000000271
fixed_8,423,contention_steady,8,21.74049999999994,0.25490000000161217,21.48559999999833
fixed_8,424,contention_steady,8,37.71260000000254,0.4401000000022748,37.272500000000264
fixed_8,425,contention_steady,8,35.668300000001096,0.38789999999977454,35.28040000000132
fixed_8,426,contention_steady,8,16.159200000000595,0.4389000000024623,15.720299999998133
fixed_8,427,contention_steady,8,15.40809999999837,1.8135000000008006,13.59459999999757
fixed_8,428,contention_steady,8,72.99840000000302,10.57169999999985,62.426700000003166
fixed_8,429,contention_steady,8,15.596999999999639,0.6960999999989781,14.90090000000066
fixed_8,430,contention_steady,8,42.31629999999953,0.45460000000119294,41.861699999998336
fixed_8,431,contention_steady,8,24.267799999996953,0.5163999999986402,23.751399999998313
fixed_8,432,contention_steady,8,48.89730000000014,0.3796999999998718,48.51760000000027
fixed_8,433,contention_steady,8,16.032199999997943,2.6778999999983455,13.354299999999597
fixed_8,434,contention_steady,8,19.781399999999394,0.6072000000010291,19.174199999998365
fixed_8,435,contention_steady,8,18.90069999999966,0.5182000000019116,18.382499999997748
fixed_8,436,contention_steady,8,15.689200000000625,0.3798999999986563,15.309300000001969
fixed_8,437,contention_steady,8,18.03199999999805,0.5017000000009375,17.530299999997112
fixed_8,438,contention_steady,8,37.6915000000011,0.572800000000484,37.118700000000615
fixed_8,439,contention_steady,8,28.264799999998758,10.687900000000639,17.57689999999812
fixed_8,440,contention_steady,8,50.09279999999805,0.46229999999880533,49.630499999999245
fixed_8,441,contention_steady,8,37.787899999997876,0.9266999999972825,36.86120000000059
fixed_8,442,contention_steady,8,12.516099999999142,0.5378000000000327,11.978299999999109
fixed_8,443,contention_steady,8,38.94040000000132,0.811900000002197,38.12849999999912
fixed_8,444,contention_steady,8,30.744399999999672,0.7561000000002593,29.988299999999413
fixed_8,445,contention_steady,8,27.506599999998826,0.4676999999979614,27.038900000000865
fixed_8,446,contention_steady,8,34.21759999999807,2.794200000000302,31.42339999999777
fixed_8,447,contention_steady,8,34.34640000000044,0.32489999999896213,34.02150000000148
fixed_8,448,contention_steady,8,16.044900000000695,0.4956000000007066,15.549299999999988
fixed_8,449,contention_steady,8,49.57500000000081,0.6932999999982314,48.88170000000258
fixed_8,450,contention_steady,8,14.357000000000397,1.0951999999981865,13.26180000000221
fixed_8,451,contention_steady,8,14.000100000000515,0.6462999999996555,13.35380000000086
fixed_8,452,contention_steady,8,22.01339999999874,0.6774000000007163,21.335999999998023
fixed_8,453,contention_steady,8,26.00129999999723,0.5545999999974072,25.446699999999822
fixed_8,454,contention_steady,8,40.99349999999902,9.098599999997958,31.89490000000106
fixed_8,455,contention_steady,8,49.77179999999848,2.00659999999786,47.76520000000062
fixed_8,456,contention_steady,8,17.720400000001746,0.44510000000030914,17.275300000001437
fixed_8,457,contention_steady,8,30.40929999999875,0.35549999999773263,30.05380000000102
fixed_8,458,contention_steady,8,18.945999999999685,0.8350999999997555,18.11089999999993
fixed_8,459,contention_steady,8,113.33720000000014,0.4327999999986787,112.90440000000146
fixed_8,460,contention_steady,8,12.22930000000133,0.6503000000002146,11.579000000001116
fixed_8,461,contention_steady,8,13.224199999999797,0.2990999999994415,12.925100000000356
fixed_8,462,contention_steady,8,22.93279999999953,0.5260000000006926,22.40679999999884
fixed_8,463,contention_steady,8,8.61380000000267,0.3475000000001671,8.266300000002502
fixed_8,464,contention_steady,8,64.28170000000222,0.3637000000011881,63.91800000000103
fixed_8,465,contention_steady,8,13.657200000000813,0.3085000000027094,13.348699999998104
fixed_8,466,contention_steady,8,16.91759999999931,0.5045999999993,16.41300000000001
fixed_8,467,contention_steady,8,17.27289999999826,0.6121999999990635,16.660699999999196
fixed_8,468,contention_steady,8,18.10779999999923,0.26809999999954925,17.83969999999968
fixed_8,469,contention_steady,8,50.13389999999873,0.3683999999992693,49.76549999999946
fixed_8,470,contention_steady,8,11.664100000000843,0.37689999999912516,11.287200000001718
fixed_8,471,contention_steady,8,32.815299999999326,0.43789999999788165,32.377400000001444
fixed_8,472,contention_steady,8,10.228200000000243,0.45649999999852753,9.771700000001715
fixed_8,473,contention_steady,8,79.63889999999907,0.34810000000007335,79.290799999999
fixed_8,474,contention_steady,8,20.003299999999058,0.8075000000005161,19.195799999998542
fixed_8,475,contention_steady,8,22.19880000000174,0.8529000000017106,21.34590000000003
fixed_8,476,contention_steady,8,15.864300000000497,0.9934999999998695,14.870800000000628
fixed_8,477,contention_steady,8,28.45660000000194,0.5531000000011943,27.903500000000747
fixed_8,478,contention_steady,8,10.112799999998145,0.2806999999975801,9.832100000000565
fixed_8,479,contention_steady,8,16.053700000000504,0.4673000000003924,15.586400000000111
fixed_8,480,contention_steady,8,42.14019999999863,0.25829999999871234,41.881899999999916
fixed_8,481,contention_steady,8,36.81479999999837,0.5695999999986157,36.245199999999755
fixed_8,482,contention_steady,8,22.4934999999995,0.4041000000007955,22.089399999998705
fixed_8,483,contention_steady,8,18.332599999997257,1.1388999999972782,17.19369999999998
fixed_8,484,contention_steady,8,16.36039999999994,0.9990000000001942,15.361399999999747
fixed_8,485,contention_steady,8,18.48229999999873,0.5887999999991678,17.893499999999563
fixed_8,486,contention_steady,8,71.58169999999942,0.4214999999980762,71.16020000000134
fixed_8,487,contention_steady,8,21.227799999998354,0.5375999999976955,20.690200000000658
fixed_8,488,contention_steady,8,21.423099999999806,0.8659000000008632,20.557199999998943
fixed_8,489,contention_steady,8,36.04569999999896,0.7254000000003202,35.32029999999864
fixed_8,490,contention_steady,8,22.80460000000062,0.6643000000003951,22.140300000000224
fixed_8,491,contention_steady,8,83.77139999999983,0.49459999999967863,83.27680000000015
fixed_8,492,contention_steady,8,18.145199999999306,0.5723999999993623,17.572799999999944
fixed_8,493,contention_steady,8,18.94489999999749,0.6749999999975387,18.26989999999995
fixed_8,494,contention_steady,8,19.441600000000392,0.7622000000004903,18.6793999999999
fixed_8,495,contention_steady,8,76.60200000000117,5.152299999998888,71.44970000000228
fixed_8,496,contention_steady,8,33.11220000000148,0.3700000000002035,32.742200000001276
fixed_8,497,contention_steady,8,23.317300000002206,4.331900000000388,18.985400000001817
fixed_8,498,contention_steady,8,25.389199999999335,0.668700000002076,24.72049999999726
fixed_8,499,contention_steady,8,20.30279999999962,0.5142999999989684,19.788500000000653
fixed_8,500,contention_steady,8,27.57920000000169,0.6960000000013622,26.88320000000033
fixed_8,501,contention_steady,8,19.58139999999986,0.44009999999872207,19.141300000001138
fixed_8,502,contention_steady,8,24.08720000000031,0.3969000000019207,23.690299999998388
fixed_8,503,contention_steady,8,36.14290000000153,0.4593000000028269,35.683599999998705
fixed_8,504,contention_steady,8,64.69349999999707,0.5256999999971868,64.16779999999989
fixed_8,505,contention_steady,8,21.812900000000468,0.42039999999943234,21.392500000001036
fixed_8,506,contention_steady,8,23.05020000000013,0.44910000000086825,22.601099999999263
fixed_8,507,contention_steady,8,19.385500000002054,0.4267000000020005,18.958800000000053
fixed_8,508,contention_steady,8,13.363400000002912,0.6313999999996156,12.732000000003296
fixed_8,509,contention_steady,8,68.6561999999995,0.6014999999983672,68.05470000000113
fixed_8,510,contention_steady,8,11.485900000000271,0.3722999999986598,11.113600000001611
fixed_8,511,contention_steady,8,26.259899999999448,0.8817999999983783,25.37810000000107
fixed_8,512,contention_steady,8,17.562699999999154,0.4534999999989964,17.109200000000158
fixed_8,513,contention_steady,8,30.121100000002343,1.070300000002078,29.050800000000265
fixed_8,514,contention_steady,8,22.633900000002427,0.862900000001332,21.771000000001095
fixed_8,515,contention_steady,8,29.16010000000213,0.316400000002659,28.843699999999473
fixed_8,516,contention_steady,8,15.138399999997887,0.40389999999845827,14.734499999999429
fixed_8,517,contention_steady,8,43.55860000000078,0.6135000000000446,42.945100000000735
fixed_8,518,contention_steady,8,14.59109999999697,2.066099999996851,12.52500000000012
fixed_8,519,contention_steady,8,30.281900000002082,6.429300000000637,23.852600000001445
fixed_8,520,contention_steady,8,26.454499999999825,4.984199999999106,21.47030000000072
fixed_8,521,contention_steady,8,77.13990000000237,0.33499999999975216,76.80490000000262
fixed_8,522,contention_steady,8,21.242799999999562,0.4993000000013126,20.74349999999825
fixed_8,523,contention_steady,8,93.9875999999984,81.66269999999898,12.324899999999417
fixed_8,524,contention_steady,8,16.41880000000029,0.7607999999983406,15.658000000001948
fixed_8,525,contention_steady,8,27.388399999999535,0.4485999999985779,26.939800000000957
fixed_8,526,contention_steady,8,29.699700000001883,0.4537000000013336,29.24600000000055
fixed_8,527,contention_steady,8,29.181299999997634,0.32939999999825886,28.851899999999375
fixed_8,528,contention_steady,8,42.285699999997206,0.4027999999998144,41.88289999999739
fixed_8,529,contention_steady,8,14.333500000002886,0.3317000000002679,14.001800000002618
fixed_8,530,contention_steady,8,15.243099999999288,0.3315000000014834,14.911599999997804
fixed_8,531,contention_steady,8,11.642000000001929,0.37120000000001596,11.270800000001913
fixed_8,532,contention_steady,8,17.375300000001204,0.418100000000976,16.957200000000228
fixed_8,533,contention_steady,8,31.891200000000453,0.36680000000188784,31.524399999998565
fixed_8,534,contention_steady,8,11.525699999999972,0.7445999999973196,10.781100000002652
fixed_8,535,contention_steady,8,17.507999999999413,0.34630000000035466,17.16169999999906
fixed_8,536,contention_steady,8,18.50819999999942,1.2389000000005979,17.26929999999882
fixed_8,537,contention_steady,8,77.55309999999938,0.4428000000018528,77.11029999999752
fixed_8,538,contention_steady,8,21.0355999999976,0.3412999999987676,20.694299999998833
fixed_8,539,contention_steady,8,14.661299999996658,0.9606999999967059,13.700599999999952
fixed_8,540,contention_steady,8,22.96529999999919,0.4024000000022454,22.562899999996944
fixed_8,541,contention_steady,8,100.37249999999887,0.5412999999983015,99.83120000000056
fixed_8,542,contention_steady,8,13.983100000000803,0.22210000000200125,13.760999999998802
fixed_8,543,contention_steady,8,13.469499999999357,0.27169999999898664,13.19780000000037
fixed_8,544,contention_steady,8,19.126599999999883,0.31539999999807833,18.811200000001804
fixed_8,545,contention_steady,8,18.994599999999195,3.269700000000597,15.724899999998598
fixed_8,546,contention_steady,8,14.449200000001383,0.4178000000010229,14.03140000000036
fixed_8,547,contention_steady,8,160.38430000000048,150.52840000000245,9.85589999999803
fixed_8,548,contention_steady,8,9.415900000000477,0.20479999999878373,9.211100000001693
fixed_8,549,contention_steady,8,9.38719999999904,0.5145999999989215,8.87260000000012
fixed_8,550,contention_steady,8,10.495300000002317,0.38390000000276814,10.111399999999549
fixed_8,551,contention_steady,8,18.696100000003213,3.8839000000017165,14.812200000001496
fixed_8,552,contention_steady,8,79.45920000000228,2.3222000000018284,77.13700000000046
fixed_8,553,contention_steady,8,25.04040000000174,0.3740000000007626,24.666400000000976
fixed_8,554,contention_steady,8,30.852400000000557,0.5313999999998487,30.32100000000071
fixed_8,555,contention_steady,8,16.46690000000106,2.814499999999498,13.652400000001563
fixed_8,556,contention_steady,8,74.62280000000021,0.4057000000017297,74.21709999999848
fixed_8,557,contention_steady,8,20.743800000001755,0.5783000000008087,20.165500000000947
fixed_8,558,contention_steady,8,23.5865000000004,5.603300000000644,17.983199999999755
fixed_8,559,contention_steady,8,16.16960000000134,0.5158999999999025,15.653700000001436
fixed_8,560,contention_steady,8,34.435300000001945,0.3875000000022055,34.04779999999974
fixed_8,561,contention_steady,8,16.772400000000687,0.3971000000007052,16.37529999999998
fixed_8,562,contention_steady,8,23.2853999999989,0.33690000000063947,22.948499999998262
fixed_8,563,contention_steady,8,19.468200000002156,0.5038000000006093,18.964400000001547
fixed_8,564,contention_steady,8,66.56779999999785,0.47789999999992006,66.08989999999793
fixed_8,565,contention_steady,8,30.149500000000273,0.4767000000001076,29.672800000000166
fixed_8,566,contention_steady,8,17.841699999998184,0.37709999999790966,17.464600000000274
fixed_8,567,contention_steady,8,19.26639999999935,6.470600000000104,12.795799999999247
fixed_8,568,contention_steady,8,46.95590000000038,0.49279999999995994,46.46310000000042
fixed_8,569,contention_steady,8,21.79620000000071,0.8917000000003839,20.904500000000326
fixed_8,570,contention_steady,8,26.572000000001594,0.6117000000003259,25.96030000000127
fixed_8,571,contention_steady,8,23.693200000000303,2.9668000000029338,20.72639999999737
fixed_8,572,contention_steady,8,82.22489999999993,0.636000000000081,81.58889999999985
fixed_8,573,contention_steady,8,14.50709999999944,0.7105999999978962,13.796500000001544
fixed_8,574,contention_steady,8,22.481399999996654,0.7976999999996792,21.683699999996975
fixed_8,575,contention_steady,8,28.995599999998234,0.3676000000005786,28.627999999997655
fixed_8,576,contention_steady,8,31.406300000000442,0.6023000000006107,30.80399999999983
fixed_8,577,contention_steady,8,35.7890999999988,0.3647999999998319,35.424299999998965
fixed_8,578,contention_steady,8,20.62729999999746,0.5176999999996212,20.10959999999784
fixed_8,579,contention_steady,8,18.42020000000133,0.442100000000778,17.978100000000552
fixed_8,580,contention_steady,8,47.590200000001914,0.5884000000015988,47.001800000000316
fixed_8,581,contention_steady,8,15.309699999999538,0.35340000000161353,14.956299999997924
fixed_8,582,contention_steady,8,27.31149999999971,0.46639999999698034,26.84510000000273
fixed_8,583,contention_steady,8,16.141799999999762,0.6267999999991503,15.515000000000612
fixed_8,584,contention_steady,8,65.80590000000086,10.168000000000177,55.637900000000684
fixed_8,585,contention_steady,8,24.336600000001596,0.5391000000010138,23.797500000000582
fixed_8,586,contention_steady,8,18.81450000000129,0.4561999999985744,18.358300000002714
fixed_8,587,contention_steady,8,16.696200000001937,0.4114000000008389,16.2848000000011
fixed_8,588,contention_steady,8,34.8132000000021,0.37830000000127484,34.43490000000082
fixed_8,589,contention_steady,8,21.869200000001143,0.33840000000040504,21.53080000000074
fixed_8,590,contention_steady,8,20.39320000000089,0.5520000000025505,19.841199999998338
fixed_8,591,contention_steady,8,25.059199999997617,0.2481000000003064,24.81109999999731
fixed_8,592,contention_steady,8,17.3766999999998,0.3953999999986024,16.981300000001198
fixed_8,593,contention_steady,8,56.016199999998406,0.4460000000001685,55.57019999999824
fixed_8,594,contention_steady,8,17.7082999999989,0.461000000001377,17.247299999997523
fixed_8,595,contention_steady,8,15.293300000003285,0.8625000000002103,14.430800000003075
fixed_8,596,contention_steady,8,20.130500000000495,0.42230000000031964,19.708200000000176
fixed_8,597,contention_steady,8,44.00580000000076,0.3717999999999222,43.63400000000084
fixed_8,598,contention_steady,8,34.76540000000128,0.7830000000019766,33.9823999999993
fixed_8,599,contention_steady,8,12.736100000001471,0.6541000000019892,12.081999999999482
fixed_8,600,contention_steady,8,17.74640000000005,2.131900000001963,15.614499999998088
fixed_8,601,contention_steady,8,71.00210000000118,0.5677000000012811,70.4343999999999
fixed_8,602,contention_steady,8,19.450499999997817,0.518100000000743,18.932399999997074
fixed_8,603,contention_steady,8,28.726100000000088,0.5278000000004113,28.198299999999676
fixed_8,604,contention_steady,8,25.593000000000643,0.39609999999967727,25.196900000000966
fixed_8,605,contention_steady,8,53.25549999999879,39.715399999998624,13.540100000000166
fixed_8,606,contention_steady,8,12.776599999998695,0.5020999999985065,12.274500000000188
fixed_8,607,contention_steady,8,21.036800000000966,0.4198000000030788,20.616999999997887
fixed_8,608,contention_steady,8,26.44350000000273,0.5432000000027415,25.900299999999987
fixed_8,609,contention_steady,8,52.16259999999906,5.438399999999177,46.72419999999988
fixed_8,610,contention_steady,8,35.49029999999931,5.371699999997759,30.11860000000155
fixed_8,611,contention_steady,8,20.261800000000108,0.5160000000010712,19.745799999999036
fixed_8,612,contention_steady,8,28.29420000000127,0.6267000000015344,27.667499999999734
fixed_8,613,contention_steady,8,18.75339999999781,0.6100999999993917,18.14329999999842
fixed_8,614,contention_steady,8,12.365700000000146,0.7519999999985316,11.613700000001614
fixed_8,615,contention_steady,8,23.516600000000665,0.28329999999954225,23.233300000001122
fixed_8,616,contention_steady,8,18.36240000000089,0.5273000000016737,17.835099999999215
fixed_8,617,contention_steady,8,43.8527999999998,0.38600000000243995,43.46679999999736
fixed_8,618,contention_steady,8,30.55750000000046,0.35010000000212926,30.20739999999833
fixed_8,619,contention_steady,8,24.189299999999747,0.5945999999994456,23.5947000000003
fixed_8,620,contention_steady,8,26.82139999999933,0.5348000000005015,26.286599999998828
fixed_8,621,contention_steady,8,36.3541000000005,1.225000000001586,35.129099999998914
fixed_8,622,contention_steady,8,9.653700000001209,0.44160000000204036,9.212099999999168
fixed_8,623,contention_steady,8,10.629900000001413,0.49470000000084724,10.135200000000566
fixed_8,624,contention_steady,8,29.241800000001206,9.946899999999204,19.294900000002002
fixed_8,625,contention_steady,8,67.95020000000207,0.41290000000060445,67.53730000000147
fixed_8,626,contention_steady,8,27.24810000000133,0.42829999999938195,26.819800000001948
fixed_8,627,contention_steady,8,23.53570000000005,0.6707999999981951,22.864900000001853
fixed_8,628,contention_steady,8,63.108599999999626,0.8270999999986373,62.28150000000099
fixed_8,629,contention_steady,8,15.038400000001673,0.4500999999983435,14.58830000000333
fixed_8,630,contention_steady,8,12.600700000000131,0.6926000000007093,11.908099999999422
fixed_8,631,contention_steady,8,21.498000000001127,0.327900000002046,21.17009999999908
fixed_8,632,contention_steady,8,22.30120000000113,0.3056000000007941,21.995600000000337
fixed_8,633,contention_steady,8,63.5754999999989,0.25079999999988445,63.32469999999901
fixed_8,634,contention_steady,8,22.43349999999822,0.36919999999796005,22.06430000000026
fixed_8,635,contention_steady,8,11.509700000001288,0.3506000000008669,11.159100000000421
fixed_8,636,contention_steady,8,18.824999999999648,0.3850999999990279,18.43990000000062
fixed_8,637,contention_steady,8,14.788599999999263,0.2898000000008949,14.498799999998369
fixed_8,638,contention_steady,8,14.52030000000093,0.2938999999990699,14.22640000000186
fixed_8,639,contention_steady,8,78.66750000000167,0.6635000000017044,78.00399999999996
fixed_8,640,contention_steady,8,17.05180000000084,0.5571999999993693,16.49460000000147
fixed_8,641,contention_steady,8,21.197900000000658,0.5378000000000327,20.660100000000625
fixed_8,642,contention_steady,8,29.573500000001474,0.5763999999999214,28.997100000001552
fixed_8,643,contention_steady,8,56.26850000000161,1.2858999999991738,54.982600000002435
fixed_8,644,contention_steady,8,17.54839999999902,0.3454000000004953,17.202999999998525
fixed_8,645,contention_steady,8,18.630599999998054,0.7121000000012145,17.91849999999684
fixed_8,646,contention_steady,8,35.62390000000093,5.203300000001576,30.420599999999354
fixed_8,647,contention_steady,8,9.200799999998566,0.3244000000002245,8.876399999998341
fixed_8,648,contention_steady,8,14.793499999999682,0.24189999999890688,14.551600000000775
fixed_8,649,contention_steady,8,63.80189999999786,0.7570999999977346,63.04480000000012
fixed_8,650,contention_steady,8,12.702200000003216,0.526800000002936,12.17540000000028
fixed_8,651,contention_steady,8,47.50049999999817,0.4278999999982602,47.07259999999991
fixed_8,652,contention_steady,8,12.423500000000587,0.31540000000163104,12.108099999998956
fixed_8,653,contention_steady,8,15.140399999999943,0.39549999999977103,14.744900000000172
fixed_8,654,contention_steady,8,30.18510000000063,2.4079000000014616,27.77719999999917
fixed_8,655,contention_steady,8,15.717500000000939,1.8722000000011008,13.845299999999838
fixed_8,656,contention_steady,8,47.98600000000164,0.32140000000069335,47.664600000000945
fixed_8,657,contention_steady,8,57.27279999999979,0.39049999999818397,56.88230000000161
fixed_8,658,contention_steady,8,26.885499999998785,0.7158999999994364,26.16959999999935
fixed_8,659,contention_steady,8,26.44289999999927,0.3111000000011188,26.13179999999815
fixed_8,660,contention_steady,8,13.600199999999063,0.3284999999983995,13.271700000000664
fixed_8,661,contention_steady,8,12.343400000002447,0.4963000000017814,11.847100000000665
fixed_8,662,contention_steady,8,23.241799999997426,0.20749999999836177,23.034299999999064
fixed_8,663,contention_steady,8,6.17369999999795,0.313099999999622,5.860599999998328
fixed_8,664,contention_steady,8,12.08079999999967,0.6485000000004959,11.432299999999174
fixed_8,665,contention_steady,8,11.219399999998103,0.3047000000009348,10.914699999997168
fixed_8,666,contention_steady,8,10.764899999998079,0.5076999999999998,10.257199999998079
fixed_8,667,contention_steady,8,13.452399999998477,0.34989999999979204,13.102499999998685
fixed_8,668,contention_steady,8,76.13789999999909,0.26259999999922456,75.87529999999987
fixed_8,669,contention_steady,8,14.125899999999803,0.516099999998687,13.609800000001115
fixed_8,670,contention_steady,8,21.053099999999603,0.2579999999987592,20.795100000000843
fixed_8,671,contention_steady,8,24.04419999999874,3.601700000000818,20.44249999999792
fixed_8,672,contention_steady,8,90.00310000000056,0.4978999999991629,89.5052000000014
fixed_8,673,contention_steady,8,16.951999999999856,0.4367999999992378,16.51520000000062
fixed_8,674,contention_steady,8,20.6212999999984,0.5853999999985149,20.035899999999884
fixed_8,675,contention_steady,8,16.653900000001443,0.36509999999978504,16.288800000001658
fixed_8,676,contention_steady,8,24.5116000000003,0.3285999999995681,24.18300000000073
fixed_8,677,contention_steady,8,60.2310000000017,29.119300000001402,31.111700000000297
fixed_8,678,contention_steady,8,21.636999999998352,0.5482999999983917,21.08869999999996
fixed_8,679,contention_steady,8,32.1466000000008,0.4920999999988851,31.654500000001917
fixed_8,680,contention_steady,8,42.035699999999565,0.48719999999846664,41.5485000000011
fixed_8,681,contention_steady,8,12.823600000000823,0.5133000000014931,12.31029999999933
fixed_8,682,contention_steady,8,23.878299999999797,4.646099999998654,19.232200000001143
fixed_8,683,contention_steady,8,29.40500000000057,0.3720999999998753,29.032900000000694
fixed_8,684,contention_steady,8,42.31270000000009,0.5129000000003714,41.79979999999972
fixed_8,685,contention_steady,8,22.322100000000233,0.29060000000313835,22.031499999997095
fixed_8,686,contention_steady,8,26.62220000000204,0.44760000000110267,26.174600000000936
fixed_8,687,contention_steady,8,28.881699999999455,9.664000000000783,19.217699999998672
fixed_8,688,contention_steady,8,89.89060000000038,0.4542000000000712,89.4364000000003
fixed_8,689,contention_steady,8,18.218900000000815,0.5509999999979698,17.667900000002845
fixed_8,690,contention_steady,8,37.471299999999985,0.5300000000012517,36.94129999999873
fixed_8,691,contention_steady,8,24.2912000000004,0.3105999999988285,23.980600000001573
fixed_8,692,contention_steady,8,98.18540000000198,0.28700000000014825,97.89840000000183
fixed_8,693,contention_steady,8,23.203800000000996,0.43199999999998795,22.771800000001008
fixed_8,694,contention_steady,8,31.35509999999897,3.77099999999686,27.58410000000211
fixed_8,695,contention_steady,8,14.640100000001155,0.6011000000007982,14.039000000000357
fixed_8,696,contention_steady,8,62.1893,0.5122000000028493,61.677099999997154
fixed_8,697,contention_steady,8,23.824499999999915,0.38649999999762485,23.43800000000229
fixed_8,698,contention_steady,8,23.669399999999285,0.38209999999949673,23.28729999999979
fixed_8,699,contention_steady,8,22.43920000000088,0.6169000000006974,21.822300000000183
fixed_8,700,contention_steady,8,80.18030000000209,0.5200000000016303,79.66030000000046
fixed_8,701,contention_steady,8,10.60409999999834,0.49089999999907263,10.113199999999267
fixed_8,702,contention_steady,8,24.320199999998238,0.3075999999992973,24.01259999999894
fixed_8,703,contention_steady,8,22.82860000000042,0.5099000000008402,22.31869999999958
fixed_8,704,contention_steady,8,65.92700000000207,0.453600000000165,65.4734000000019
fixed_8,705,contention_steady,8,37.11640000000216,1.8960000000021182,35.22040000000004
fixed_8,706,contention_steady,8,25.54230000000146,0.662600000001845,24.879699999999616
fixed_8,707,contention_steady,8,60.18129999999999,4.89029999999957,55.29100000000042
fixed_8,708,contention_steady,8,41.89509999999785,0.5966999999991174,41.298399999998736
fixed_8,709,contention_steady,8,11.055500000001217,0.43020000000026926,10.625300000000948
fixed_8,710,contention_steady,8,44.43049999999715,0.4334999999997535,43.9969999999974
fixed_8,711,contention_steady,8,28.570699999999505,0.7611999999994623,27.809500000000043
fixed_8,712,contention_steady,8,21.026200000001438,0.5033000000018717,20.522899999999566
fixed_8,713,contention_steady,8,34.35620000000128,0.41820000000214463,33.937999999999136
fixed_8,714,contention_steady,8,49.7862999999974,0.9750000000003922,48.811299999997004
fixed_8,715,contention_steady,8,20.98660000000052,0.44760000000110267,20.53899999999942
fixed_8,716,contention_steady,8,15.226099999999576,0.6959000000001936,14.530199999999382
fixed_8,717,contention_steady,8,21.49789999999996,0.3622000000014225,21.135699999998536
fixed_8,718,contention_steady,8,43.48680000000016,0.35989999999941347,43.126900000000745
fixed_8,719,contention_steady,8,34.98220000000174,0.8103000000012628,34.17190000000048
fixed_8,720,contention_steady,8,39.63930000000104,0.52119999999789,39.11810000000315
fixed_8,721,contention_steady,8,34.537400000001384,0.38809999999855904,34.149300000002825
fixed_8,722,contention_steady,8,59.55870000000019,0.5079999999999529,59.050700000000234
fixed_8,723,contention_steady,8,18.879000000001867,0.7797000000024923,18.099299999999374
fixed_8,724,contention_steady,8,31.70779999999951,0.780899999998752,30.926900000000757
fixed_8,725,contention_steady,8,32.50690000000134,4.719000000001472,27.787899999999865
fixed_8,726,contention_steady,8,9.318099999997997,0.6065999999975702,8.711500000000427
fixed_8,727,contention_steady,8,35.317799999997845,5.117500000000774,30.20029999999707
fixed_8,728,contention_steady,8,17.099299999998152,0.44969999999722177,16.64960000000093
fixed_8,729,contention_steady,8,24.020199999998937,0.7309000000006449,23.289299999998292
fixed_8,730,contention_steady,8,12.537200000000581,0.35570000000006985,12.181500000000511
fixed_8,731,contention_steady,8,53.02119999999988,0.6780999999982384,52.34310000000164
fixed_8,732,contention_steady,8,24.55370000000201,0.5967000000026701,23.95699999999934
fixed_8,733,contention_steady,8,21.435900000000174,1.0633999999996036,20.37250000000057
fixed_8,734,contention_steady,8,18.87710000000098,1.0724999999993656,17.804600000001614
fixed_8,735,contention_steady,8,53.58109999999883,0.3755000000005282,53.2055999999983
fixed_8,736,contention_steady,8,25.154399999998134,0.5363000000002671,24.618099999997867
fixed_8,737,contention_steady,8,22.4316999999985,0.45520000000109917,21.9764999999974
fixed_8,738,contention_steady,8,43.2335999999971,0.6634999999981517,42.570099999998945
fixed_8,739,contention_steady,8,41.35270000000091,0.4370999999991909,40.91560000000172
fixed_8,740,contention_steady,8,16.562099999998026,0.7759999999983336,15.786099999999692
fixed_8,741,contention_steady,8,14.1303999999991,0.42439999999999145,13.705999999999108
fixed_8,742,contention_steady,8,19.018599999998997,0.4176999999998543,18.600899999999143
fixed_8,743,contention_steady,8,74.48619999999906,0.4619000000012363,74.02429999999782
fixed_8,744,contention_steady,8,18.90380000000036,0.5392999999997983,18.36450000000056
fixed_8,745,contention_steady,8,19.182600000000605,0.5342999999982112,18.648300000002394
fixed_8,746,contention_steady,8,22.739800000000088,0.35379999999918255,22.386000000000905
fixed_8,747,contention_steady,8,52.244800000000424,0.4828000000003385,51.762000000000086
fixed_8,748,contention_steady,8,17.194599999999838,0.5954999999993049,16.599100000000533
fixed_8,749,contention_steady,8,22.338099999998917,0.7146000000020081,21.62349999999691
fixed_8,750,contention_steady,8,30.067500000001246,0.6389000000019962,29.42859999999925
fixed_8,751,contention_steady,8,13.318200000000502,0.6607000000009577,12.657499999999544
fixed_8,752,contention_steady,8,58.84230000000201,0.3530000000004918,58.48930000000152
fixed_8,753,contention_steady,8,16.332099999999627,1.0344999999993831,15.297600000000244
fixed_8,754,contention_steady,8,19.973499999998978,0.3759999999992658,19.597499999999712
fixed_8,755,contention_steady,8,19.6612000000016,0.9366000000028407,18.72459999999876
fixed_8,756,contention_steady,8,43.51699999999781,0.865699999998526,42.65129999999928
fixed_8,757,contention_steady,8,18.05699999999888,0.2751999999972554,17.781800000001624
fixed_8,758,contention_steady,8,34.836899999998394,1.2086999999993964,33.628199999999
fixed_8,759,contention_steady,8,35.12430000000322,0.3743000000007157,34.7500000000025
fixed_8,760,contention_steady,8,32.71339999999867,1.2210999999986427,31.49230000000003
fixed_8,761,contention_steady,8,21.562900000002827,0.4079000000025701,21.155000000000257
fixed_8,762,contention_steady,8,17.05739999999878,0.38809999999855904,16.66930000000022
fixed_8,763,contention_steady,8,59.80989999999764,0.2576999999988061,59.552199999998834
fixed_8,764,contention_steady,8,11.293099999999612,0.49070000000028813,10.802399999999324
fixed_8,765,contention_steady,8,18.679200000001117,1.2427999999999884,17.43640000000113
fixed_8,766,contention_steady,8,18.531599999999315,0.3773000000002469,18.15429999999907
fixed_8,767,contention_steady,8,17.45950000000107,5.237900000000906,12.221600000000166
fixed_8,768,contention_steady,8,35.18370000000104,0.5461999999987199,34.63750000000232
fixed_8,769,contention_steady,8,20.97170000000048,0.4519000000016149,20.519799999998867
fixed_8,770,contention_steady,8,14.410000000001588,0.6339000000004091,13.776100000001179
fixed_8,771,contention_steady,8,11.659699999999162,0.3393000000002644,11.320399999998898
fixed_8,772,contention_steady,8,83.58679999999907,0.3580999999996948,83.22869999999938
fixed_8,773,contention_steady,8,13.33580000000012,0.3874000000010369,12.948399999999083
fixed_8,774,contention_steady,8,22.66350000000017,0.49260000000117543,22.170899999998994
fixed_8,775,contention_steady,8,34.57260000000062,0.40389999999845827,34.16870000000216
fixed_8,776,contention_steady,8,15.604199999998514,2.4444999999992945,13.15969999999922
fixed_8,777,contention_steady,8,24.85290000000262,0.548500000000729,24.30440000000189
fixed_8,778,contention_steady,8,17.217900000002118,0.32480000000134623,16.89310000000077
fixed_8,779,contention_steady,8,30.267699999999564,0.3543000000014729,29.91339999999809
fixed_8,780,contention_steady,8,10.22530000000188,0.3604999999993197,9.86480000000256
fixed_8,781,contention_steady,8,50.07909999999782,0.4500999999983435,49.62899999999948
fixed_8,782,contention_steady,8,12.477100000001684,0.3855000000001496,12.091600000001534
fixed_8,783,contention_steady,8,13.368499999998562,0.27799999999800207,13.09050000000056
fixed_8,784,contention_steady,8,18.027499999998753,0.41519999999906076,17.612299999999692
fixed_8,785,contention_steady,8,37.55029999999948,0.6669999999999732,36.88329999999951
fixed_8,786,contention_steady,8,58.78629999999774,12.77109999999837,46.01519999999937
fixed_8,787,contention_steady,8,21.440099999999518,0.31229999999737856,21.12780000000214
fixed_8,788,contention_steady,8,31.792100000000545,0.6081999999985044,31.18390000000204
fixed_8,789,contention_steady,8,20.72459999999765,0.6014999999983672,20.123099999999283
fixed_8,790,contention_steady,8,78.5197999999987,0.9110000000021046,77.60879999999659
fixed_8,791,contention_steady,8,20.499399999998502,0.9331000000010192,19.566299999997483
fixed_8,792,contention_steady,8,33.202599999999194,0.49299999999874444,32.70960000000045
fixed_8,793,contention_steady,8,54.31260000000293,3.1057000000025425,51.20690000000039
fixed_8,794,contention_steady,8,22.910400000000664,0.3352999999997053,22.57510000000096
fixed_8,795,contention_steady,8,18.113199999998386,0.3247999999977935,17.788400000000593
fixed_8,796,contention_steady,8,18.587600000000037,0.47439999999809856,18.11320000000194
fixed_8,797,contention_steady,8,35.084100000002394,0.5775999999997339,34.50650000000266
fixed_8,798,contention_steady,8,24.26110000000037,0.5957000000016421,23.665399999998726
fixed_8,799,contention_steady,8,25.96409999999949,0.3661999999984289,25.59790000000106
fixed_8,800,contention_steady,8,47.57950000000122,0.6892000000000564,46.89030000000116
fixed_8,801,contention_steady,8,45.493099999998066,0.61139999999682,44.881700000001246
fixed_8,802,contention_steady,8,11.828300000001235,0.833899999999943,10.994400000001292
fixed_8,803,contention_steady,8,28.69049999999973,4.389299999999707,24.301200000000023
fixed_8,804,contention_steady,8,12.02909999999946,0.33309999999886486,11.696000000000595
fixed_8,805,contention_steady,8,70.92199999999949,0.3685000000004379,70.55349999999905
fixed_8,806,contention_steady,8,14.300099999999816,0.4846999999976731,13.815400000002143
fixed_8,807,contention_steady,8,17.542599999998743,0.7091999999992993,16.833399999999443
fixed_8,808,contention_steady,8,19.164599999999865,0.4556999999998368,18.70890000000003
fixed_8,809,contention_steady,8,14.144699999999233,0.832500000001346,13.312199999997887
fixed_8,810,contention_steady,8,29.789900000000813,0.26440000000249597,29.525499999998317
fixed_8,811,contention_steady,8,18.674600000000652,0.5923000000009893,18.082299999999663
fixed_8,812,contention_steady,8,17.485600000000545,0.2691000000005772,17.216499999999968
fixed_8,813,contention_steady,8,30.75540000000032,0.34240000000096416,30.412999999999357
fixed_8,814,contention_steady,8,17.25670000000079,0.7329000000027008,16.52379999999809
fixed_8,815,contention_steady,8,59.97199999999836,0.4041999999984114,59.56779999999995
fixed_8,816,contention_steady,8,12.31429999999989,0.3031000000000006,12.011199999999889
fixed_8,817,contention_steady,8,18.32650000000058,0.5060999999990656,17.820400000001513
fixed_8,818,contention_steady,8,22.563000000001665,0.37130000000118457,22.19170000000048
fixed_8,819,contention_steady,8,67.48479999999901,0.4691000000001111,67.0156999999989
fixed_8,820,contention_steady,8,13.287399999999394,0.2531000000018935,13.0342999999975
fixed_8,821,contention_steady,8,23.927400000001597,0.41450000000153864,23.51290000000006
fixed_8,822,contention_steady,8,25.47219999999939,5.791399999999669,19.68079999999972
fixed_8,823,contention_steady,8,85.32789999999935,0.6291999999987752,84.69870000000057
fixed_8,824,contention_steady,8,17.906099999997593,0.39409999999762135,17.511999999999972
fixed_8,825,contention_steady,8,30.948099999999812,1.633000000001772,29.31509999999804
fixed_8,826,contention_steady,8,15.598900000000526,0.6206999999989193,14.978200000001607
fixed_8,827,contention_steady,8,77.19200000000015,0.6377999999997996,76.55420000000035
fixed_8,828,contention_steady,8,9.362899999999286,0.4255999999998039,8.937299999999482
fixed_8,829,contention_steady,8,17.60360000000105,0.35229999999941697,17.251300000001635
fixed_8,830,contention_steady,8,21.469999999997214,0.6077999999973827,20.86219999999983
fixed_8,831,contention_steady,8,16.79680000000161,0.38810000000211176,16.4086999999995
fixed_8,832,contention_steady,8,61.04870000000062,2.610799999999358,58.437900000001264
fixed_8,833,contention_steady,8,31.03670000000136,0.44549999999787815,30.591200000003482
fixed_8,834,contention_steady,8,12.98280000000318,0.3734000000008564,12.609400000002324
fixed_8,835,contention_steady,8,31.069800000004477,0.2060999999997648,30.863700000004712
fixed_8,836,contention_steady,8,30.22539999999907,0.42659999999727916,29.79880000000179
fixed_8,837,contention_steady,8,86.7240000000038,0.45159999999810907,86.27240000000569
fixed_8,838,contention_steady,8,15.411800000002529,1.4729000000031078,13.938899999999421
fixed_8,839,contention_steady,8,31.342600000002108,3.241400000000283,28.101200000001825
fixed_8,840,contention_steady,8,20.988199999997903,3.834599999997579,17.153600000000324
fixed_8,841,contention_steady,8,32.60630000000475,0.9264000000044348,31.679900000000316
fixed_8,842,contention_steady,8,17.097900000003108,0.5754000000024462,16.52250000000066
fixed_8,843,contention_steady,8,11.060100000001682,0.32490000000251484,10.735199999999168
fixed_8,844,contention_steady,8,23.96370000000303,0.3445000000041887,23.61919999999884
fixed_8,845,contention_steady,8,35.18009999999805,0.3227999999992903,34.85729999999876
fixed_8,846,contention_steady,8,18.816199999996286,0.5717999999959034,18.244400000000383
fixed_8,847,contention_steady,8,16.67319999999961,0.42260000000027276,16.250599999999338
fixed_8,848,contention_steady,8,17.93610000000001,0.35199999999946385,17.584100000000547
fixed_8,849,contention_steady,8,12.187900000000695,0.40909999999882984,11.778800000001866
fixed_8,850,contention_steady,8,13.75210000000493,0.31580000000275277,13.436300000002177
fixed_8,851,contention_steady,8,15.152299999996899,0.21219999999999573,14.940099999996903
fixed_8,852,contention_steady,8,11.642000000001929,0.4537000000013336,11.188300000000595
fixed_8,853,contention_steady,8,27.994099999993693,0.5261999999959244,27.46789999999777
fixed_8,854,contention_steady,8,8.701600000001974,0.416199999996536,8.285400000005438
fixed_8,855,contention_steady,8,22.337900000003685,0.2915000000029977,22.046400000000688
fixed_8,856,contention_steady,8,19.54369999999983,0.4177999999939175,19.125900000005913
fixed_8,857,contention_steady,8,18.37829999999485,0.37679999999795655,18.001499999996895
fixed_8,858,contention_steady,8,22.89660000000282,0.6434000000012929,22.253200000001527
fixed_8,859,contention_steady,8,13.852299999996376,0.3762999999992189,13.475999999997157
fixed_8,860,contention_steady,8,60.51869999999582,47.29150000000004,13.227199999995776
fixed_8,861,contention_steady,8,9.473800000002086,0.44480000000390874,9.028999999998177
fixed_8,862,contention_steady,8,42.67810000000338,0.32149999999830925,42.35660000000507
fixed_8,863,contention_steady,8,15.615500000002669,0.54810000000316,15.067399999999509
fixed_8,864,contention_steady,8,16.035999999999717,0.40369999999967376,15.632300000000043
fixed_8,865,contention_steady,8,22.53470000000135,0.4460999999977844,22.088600000003566
fixed_8,866,contention_steady,8,80.92779999999777,1.7999000000017418,79.12789999999603
fixed_8,867,contention_steady,8,24.16220000000635,0.28700000000014825,23.875200000006203
fixed_8,868,contention_steady,8,14.293100000003278,0.8252000000013027,13.467900000001976
fixed_8,869,contention_steady,8,23.29880000000628,0.4444000000063397,22.85439999999994
fixed_8,870,contention_steady,8,85.36200000000349,0.3488000000047009,85.01319999999879
fixed_8,871,contention_steady,8,31.28939999999858,0.5473000000009165,30.742099999997663
fixed_8,872,contention_steady,8,24.123099999997066,0.46460000000081436,23.658499999996252
fixed_8,873,contention_steady,8,23.881699999996897,0.34600000000040154,23.535699999996496
fixed_8,874,contention_steady,8,81.18180000000308,0.38220000000421805,80.79959999999886
fixed_8,875,contention_steady,8,9.055599999996389,0.358699999999601,8.696899999996788
fixed_8,876,contention_steady,8,24.110100000001466,0.4709999999974457,23.63910000000402
fixed_8,877,contention_steady,8,25.979200000001867,0.38409999999799993,25.595100000003868
fixed_8,878,contention_steady,8,115.34109999999487,24.33059999999898,91.01049999999589
fixed_8,879,contention_steady,8,13.923699999999428,0.25499999999567535,13.668700000003753
fixed_8,880,contention_steady,8,29.18950000000109,0.44900000000325235,28.740499999997837
fixed_8,881,contention_steady,8,21.367600000004927,0.6396000000066238,20.727999999998303
fixed_8,882,contention_steady,8,64.81939999999753,0.37830000000127484,64.44109999999625
fixed_8,883,contention_steady,8,30.189500000005864,14.416300000000604,15.77320000000526
fixed_8,884,contention_steady,8,26.408700000004615,0.35710000000221953,26.051600000002395
fixed_8,885,contention_steady,8,9.709199999996088,0.22039999999634574,9.488799999999742
fixed_8,886,contention_steady,8,29.302999999998747,0.4315999999988662,28.87139999999988
fixed_8,887,contention_steady,8,51.28280000000274,0.3072000000017283,50.97560000000101
fixed_8,888,contention_steady,8,21.43010000000345,3.231900000002952,18.198200000000497
fixed_8,889,contention_steady,8,13.590899999996964,0.3123999999985472,13.278499999998417
fixed_8,890,contention_steady,8,17.20550000000287,0.3122000000033154,16.893299999999556
fixed_8,891,contention_steady,8,13.253300000002355,0.3779000000037058,12.875399999998649
fixed_8,892,contention_steady,8,14.2353999999969,0.2762000000018361,13.959199999995064
fixed_8,893,contention_steady,8,15.758400000002837,0.37259999999861293,15.385800000004224
fixed_8,894,contention_steady,8,13.00510000000088,0.3871999999986997,12.61790000000218
fixed_8,895,contention_steady,8,21.788600000000713,3.970299999998872,17.81830000000184
fixed_8,896,contention_steady,8,13.344699999997545,0.29649999999747934,13.048200000000065
fixed_8,897,contention_steady,8,22.876199999998903,0.30220000000014124,22.57399999999876
fixed_8,898,contention_steady,8,18.22440000000114,0.5075999999988312,17.71680000000231
fixed_8,899,contention_steady,8,46.12730000000198,0.46830000000142036,45.65900000000056
fixed_8,900,contention_steady,8,15.022199999997099,0.538699999999892,14.483499999997207
fixed_8,901,contention_steady,8,34.23089999999718,0.3108000000011657,33.92009999999601
fixed_8,902,contention_steady,8,17.35770000000514,0.686600000001647,16.67110000000349
fixed_8,903,contention_steady,8,14.70239999999734,1.124099999998407,13.578299999998933
fixed_8,904,contention_steady,8,54.03280000000166,0.3625000000013756,53.67030000000028
fixed_8,905,contention_steady,8,18.7979000000027,0.42799999999942884,18.36990000000327
fixed_8,906,contention_steady,8,23.759300000001815,0.7553999999956318,23.003900000006183
fixed_8,907,contention_steady,8,18.37510000000009,1.0072999999977128,17.367800000002376
fixed_8,908,contention_steady,8,14.418999999996629,0.5841999999987024,13.834799999997927
fixed_8,909,contention_steady,8,23.00329999999917,0.4708999999962771,22.532400000002895
fixed_8,910,contention_steady,8,16.275900000003674,0.4542000000000712,15.821700000003602
fixed_8,911,contention_steady,8,16.1451000000028,0.3954999999962183,15.74960000000658
fixed_8,912,contention_steady,8,99.70489999999899,0.5353999999968551,99.16950000000213
fixed_8,913,contention_steady,8,12.828800000001195,0.3395000000026016,12.489299999998593
fixed_8,914,contention_steady,8,18.155700000001218,0.9879999999995448,17.167700000001673
fixed_8,915,contention_steady,8,36.966700000000685,18.19189999999793,18.774800000002756
fixed_8,916,contention_steady,8,82.22899999999811,0.27159999999781803,81.95740000000029
fixed_8,917,contention_steady,8,7.9785000000001105,0.19180000000318387,7.786699999996927
fixed_8,918,contention_steady,8,157.67290000000145,145.93690000000237,11.73599999999908
fixed_8,919,contention_steady,8,11.6043000000019,0.34980000000217615,11.254499999999723
fixed_8,920,contention_steady,8,17.465500000000134,0.5093000000044867,16.956199999995647
fixed_8,921,contention_steady,8,31.265099999998824,0.4428000000018528,30.82229999999697
fixed_8,922,contention_steady,8,89.29150000000163,0.3722000000010439,88.91930000000059
fixed_8,923,contention_steady,8,16.619700000006787,0.40720000000504797,16.21250000000174
fixed_8,924,contention_steady,8,13.731100000001106,0.42020000000064783,13.310900000000458
fixed_8,925,contention_steady,8,23.237100000002897,0.30610000000308446,22.930999999999813
fixed_8,926,contention_steady,8,28.78549999999791,0.36899999999917554,28.416499999998734
fixed_8,927,contention_steady,8,13.063799999997627,0.5960999999956584,12.467700000001969
fixed_8,928,contention_steady,8,7.4253999999953635,0.31229999999737856,7.113099999997985
fixed_8,929,contention_steady,8,29.437600000001396,0.23310000000265063,29.204499999998745
fixed_8,930,contention_steady,8,30.892800000003717,0.5368000000061102,30.355999999997607
fixed_8,931,contention_steady,8,31.724000000004082,0.3300000000052705,31.39399999999881
fixed_8,932,contention_steady,8,37.71309999999772,28.666800000003434,9.04629999999429
fixed_8,933,contention_steady,8,14.36079999999862,1.4465000000001282,12.91429999999849
fixed_8,934,contention_steady,8,16.054900000000316,0.47829999999748907,15.576600000002827
fixed_8,935,contention_steady,8,36.88819999999993,0.5233999999987304,36.364800000001196
fixed_8,936,contention_steady,8,37.86729999999494,0.3966999999960308,37.47059999999891
fixed_8,937,contention_steady,8,52.7961000000019,0.2785000000002924,52.51760000000161
fixed_8,938,contention_steady,8,18.783200000001443,0.40350000000444197,18.379699999997
fixed_8,939,contention_steady,8,31.861999999996726,0.4291999999992413,31.432799999997485
fixed_8,940,contention_steady,8,33.183900000004485,1.155799999999374,32.02810000000511
fixed_8,941,contention_steady,8,13.094699999996351,0.46439999999847714,12.630299999997874
fixed_8,942,contention_steady,8,10.306999999997402,0.4373999999955913,9.86960000000181
fixed_8,943,contention_steady,8,12.554999999998984,1.2825000000020736,11.27249999999691
fixed_8,944,contention_steady,8,33.83970000000147,0.5622999999985723,33.2774000000029
fixed_8,945,contention_steady,8,33.732999999998015,0.3981999999993491,33.334799999998665
fixed_8,946,contention_steady,8,28.877099999995437,0.38969999999949323,28.487399999995944
fixed_8,947,contention_steady,8,26.32990000000035,0.28129999999748634,26.048600000002864
fixed_8,948,contention_steady,8,21.927300000001537,0.28670000000374785,21.64059999999779
fixed_8,949,contention_steady,8,44.22450000000566,0.4559999999997899,43.76850000000587
fixed_8,950,contention_steady,8,17.106499999997027,0.9093999999976177,16.19709999999941
fixed_8,951,contention_steady,8,23.04820000000518,0.47010000000113905,22.578100000004042
fixed_8,952,contention_steady,8,19.138699999999176,0.3641999999999257,18.77449999999925
fixed_8,953,contention_steady,8,19.36839999999762,0.7085999999958403,18.65980000000178
fixed_8,954,contention_steady,8,82.11649999999793,1.3763000000039938,80.74019999999393
fixed_8,955,contention_steady,8,12.343200000003662,1.0724999999993656,11.270700000004297
fixed_8,956,contention_steady,8,17.379299999994657,0.4049999999935494,16.974300000001108
fixed_8,957,contention_steady,8,13.230100000001244,0.2516999999997438,12.9784000000015
fixed_8,958,contention_steady,8,27.71659999999798,0.37640000000038754,27.340199999997594
fixed_8,959,contention_steady,8,68.23840000000558,0.8702000000013754,67.36820000000421
fixed_8,960,contention_steady,8,11.441700000005994,0.4040000000031796,11.037700000002815
fixed_8,961,contention_steady,8,14.247000000004562,0.23769999999956326,14.009300000004998
fixed_8,962,contention_steady,8,14.41690000000051,0.38430000000033715,14.032600000000173
fixed_8,963,contention_steady,8,14.83220000000074,0.4102999999986423,14.421900000002097
fixed_8,964,contention_steady,8,66.5717999999984,0.3808000000020684,66.19099999999634
fixed_8,965,contention_steady,8,10.424000000000433,0.40750000000144837,10.016499999998985
fixed_8,966,contention_steady,8,18.66019999999935,0.3414999999975521,18.318700000001797
fixed_8,967,contention_steady,8,24.23790000000281,0.27790000000038617,23.960000000002424
fixed_8,968,contention_steady,8,71.51480000000277,0.7240999999993392,70.79070000000343
fixed_8,969,contention_steady,8,12.820699999998908,0.43370000000209075,12.386999999996817
fixed_8,970,contention_steady,8,17.456699999996772,0.6841999999949167,16.772500000001855
fixed_8,971,contention_steady,8,17.860300000002383,0.41250000000303544,17.447799999999347
fixed_8,972,contention_steady,8,94.95430000000482,0.3888000000031866,94.56550000000163
fixed_8,973,contention_steady,8,17.806800000002454,0.37820000000010623,17.428600000002348
fixed_8,974,contention_steady,8,23.0694999999983,0.5558999999948355,22.513600000003464
fixed_8,975,contention_steady,8,10.42460000000034,0.4496000000031586,9.97499999999718
fixed_8,976,contention_steady,8,97.51159999999715,36.44309999999962,61.06849999999753
fixed_8,977,contention_steady,8,14.981800000001044,0.44520000000147775,14.536599999999567
fixed_8,978,contention_steady,8,19.2802000000043,0.6172000000006506,18.66300000000365
fixed_8,979,contention_steady,8,18.73379999999969,0.40680000000037353,18.326999999999316
fixed_8,980,contention_steady,8,23.559099999999944,0.39019999999823085,23.168900000001713
fixed_8,981,contention_steady,8,56.97640000000348,0.4482000000010089,56.52820000000247
fixed_8,982,contention_steady,8,16.334299999996915,0.2116000000000895,16.122699999996826
fixed_8,983,contention_steady,8,18.320600000002685,1.8865999999988503,16.434000000003834
fixed_8,984,contention_steady,8,28.92829999999691,0.5098000000032243,28.418499999993685
fixed_8,985,contention_steady,8,38.89290000000045,0.3591999999983386,38.53370000000211
fixed_8,986,contention_steady,8,22.815299999997762,0.36939999999674455,22.445900000001018
fixed_8,987,contention_steady,8,11.8427999999966,0.3129999999984534,11.529799999998147
fixed_8,988,contention_steady,8,10.559999999998126,0.25469999999927495,10.305299999998851
fixed_8,989,contention_steady,8,29.852800000000457,0.27000000000043656,29.58280000000002
fixed_8,990,contention_steady,8,17.514899999994782,0.29849999999953525,17.216399999995247
fixed_8,991,contention_steady,8,68.20849999999723,19.55470000000048,48.65379999999675
fixed_8,992,contention_steady,8,19.565499999998792,1.5351999999992927,18.0302999999995
fixed_8,993,contention_steady,8,26.590999999996257,8.050499999995964,18.540500000000293
fixed_8,994,contention_steady,8,20.32520000000204,0.796700000002204,19.528499999999838
fixed_8,995,contention_steady,8,48.16410000000104,0.32270000000522714,47.841399999995815
fixed_8,996,contention_steady,8,15.39730000000361,0.5020000000044433,14.895299999999168
fixed_8,997,contention_steady,8,13.99960000000533,0.5713000000042712,13.428300000001059
fixed_8,998,contention_steady,8,12.805300000003683,0.351299999998389,12.454000000005294
fixed_8,999,contention_steady,8,41.591099999997994,11.31290000000007,30.278199999997923
fixed_8,1000,contention_steady,8,20.72859999999821,6.12989999999769,14.59870000000052
fixed_8,1001,contention_steady,8,15.25630000000433,0.5477000000055909,14.70859999999874
fixed_8,1002,contention_steady,8,31.03259999999608,9.402199999996697,21.630399999999383
fixed_8,1003,contention_steady,8,77.60129999999776,1.4504999999971346,76.15080000000063
fixed_8,1004,contention_steady,8,8.169399999999882,0.5777000000009025,7.59169999999898
fixed_8,1005,contention_steady,8,13.820700000003683,0.35370000000511936,13.466999999998563
fixed_8,1006,contention_steady,8,13.690300000000377,0.5008000000046309,13.189499999995746
fixed_8,1007,contention_steady,8,36.556199999999706,0.32739999999620295,36.2288000000035
fixed_8,1008,contention_steady,8,36.22399999999715,0.3207999999972344,35.90319999999991
fixed_8,1009,contention_steady,8,26.59189999999967,0.43140000000363443,26.160499999996034
fixed_8,1010,contention_steady,8,40.356599999995524,3.293100000000493,37.06349999999503
fixed_8,1011,contention_steady,8,13.677199999996503,0.35009999999857655,13.327099999997927
fixed_8,1012,contention_steady,8,98.29460000000267,0.35180000000423206,97.94279999999844
fixed_8,1013,contention_steady,8,12.598699999998075,0.24349999999628835,12.355200000001787
fixed_8,1014,contention_steady,8,20.053900000000624,0.763500000005024,19.2903999999956
fixed_8,1015,contention_steady,8,16.58259999999956,0.42229999999676693,16.160300000002792
fixed_8,1016,contention_steady,8,9.197499999999081,0.32530000000008386,8.872199999998998
fixed_8,1017,contention_steady,8,11.11060000000208,0.572800000000484,10.537800000001596
fixed_8,1018,contention_steady,8,65.409300000006,0.2684000000030551,65.14090000000294
fixed_8,1019,contention_steady,8,12.718300000003069,0.28890000000103555,12.429400000002033
fixed_8,1020,contention_steady,8,14.739499999997463,0.6186999999968634,14.1208000000006
fixed_8,1021,contention_steady,8,11.214500000001237,0.2422000000024127,10.972299999998825
fixed_8,1022,contention_steady,8,23.831500000000005,2.3975000000007185,21.433999999999287
fixed_8,1023,contention_steady,8,15.931999999999391,0.327900000002046,15.604099999997345
fixed_8,1024,contention_steady,8,20.415499999998588,6.735800000001291,13.679699999997297
fixed_8,1025,contention_steady,8,14.362999999995907,0.2728999999987991,14.090099999997108
fixed_8,1026,contention_steady,8,25.234399999995105,0.3650999999962323,24.869299999998873
fixed_8,1027,contention_steady,8,13.922600000000784,0.3451999999981581,13.577400000002626
fixed_8,1028,contention_steady,8,69.04549999999432,0.3466000000003078,68.69889999999401
fixed_8,1029,contention_steady,8,23.776300000001527,0.5217000000001804,23.254600000001346
fixed_8,1030,contention_steady,8,16.2532000000013,0.8306000000004587,15.422600000000841
fixed_8,1031,contention_steady,8,46.087999999997464,0.3591999999983386,45.728799999999126
fixed_8,1032,contention_steady,8,99.08020000000306,0.8632999999989011,98.21690000000416
fixed_8,1033,contention_steady,8,14.649599999998486,1.5338999999983116,13.115700000000174
fixed_8,1034,contention_steady,8,26.235599999999692,0.44570000000021537,25.789899999999477
fixed_8,1035,contention_steady,8,22.271299999999883,0.8738000000008128,21.39749999999907
fixed_8,1036,contention_steady,8,54.90509999999915,0.3436000000007766,54.561499999998375
fixed_8,1037,contention_steady,8,7.431699999997932,0.3336999999987711,7.0979999999991605
fixed_8,1038,contention_steady,8,11.715299999998763,0.3609999999980573,11.354300000000705
fixed_8,1039,contention_steady,8,24.371300000005647,0.45260000000268974,23.918700000002957
fixed_8,1040,contention_steady,8,17.815099999999973,0.35739999999861993,17.457700000001353
fixed_8,1041,contention_steady,8,60.31229999999965,0.4370999999991909,59.87520000000046
fixed_8,1042,contention_steady,8,17.777299999998775,0.6374000000022306,17.139899999996544
fixed_8,1043,contention_steady,8,11.522699999993335,0.571499999999503,10.951199999993833
fixed_8,1044,contention_steady,8,22.617799999999022,0.3799999999998249,22.237799999999197
fixed_8,1045,contention_steady,8,16.21799999999496,0.34600000000040154,15.871999999994557
fixed_8,1046,contention_steady,8,52.55290000000201,0.2515999999985752,52.30130000000344
fixed_8,1047,contention_steady,8,17.978800000001627,0.28910000000337277,17.689699999998254
fixed_8,1048,contention_steady,8,6.622999999997603,0.38599999999888723,6.236999999998716
fixed_8,1049,contention_steady,8,15.614700000000425,0.3187000000011153,15.29599999999931
fixed_8,1050,contention_steady,8,10.963900000000137,0.3185999999999467,10.64530000000019
fixed_8,1051,contention_steady,8,15.647799999996437,0.2631999999991308,15.384599999997306
fixed_8,1052,contention_steady,8,59.723900000001606,0.6380000000021369,59.08589999999947
fixed_8,1053,contention_steady,8,10.859600000003411,0.27570000000309847,10.583900000000313
fixed_8,1054,contention_steady,8,13.23719999999895,0.35059999999731417,12.886600000001636
fixed_8,1055,contention_steady,8,49.531600000001674,17.52220000000193,32.009399999999744
fixed_8,1056,contention_steady,8,16.435600000001216,0.5786999999983777,15.856900000002838
fixed_8,1057,contention_steady,8,43.24900000000298,0.28510000000636637,42.96389999999661
fixed_8,1058,contention_steady,8,13.198399999993171,0.44690000000002783,12.751499999993143
fixed_8,1059,contention_steady,8,26.131700000000535,1.5338000000042484,24.597899999996287
fixed_8,1060,contention_steady,8,32.78319999999724,0.877199999997913,31.905999999999324
fixed_8,1061,contention_steady,8,55.98129999999912,0.6847999999948229,55.2965000000043
fixed_8,1062,contention_steady,8,14.486900000001413,0.2324000000015758,14.254499999999837
fixed_8,1063,contention_steady,8,28.437900000000127,0.45840000000652026,27.979499999993607
fixed_8,1064,contention_steady,8,30.180100000002597,0.3664000000043188,29.813699999998278
fixed_8,1065,contention_steady,8,96.42060000000185,82.94300000000021,13.477600000001644
fixed_8,1066,contention_steady,8,16.74080000000089,0.2940999999978544,16.446700000003034
fixed_8,1067,contention_steady,8,9.257800000000316,0.42649999999611055,8.831300000004205
fixed_8,1068,contention_steady,8,32.18309999999747,4.301800000000355,27.88129999999711
fixed_8,1069,contention_steady,8,75.57279999999622,0.4553999999998837,75.11739999999634
fixed_8,1070,contention_steady,8,16.387399999999275,0.2426999999940449,16.14470000000523
fixed_8,1071,contention_steady,8,19.759199999995758,0.2096999999992022,19.549499999996556
fixed_8,1072,contention_steady,8,28.4797999999995,0.6513000000012426,27.828499999998257
fixed_8,1073,contention_steady,8,14.796000000004028,0.6082000000020571,14.187800000001971
fixed_8,1074,contention_steady,8,18.41739999999703,0.5111999999982686,17.906199999998762
fixed_8,1075,contention_steady,8,18.687999999997373,0.5072999999953254,18.180700000002048
fixed_8,1076,contention_steady,8,12.457799999999963,0.4503999999982966,12.007400000001667
fixed_8,1077,contention_steady,8,11.576900000001444,0.7014999999981342,10.87540000000331
fixed_8,1078,contention_steady,8,22.102700000004916,0.2118000000024267,21.89090000000249
fixed_8,1079,contention_steady,8,60.430200000006096,0.23420000000129448,60.1960000000048
fixed_8,1080,contention_steady,8,12.599999999999056,0.23399999999895726,12.3660000000001
fixed_8,1081,contention_steady,8,16.320000000000334,0.7744000000045048,15.54559999999583
fixed_8,1082,contention_steady,8,8.427499999996257,0.27359999999987394,8.153899999996383
fixed_8,1083,contention_steady,8,18.451200000001222,0.2913000000006605,18.15990000000056
fixed_8,1084,contention_steady,8,19.051000000004592,0.4533000000037646,18.597700000000827
fixed_8,1085,contention_steady,8,23.01429999999982,2.592200000002265,20.422099999997556
fixed_8,1086,contention_steady,8,22.34500000000139,0.3588000000007696,21.986200000000622
fixed_8,1087,contention_steady,8,36.54930000000434,0.48530000000113205,36.064000000003205
fixed_8,1088,contention_steady,8,15.724900000002151,0.27760000000398577,15.447299999998165
fixed_8,1089,contention_steady,8,49.39209999999861,0.5507999999991853,48.84129999999942
fixed_8,1090,contention_steady,8,20.35670000000067,0.7299999999972329,19.62670000000344
fixed_8,1091,contention_steady,8,18.134200000005762,0.29080000000192285,17.84340000000384
fixed_8,1092,contention_steady,8,16.467200000001014,0.47010000000113905,15.997099999999875
fixed_8,1093,contention_steady,8,36.213300000000004,0.4922999999976696,35.721000000002334
fixed_8,1094,contention_steady,8,21.255799999998715,0.43209999999760385,20.82370000000111
fixed_8,1095,contention_steady,8,16.160300000002792,0.37280000000095015,15.787500000001842
fixed_8,1096,contention_steady,8,12.855699999995807,0.4159999999941988,12.439700000001608
fixed_8,1097,contention_steady,8,21.153900000001613,0.7287000000033572,20.425199999998256
fixed_8,1098,contention_steady,8,10.556199999996352,0.3182999999964409,10.237899999999911
fixed_8,1099,contention_steady,8,13.543899999994835,0.3013999999978978,13.242499999996937
fixed_8,1100,contention_steady,8,31.95840000000061,0.2937000000002854,31.664700000000323
fixed_8,1101,contention_steady,8,16.823399999999822,0.3276999999997088,16.495700000000113
fixed_8,1102,contention_steady,8,27.742799999998624,0.37499999999823785,27.367800000000386
fixed_8,1103,contention_steady,8,10.600400000001287,0.984500000001276,9.61590000000001
fixed_8,1104,contention_steady,8,24.15510000000154,0.4999000000012188,23.65520000000032
fixed_8,1105,contention_steady,8,16.861800000000926,0.5351000000004547,16.32670000000047
fixed_8,1106,contention_steady,8,16.0310999999993,2.742400000002476,13.288699999996822
fixed_8,1107,contention_steady,8,70.80390000000136,0.5013999999974317,70.30250000000393
fixed_8,1108,contention_steady,8,13.936700000002133,0.43420000000082837,13.502500000001305
fixed_8,1109,contention_steady,8,11.23450000000048,0.47359999999940783,10.760900000001072
fixed_8,1110,contention_steady,8,14.099399999999207,0.6036999999992076,13.4957
fixed_8,1111,contention_steady,8,77.05560000000133,0.2726000000023987,76.78299999999894
fixed_8,1112,contention_steady,8,11.23760000000118,0.3476999999989516,10.889900000002228
fixed_8,1113,contention_steady,8,17.793499999996243,0.5761999999975842,17.21729999999866
fixed_8,1114,contention_steady,8,8.027800000000695,0.4708999999962771,7.556900000004418
fixed_8,1115,contention_steady,8,24.000799999996048,0.472899999998333,23.527899999997715
fixed_8,1116,contention_steady,8,42.720400000000325,0.5039999999993938,42.21640000000093
fixed_8,1117,contention_steady,8,19.50769999999835,6.198099999998874,13.309599999999477
fixed_8,1118,contention_steady,8,17.26850000000013,0.2915999999970609,16.97690000000307
fixed_8,1119,contention_steady,8,23.34019999999981,0.9097000000011235,22.430499999998688
fixed_8,1120,contention_steady,8,45.294400000003066,0.6904000000034216,44.603999999999644
fixed_8,1121,contention_steady,8,15.66909999999666,0.610099999995839,15.059000000000822
fixed_8,1122,contention_steady,8,22.715900000001454,1.2091000000040708,21.506799999997384
fixed_8,1123,contention_steady,8,28.835700000001907,0.4374999999967599,28.398200000005147
fixed_8,1124,contention_steady,8,97.90999999999883,80.37530000000004,17.534699999998793
fixed_8,1125,contention_steady,8,11.361000000000843,0.43619999999577885,10.924800000005064
fixed_8,1126,contention_steady,8,12.49469999999775,0.5304999999964366,11.964200000001313
fixed_8,1127,contention_steady,8,14.748799999999562,0.3743999999983316,14.37440000000123
fixed_8,1128,contention_steady,8,10.770800000003078,0.32730000000213977,10.443500000000938
fixed_8,1129,contention_steady,8,74.24559999999758,0.3146999999970035,73.93090000000058
fixed_8,1130,contention_steady,8,15.886299999998243,0.5171999999973309,15.369100000000913
fixed_8,1131,contention_steady,8,16.88649999999825,1.0145999999977562,15.871900000000494
fixed_8,1132,contention_steady,8,22.196700000002068,0.7152000000019143,21.481500000000153
fixed_8,1133,contention_steady,8,42.28260000000006,27.64479999999736,14.637800000002699
fixed_8,1134,contention_steady,8,12.381799999999998,0.42689999999367956,11.954900000006319
fixed_8,1135,contention_steady,8,12.829299999999932,0.5373000000048478,12.291999999995085
fixed_8,1136,contention_steady,8,19.626799999997502,0.6911999999985596,18.935599999998942
fixed_8,1137,contention_steady,8,77.94759999999457,0.6320999999971377,77.31549999999743
fixed_8,1138,contention_steady,8,18.481800000003545,0.5984000000012202,17.883400000002325
fixed_8,1139,contention_steady,8,14.364100000001656,0.35780000000329437,14.006299999998362
fixed_8,1140,contention_steady,8,10.652100000001496,0.4982999999967319,10.153800000004765
fixed_8,1141,contention_steady,8,17.20459999999946,0.3300000000052705,16.87459999999419
fixed_8,1142,contention_steady,8,77.42509999999925,4.76640000000117,72.65869999999808
fixed_8,1143,contention_steady,8,18.62119999999834,0.37060000000366244,18.250599999994677
fixed_8,1144,contention_steady,8,16.468200000005595,0.32700000000573937,16.141199999999856
fixed_8,1145,contention_steady,8,29.58240000000245,0.3146000000029403,29.26779999999951
fixed_8,1146,contention_steady,8,25.36140000000131,1.1484000000052674,24.212999999996043
fixed_8,1147,contention_steady,8,14.43469999999536,0.30069999999682295,14.133999999998537
fixed_8,1148,contention_steady,8,22.142299999998727,3.8373000000007096,18.304999999998017
fixed_8,1149,contention_steady,8,82.30379999999826,66.83710000000076,15.466699999997502
fixed_8,1150,contention_steady,8,15.307099999994023,0.3320999999942842,14.974999999999739
fixed_8,1151,contention_steady,8,39.099499999998955,0.4576000000042768,38.64189999999468
fixed_8,1152,contention_steady,8,13.656799999999691,0.3793999999999187,13.277399999999773
fixed_8,1153,contention_steady,8,66.78519999999821,48.6173999999977,18.16780000000051
fixed_8,1154,contention_steady,8,32.01219999999694,0.37830000000127484,31.633899999995663
fixed_8,1155,contention_steady,8,13.982699999999681,0.37090000000006285,13.611799999999619
fixed_8,1156,contention_steady,8,19.237999999994315,0.3963999999996304,18.841599999994685
fixed_8,1157,contention_steady,8,77.8740999999954,0.5515000000002601,77.32259999999513
fixed_8,1158,contention_steady,8,12.936600000003295,1.1559000000005426,11.780700000002753
fixed_8,1159,contention_steady,8,22.121900000001915,6.133600000005401,15.988299999996514
fixed_8,1160,contention_steady,8,46.589199999999664,0.35369999999801394,46.23550000000165
fixed_8,1161,contention_steady,8,19.19409999999999,0.5475999999973169,18.646500000002675
fixed_8,1162,contention_steady,8,24.218699999998705,0.3460999999944647,23.87260000000424
fixed_8,1163,contention_steady,8,12.864700000001505,1.3269000000022402,11.537799999999265
fixed_8,1164,contention_steady,8,27.77470000000193,0.26809999999954925,27.50660000000238
fixed_8,1165,contention_steady,8,44.156199999996204,27.242399999998668,16.913799999997536
fixed_8,1166,contention_steady,8,38.582099999999286,5.085300000004622,33.496799999994664
fixed_8,1167,contention_steady,8,22.450999999996668,0.5091999999962127,21.941800000000455
fixed_8,1168,contention_steady,8,46.004400000001056,3.5556999999997174,42.44870000000134
fixed_8,1169,contention_steady,8,26.277400000005002,4.245300000000896,22.032100000004107
fixed_8,1170,contention_steady,8,12.034499999998616,0.4142000000015855,11.62029999999703
fixed_8,1171,contention_steady,8,27.40280000000439,0.6928000000030465,26.710000000001344
fixed_8,1172,contention_steady,8,51.42709999999795,0.3159000000039214,51.11119999999403
fixed_8,1173,contention_steady,8,28.781100000003335,0.6880000000037967,28.093099999999538
fixed_8,1174,contention_steady,8,19.297100000002843,0.31530000000401515,18.981799999998827
fixed_8,1175,contention_steady,8,24.276200000002746,0.3112999999999033,23.964900000002842
fixed_8,1176,contention_steady,8,44.31560000000445,0.39579999999972415,43.91980000000473
fixed_8,1177,contention_steady,8,25.096300000001293,0.26580000000109294,24.8305000000002
fixed_8,1178,contention_steady,8,12.218500000003019,0.5480000000019913,11.670500000001027
fixed_8,1179,contention_steady,8,19.675700000000518,0.2940999999978544,19.381600000002663
fixed_8,1180,contention_steady,8,11.37139999999448,0.3034999999940169,11.067900000000463
fixed_8,1181,contention_steady,8,14.658900000000585,0.43380000000325936,14.225099999997326
fixed_8,1182,contention_steady,8,81.32849999999792,36.05089999999933,45.277599999998586
fixed_8,1183,contention_steady,8,13.64900000000091,1.0979999999989332,12.551000000001977
fixed_8,1184,contention_steady,8,13.053399999996884,0.3186999999940099,12.734700000002874
fixed_8,1185,contention_steady,8,89.14719999999932,0.2172000000015828,88.92999999999773
fixed_8,1186,contention_steady,8,21.968200000003435,0.9338000000056468,21.034399999997788
fixed_8,1187,contention_steady,8,16.8531999999999,0.1832999999962226,16.66990000000368
fixed_8,1188,contention_steady,8,21.51010000000042,6.073000000000661,15.43709999999976
fixed_8,1189,contention_steady,8,21.765699999996002,0.2994999999970105,21.46619999999899
fixed_8,1190,contention_steady,8,13.704100000005326,0.5262000000030298,13.177900000002296
fixed_8,1191,contention_steady,8,52.463400000000604,36.99590000000086,15.467499999999745
fixed_8,1192,contention_steady,8,8.355399999999236,0.3473000000013826,8.008099999997853
fixed_8,1193,contention_steady,8,17.230400000002533,0.22260000000073887,17.007800000001794
fixed_8,1194,contention_steady,8,19.883000000000095,1.4619999999965216,18.421000000003573
fixed_8,1195,contention_steady,8,10.969000000002893,0.472500000000764,10.49650000000213
fixed_8,1196,contention_steady,8,71.49139999999932,0.21629999999817073,71.27510000000115
fixed_8,1197,contention_steady,8,12.043500000004315,0.38630000000239306,11.657200000001922
fixed_8,1198,contention_steady,8,25.414599999997733,0.6166000000007443,24.79799999999699
fixed_8,1199,contention_steady,8,12.14509999999791,0.5163000000010243,11.628799999996886
fixed_8,1200,contention_steady,8,68.97740000000141,1.4988000000002444,67.47860000000117
fixed_8,1201,contention_steady,8,14.661199999999042,0.4885000000030004,14.172699999996041
fixed_8,1202,contention_steady,8,19.88240000000019,4.0808999999981665,15.801500000002022
fixed_8,1203,contention_steady,8,11.595499999998538,0.31219999999620995,11.283300000002328
fixed_8,1204,contention_steady,8,40.942199999996376,0.31599999999798456,40.62619999999839
fixed_8,1205,contention_steady,8,23.41429999999889,0.2672000000032426,23.147099999995646
fixed_8,1206,contention_steady,8,20.282600000001594,0.350100000005682,19.932499999995912
fixed_8,1207,contention_steady,8,13.719299999998213,0.42059999999821684,13.298699999999997
fixed_8,1208,contention_steady,8,15.347099999999614,0.21309999999630236,15.134000000003311
fixed_8,1209,contention_steady,8,17.148400000003505,0.4345000000043342,16.71389999999917
fixed_8,1210,contention_steady,8,25.703599999999938,0.3849000000002434,25.318699999999694
fixed_8,1211,contention_steady,8,7.936899999997138,0.11150000000270666,7.825399999994431
fixed_8,1212,contention_steady,8,19.70839999999896,3.120899999998983,16.587499999999977
fixed_8,1213,contention_steady,8,22.42119999999659,0.36529999999856955,22.05589999999802
fixed_8,1214,contention_steady,8,79.51639999999571,0.6805999999954793,78.83580000000023
fixed_8,1215,contention_steady,8,13.5877000000022,0.6433000000001243,12.944400000002076
fixed_8,1216,contention_steady,8,16.807599999999923,0.5080999999975688,16.299500000002354
fixed_8,1217,contention_steady,8,20.43520000000143,0.8106000000012159,19.624600000000214
fixed_8,1218,contention_steady,8,11.188300000000595,0.41509999999789216,10.773200000002703
fixed_8,1219,contention_steady,8,40.990899999997055,0.47570000000263235,40.51519999999442
fixed_8,1220,contention_steady,8,12.957799999995245,0.343899999997177,12.613899999998068
fixed_8,1221,contention_steady,8,40.952900000000625,10.141400000001966,30.81149999999866
fixed_8,1222,contention_steady,8,43.37070000000409,0.7787999999990802,42.59190000000501
fixed_8,1223,contention_steady,8,73.83890000000548,0.3774999999990314,73.46140000000645
fixed_8,1224,contention_steady,8,8.366299999998716,0.45080000000297105,7.915499999995745
fixed_8,1225,contention_steady,8,9.008799999996597,0.2193999999988705,8.789399999997727
fixed_8,1226,contention_steady,8,8.12580000000196,0.2045999999964465,7.921200000005513
fixed_8,1227,contention_steady,8,9.247299999998404,0.263000000003899,8.984299999994505
fixed_8,1228,contention_steady,8,16.7391999999964,0.25089999999750034,16.4882999999989
fixed_8,1229,contention_steady,8,38.06679999999574,0.46030000000030213,37.606499999995435
fixed_8,1230,contention_steady,8,15.795800000006466,0.2765000000053419,15.519300000001124
fixed_8,1231,contention_steady,8,9.117299999999773,0.4385000000013406,8.678799999998432
fixed_8,1232,contention_steady,8,48.288900000002855,0.2539999999982001,48.034900000004654
fixed_8,1233,contention_steady,8,10.893400000000497,0.6527000000033922,10.240699999997105
fixed_8,1234,contention_steady,8,48.2426000000018,0.2956000000011727,47.94700000000063
fixed_8,1235,contention_steady,8,12.204899999993302,0.34639999999797055,11.858499999995331
fixed_8,1236,contention_steady,8,15.783100000000161,0.5224999999953184,15.260600000004843
fixed_8,1237,contention_steady,8,55.94609999999989,0.41850000000209775,55.52759999999779
fixed_8,1238,contention_steady,8,16.094000000002495,0.3798999999986563,15.714100000003839
fixed_8,1239,contention_steady,8,88.33109999999778,51.74829999999986,36.58279999999792
fixed_8,1240,contention_steady,8,12.059000000000708,0.362400000000207,11.696600000000501
fixed_8,1241,contention_steady,8,50.71829999999977,0.8468999999990956,49.871400000000676
fixed_8,1242,contention_steady,8,30.83130000000267,0.5675000000024966,30.263800000000174
fixed_8,1243,contention_steady,8,19.936399999998855,0.6375000000033992,19.298899999995456
fixed_8,1244,contention_steady,8,38.34750000000042,1.5110000000007062,36.83649999999972
fixed_8,1245,contention_steady,8,19.326999999996985,0.3951999999998179,18.931799999997168
fixed_8,1246,contention_steady,8,39.748099999997066,0.49139999999425754,39.25670000000281
fixed_8,1247,contention_steady,8,14.846800000000826,0.44929999999965275,14.397500000001173
fixed_8,1248,contention_steady,8,41.41380000000083,0.508299999999906,40.90550000000093
fixed_8,1249,contention_steady,8,17.585799999999097,4.358799999998553,13.227000000000544
fixed_8,1250,contention_steady,8,43.36959999999834,0.32179999999470965,43.04780000000363
fixed_8,1251,contention_steady,8,17.78340000000611,0.5037000000029934,17.279700000003118
fixed_8,1252,contention_steady,8,28.68050000000011,0.5523999999965667,28.128100000003542
fixed_8,1253,contention_steady,8,11.78159999999906,0.6243000000054622,11.157299999993597
fixed_8,1254,contention_steady,8,25.87230000000318,0.39019999999823085,25.482100000004948
fixed_8,1255,contention_steady,8,12.914600000001997,0.41480000000149175,12.499800000000505
fixed_8,1256,contention_steady,8,12.802999999998121,0.2610000000018431,12.541999999996278
fixed_8,1257,contention_steady,8,36.9329000000036,4.030200000002537,32.90270000000106
fixed_8,1258,contention_steady,8,14.428799999997466,0.30590000000074724,14.122899999996719
fixed_8,1259,contention_steady,8,32.22930000000446,0.39550000000332375,31.833800000001133
fixed_8,1260,contention_steady,8,20.192999999999017,0.3182000000023777,19.87479999999664
fixed_8,1261,contention_steady,8,11.612599999999418,0.3876999999974373,11.22490000000198
fixed_8,1262,contention_steady,8,14.534099999998773,0.8209000000007904,13.713199999997983
fixed_8,1263,contention_steady,8,54.371100000004446,0.47570000000263235,53.895400000001814
fixed_8,1264,contention_steady,8,11.896800000002372,0.42810000000059745,11.468700000001775
fixed_8,1265,contention_steady,8,16.746300000001213,2.968000000002746,13.778299999998467
fixed_8,1266,contention_steady,8,23.745400000002803,0.522700000004761,23.222699999998042
fixed_8,1267,contention_steady,8,12.241000000003055,0.20059999999944012,12.040400000003615
fixed_8,1268,contention_steady,8,101.34359999999987,0.30289999999411066,101.04070000000576
fixed_8,1269,contention_steady,8,11.224299999994969,0.40029999999546817,10.8239999999995
fixed_8,1270,contention_steady,8,20.706900000000417,0.3110999999975661,20.39580000000285
fixed_8,1271,contention_steady,8,39.46040000000295,1.2856000000027734,38.174800000000175
fixed_8,1272,contention_steady,8,8.34000000000401,0.48199999999809506,7.858000000005916
fixed_8,1273,contention_steady,8,17.75169999999804,0.561699999998666,17.189999999999372
fixed_8,1274,contention_steady,8,13.3534999999938,0.7960999999951923,12.557399999998609
fixed_8,1275,contention_steady,8,35.68990000000127,0.22249999999957026,35.4674000000017
fixed_8,1276,contention_steady,8,21.29250000000127,0.42820000000176606,20.864299999999503
fixed_8,1277,contention_steady,8,35.475399999995716,0.412099999998361,35.063299999997355
fixed_8,1278,contention_steady,8,22.405899999995427,0.5626999999961413,21.843199999999285
fixed_8,1279,contention_steady,8,29.604499999997813,0.44929999999965275,29.15519999999816
fixed_8,1280,contention_steady,8,20.705599999999436,0.5406000000007793,20.164999999998656
fixed_8,1281,contention_steady,8,11.634999999998286,0.4749000000003889,11.160099999997897
fixed_8,1282,contention_steady,8,36.45920000000302,0.6022000000029948,35.85700000000003
fixed_8,1283,contention_steady,8,13.635899999997037,0.34489999999465226,13.291000000002384
fixed_8,1284,contention_steady,8,26.709500000002606,0.48019999999837637,26.22930000000423
fixed_8,1285,contention_steady,8,10.257699999996817,0.8205999999972846,9.437099999999532
fixed_8,1286,contention_steady,8,28.654899999999373,0.44009999999872207,28.21480000000065
fixed_8,1287,contention_steady,8,43.0256,0.45709999999843376,42.56850000000156
fixed_8,1288,contention_steady,8,13.606400000000463,0.49880000000257496,13.107599999997888
fixed_8,1289,contention_steady,8,30.380299999997362,0.8206999999984532,29.55959999999891
fixed_8,1290,contention_steady,8,30.066499999996665,0.36899999999917554,29.69749999999749
fixed_8,1291,contention_steady,8,21.363999999998384,0.8034000000023411,20.560599999996043
fixed_8,1292,contention_steady,8,32.311999999997454,0.6519000000011488,31.660099999996305
fixed_8,1293,contention_steady,8,17.5036999999989,0.966399999995815,16.537300000003086
fixed_8,1294,contention_steady,8,26.941800000003013,0.3743999999983316,26.56740000000468
fixed_8,1295,contention_steady,8,14.182900000001553,0.7492000000013377,13.433700000000215
fixed_8,1296,contention_steady,8,29.485400000005768,0.594100000000708,28.89130000000506
fixed_8,1297,contention_steady,8,14.43400000000139,0.48740000000435657,13.946599999997034
fixed_8,1298,contention_steady,8,27.969800000001044,0.4230999999990104,27.546700000002033
fixed_8,1299,contention_steady,8,19.53659999999502,0.24219999999530728,19.294399999999712
fixed_8,1300,contention_steady,8,9.984800000005123,0.2763000000030047,9.708500000002118
fixed_8,1301,contention_steady,8,64.46470000000204,0.3321000000013896,64.13260000000065
fixed_8,1302,contention_steady,8,21.04420000000573,0.7747000000009052,20.269500000004825
fixed_8,1303,contention_steady,8,13.510199999998918,0.35009999999857655,13.160100000000341
fixed_8,1304,contention_steady,8,14.406700000002104,0.41139999999728616,13.995300000004818
fixed_8,1305,contention_steady,8,51.66219999999555,0.4388999999989096,51.22329999999664
fixed_8,1306,contention_steady,8,9.685000000004607,0.24910000000488708,9.43589999999972
fixed_8,1307,contention_steady,8,8.834200000002568,0.39740000000421105,8.436799999998357
fixed_8,1308,contention_steady,8,62.63420000000508,0.7334000000014385,61.90080000000364
fixed_8,1309,contention_steady,8,16.29880000000128,0.3663999999972134,15.932400000004066
fixed_8,1310,contention_steady,8,6.35069999999871,0.34499999999582087,6.005700000002889
fixed_8,1311,contention_steady,8,14.952799999996103,0.9117999999972426,14.04099999999886
fixed_8,1312,contention_steady,8,67.89049999999719,0.36899999999917554,67.52149999999801
fixed_8,1313,contention_steady,8,10.292300000003252,0.22570000000143864,10.066600000001813
fixed_8,1314,contention_steady,8,8.941599999999994,0.44690000000002783,8.494699999999966
fixed_8,1315,contention_steady,8,27.28860000000566,0.7919000000029541,26.496700000002704
fixed_8,1316,contention_steady,8,9.559699999996951,0.5346999999957802,9.025000000001171
fixed_8,1317,contention_steady,8,12.85310000000095,0.2558999999990874,12.597200000001862
fixed_8,1318,contention_steady,8,43.19399999999973,0.3284000000007836,42.86559999999895
fixed_8,1319,contention_steady,8,12.154300000005946,0.6715000000028226,11.482800000003124
fixed_8,1320,contention_steady,8,8.858400000001154,0.3967000000031362,8.461699999998018
fixed_8,1321,contention_steady,8,48.40640000000462,0.4156999999977984,47.990700000006825
fixed_8,1322,contention_steady,8,42.91560000000061,31.494600000002038,11.420999999998571
fixed_8,1323,contention_steady,8,11.162399999996353,0.6077999999973827,10.55459999999897
fixed_8,1324,contention_steady,8,8.750200000001485,0.3474000000025512,8.402799999998933
fixed_8,1325,contention_steady,8,23.04759999999817,0.45929999999572146,22.588300000002448
fixed_8,1326,contention_steady,8,14.817100000001915,0.3436000000007766,14.473500000001138
fixed_8,1327,contention_steady,8,50.87849999999605,0.2806999999975801,50.59779999999847
fixed_8,1328,contention_steady,8,13.04139999999876,0.41459999999915453,12.626799999999605
fixed_8,1329,contention_steady,8,11.689799999999195,0.2630999999979622,11.426700000001233
fixed_8,1330,contention_steady,8,12.223099999999931,0.5002999999987878,11.722800000001143
fixed_8,1331,contention_steady,8,11.65280000000024,0.32189999999587826,11.330900000004362
fixed_8,1332,contention_steady,8,56.1505000000011,0.47900000000566934,55.67149999999543
fixed_8,1333,contention_steady,8,9.03260000000472,0.4271000000031222,8.605500000001598
fixed_8,1334,contention_steady,8,11.076099999996813,0.400599999998974,10.67549999999784
fixed_8,1335,contention_steady,8,75.25709999999464,0.5439999999978795,74.71309999999676
fixed_8,1336,contention_steady,8,10.77579999999756,0.28890000000103555,10.486899999996524
fixed_8,1337,contention_steady,8,9.743899999996586,1.010699999994813,8.733200000001773
fixed_8,1338,contention_steady,8,11.791000000002327,0.4482000000010089,11.342800000001318
fixed_8,1339,contention_steady,8,8.755099999994798,0.31229999999737856,8.442799999997419
fixed_8,1340,contention_steady,8,9.657499999995878,0.48379999999781376,9.173699999998064
fixed_8,1341,contention_steady,8,8.27780000000189,0.15929999999997335,8.118500000001916
fixed_8,1342,contention_steady,8,7.240200000005359,0.3718000000034749,6.868400000001884
fixed_8,1343,contention_steady,8,70.80330000000146,60.58099999999911,10.222300000002349
fixed_8,1344,contention_steady,8,10.602999999996143,0.27959999999893625,10.323399999997207
fixed_8,1345,contention_steady,8,50.529799999999625,0.4449999999991405,50.084800000000484
fixed_8,1346,contention_steady,8,20.054699999995762,7.642899999993347,12.411800000002415
fixed_8,1347,contention_steady,8,9.706600000001231,0.9897999999992635,8.716800000001967
fixed_8,1348,contention_steady,8,45.61640000000011,0.7116000000024769,44.904799999997635
fixed_8,1349,contention_steady,8,10.396200000002409,0.3910000000004743,10.005200000001935
fixed_8,1350,contention_steady,8,58.563100000000645,0.35799999999852616,58.20510000000212
fixed_8,1351,contention_steady,8,15.225900000004344,3.7755000000032624,11.450400000001082
fixed_8,1352,contention_steady,8,84.46399999999699,0.6454000000033489,83.81859999999364
fixed_8,1353,contention_steady,8,18.218999999994878,1.5827999999942222,16.636200000000656
fixed_8,1354,contention_steady,8,18.887900000002844,1.1227999999974259,17.76510000000542
fixed_8,1355,contention_steady,8,61.874599999995894,0.2666999999973996,61.607899999998494
fixed_8,1356,contention_steady,8,8.70230000000305,0.43540000000064083,8.266900000002408
fixed_8,1357,contention_steady,8,67.49059999999929,0.4041000000043482,67.08649999999494
fixed_8,1358,contention_steady,8,7.293599999997014,0.3761999999980503,6.917399999998963
fixed_8,1359,contention_steady,8,8.62419999999986,0.5902000000048702,8.03399999999499
fixed_8,1360,contention_steady,8,9.006499999998141,0.23849999999470128,8.76800000000344
fixed_8,1361,contention_steady,8,48.56250000000273,0.30590000000074724,48.25660000000198
fixed_8,1362,contention_steady,8,9.605399999998099,0.39799999999701186,9.207400000001087
fixed_8,1363,contention_steady,8,11.998200000000736,1.2022999999956596,10.795900000005076
fixed_8,1364,contention_steady,8,26.806700000001626,0.32569999999765287,26.481000000003974
fixed_8,1365,contention_steady,8,10.091899999999043,0.30619999999714764,9.785700000001896
fixed_8,1366,contention_steady,8,9.460099999998306,0.3190999999986843,9.140999999999622
fixed_8,1367,contention_steady,8,47.170200000003604,2.8883000000021752,44.28190000000143
fixed_8,1368,contention_steady,8,11.493600000001436,0.5698000000009529,10.923800000000483
fixed_8,1369,contention_steady,8,15.487800000002494,0.33309999999886486,15.15470000000363
fixed_8,1370,contention_steady,8,28.0674999999988,18.39389999999952,9.673599999999283
fixed_8,1371,contention_steady,8,13.92320000000069,0.20059999999944012,13.72260000000125
fixed_8,1372,contention_steady,8,37.802100000000394,0.6308999999973253,37.17120000000307
fixed_8,1373,contention_steady,8,10.81620000000072,0.29269999999570473,10.523500000005015
fixed_8,1374,contention_steady,8,8.786499999999364,0.7353999999963889,8.051100000002975
fixed_8,1375,contention_steady,8,34.75239999999502,0.496299999994676,34.256100000000345
fixed_8,1376,contention_steady,8,17.51780000000025,0.5193000000005554,16.998499999999694
fixed_8,1377,contention_steady,8,57.223499999999206,1.3125999999985538,55.91090000000065
fixed_8,1378,contention_steady,8,12.911800000004803,0.4819000000040319,12.42990000000077
fixed_8,1379,contention_steady,8,37.35430000000406,0.5409000000042852,36.813399999999774
fixed_8,1380,contention_steady,8,13.143300000002966,0.34390000000428245,12.799399999998684
fixed_8,1381,contention_steady,8,13.825799999999333,0.5589999999955353,13.266800000003798
fixed_8,1382,contention_steady,8,56.31110000000206,0.3831000000005247,55.92800000000153
fixed_8,1383,contention_steady,8,32.56149999999991,22.736500000000603,9.824999999999307
fixed_8,1384,contention_steady,8,12.261399999999867,0.32149999999830925,11.939900000001558
fixed_8,1385,contention_steady,8,27.784000000004028,0.495499999999538,27.28850000000449
fixed_8,1386,contention_steady,8,10.543599999998321,1.2648000000012871,9.278799999997034
fixed_8,1387,contention_steady,8,22.14659999999924,1.7582999999987692,20.38830000000047
fixed_8,1388,contention_steady,8,28.212400000001026,0.32099999999957163,27.891400000001454
fixed_8,1389,contention_steady,8,25.895099999999616,0.28739999999771726,25.6077000000019
fixed_8,1390,contention_steady,8,59.83949999999538,0.7184999999978459,59.12099999999754
fixed_8,1391,contention_steady,8,10.743500000003792,0.8432999999996582,9.900200000004133
fixed_8,1392,contention_steady,8,52.97209999999808,0.525100000004386,52.44699999999369
fixed_8,1393,contention_steady,8,14.713800000002664,0.31580000000275277,14.39799999999991
fixed_8,1394,contention_steady,8,14.161600000001329,0.6163999999984071,13.545200000002922
fixed_8,1395,contention_steady,8,41.01879999999625,25.62819999999988,15.390599999996368
fixed_8,1396,contention_steady,8,23.67710000000045,0.4732000000018388,23.20389999999861
fixed_8,1397,contention_steady,8,115.09870000000433,11.821100000005913,103.27759999999842
fixed_8,1398,contention_steady,8,32.63510000000025,0.6593000000023608,31.97579999999789
fixed_8,1399,contention_steady,8,96.61600000000448,0.5902999999989333,96.02570000000554
fixed_8,1400,contention_steady,8,14.990499999996132,0.4497999999983904,14.540699999997742
fixed_8,1401,contention_steady,8,16.930800000004353,0.31200000000097816,16.618800000003375
fixed_8,1402,contention_steady,8,10.666899999996815,0.37259999999861293,10.294299999998202
fixed_8,1403,contention_steady,8,11.854599999999493,0.5968999999979019,11.257700000001591
fixed_8,1404,contention_steady,8,33.40000000000032,0.48379999999781376,32.916200000002505
fixed_8,1405,contention_steady,8,16.113500000003,0.22450000000162618,15.889000000001374
fixed_8,1406,contention_steady,8,25.41519999999764,0.3773999999978628,25.037799999999777
fixed_8,1407,contention_steady,8,8.580500000000768,0.4658000000006268,8.114700000000141
fixed_8,1408,contention_steady,8,14.45139999999867,0.35909999999717,14.0923000000015
fixed_8,1409,contention_steady,8,80.4510000000036,0.4424000000042838,80.00859999999932
fixed_8,1410,contention_steady,8,18.745500000001414,0.2881999999999607,18.457300000001453
fixed_8,1411,contention_steady,8,23.67279999999994,0.4463000000001216,23.226499999999817
fixed_8,1412,contention_steady,8,46.38800000000032,0.3625999999954388,46.02540000000488
fixed_8,1413,contention_steady,8,25.68929999999625,4.8648000000000025,20.82449999999625
fixed_8,1414,contention_steady,8,129.928299999996,0.5923999999950524,129.33590000000095
fixed_8,1415,contention_steady,8,8.162900000002082,0.36920000000151276,7.79370000000057
fixed_8,1416,contention_steady,8,14.187399999997297,0.4749000000003889,13.712499999996908
fixed_8,1417,contention_steady,8,9.525500000002296,1.2082000000006587,8.317300000001637
fixed_8,1418,contention_steady,8,13.703499999998314,0.35590000000240707,13.347599999995907
fixed_8,1419,contention_steady,8,21.39449999999954,0.7149000000055139,20.679599999994025
fixed_8,1420,contention_steady,8,119.90859999999515,0.4147999999943863,119.49380000000076
fixed_8,1421,contention_steady,8,18.499400000003163,0.5599000000060528,17.93949999999711
fixed_8,1422,contention_steady,8,185.513499999999,173.9832000000021,11.530299999996885
fixed_8,1423,contention_steady,8,14.956699999999046,0.37670000000389336,14.579999999995152
fixed_8,1424,contention_steady,8,11.8233000000032,0.39619999999729316,11.427100000005908
fixed_8,1425,contention_steady,8,10.900399999997035,0.5489999999994666,10.351399999997568
fixed_8,1426,contention_steady,8,13.803699999996866,0.2272999999988201,13.576399999998046
fixed_8,1427,contention_steady,8,120.34550000000621,0.2843000000041229,120.06120000000209
fixed_8,1428,contention_steady,8,17.89889999999872,0.32120000000190885,17.57769999999681
fixed_8,1429,contention_steady,8,31.30819999999801,0.7424999999940951,30.565700000003915
fixed_8,1430,contention_steady,8,59.358099999997194,41.645299999999,17.712799999998197
fixed_8,1431,contention_steady,8,17.776800000000037,0.544400000002554,17.232399999997483
fixed_8,1432,contention_steady,8,19.146700000000294,0.3356000000067638,18.81109999999353
fixed_8,1433,contention_steady,8,64.28989999999857,0.40759999999551155,63.882300000003056
fixed_8,1434,contention_steady,8,20.088600000001122,0.3410999999999831,19.74750000000114
fixed_8,1435,contention_steady,8,36.20769999999851,0.2861999999979048,35.921500000000606
fixed_8,1436,contention_steady,8,23.79890000000273,0.46439999999847714,23.334500000004255
fixed_8,1437,contention_steady,8,89.80090000000018,0.3108999999952289,89.49000000000495
fixed_8,1438,contention_steady,8,14.361799999996094,0.3248999999954094,14.036900000000685
fixed_8,1439,contention_steady,8,14.518700000003548,0.34649999999913916,14.172200000004409
fixed_8,1440,contention_steady,8,30.111699999999075,0.744099999998582,29.367600000000493
fixed_8,1441,contention_steady,8,66.86009999999953,0.3532999999933395,66.5068000000062
fixed_8,1442,contention_steady,8,24.52610000000277,0.4496000000031586,24.076499999999612
fixed_8,1443,contention_steady,8,20.517100000006394,0.7500000000035811,19.767100000002813
fixed_8,1444,contention_steady,8,17.913000000000068,0.2724000000000615,17.640600000000006
fixed_8,1445,contention_steady,8,28.616200000001868,0.40959999999756747,28.2066000000043
fixed_8,1446,contention_steady,8,37.97780000000017,0.6015000000019199,37.37629999999825
fixed_8,1447,contention_steady,8,26.054300000005526,0.4304000000061592,25.623899999999367
fixed_8,1448,contention_steady,8,59.756800000002386,3.170799999999474,56.58600000000291
fixed_8,1449,contention_steady,8,50.16390000000115,0.4747999999992203,49.68910000000193
fixed_8,1450,contention_steady,8,17.02749999999753,0.4351999999983036,16.592299999999227
fixed_8,1451,contention_steady,8,30.132099999995887,0.633600000000456,29.49849999999543
fixed_8,1452,contention_steady,8,39.83019999999726,0.39759999999944284,39.43259999999782
fixed_8,1453,contention_steady,8,17.125799999995195,0.37109999999529464,16.7546999999999
fixed_8,1454,contention_steady,8,17.65060000000318,0.8374000000017645,16.813200000001416
fixed_8,1455,contention_steady,8,13.421000000001015,0.598700000004726,12.82229999999629
fixed_8,1456,contention_steady,8,13.968300000001932,0.25480000000044356,13.713500000001488
fixed_8,1457,contention_steady,8,14.278099999998517,0.3433000000043762,13.93479999999414
fixed_8,1458,contention_steady,8,20.10270000000247,0.40520000000299206,19.69749999999948
fixed_8,1459,contention_steady,8,23.13350000000014,0.3220000000041523,22.811499999995988
fixed_8,1460,contention_steady,8,17.114400000004082,0.4691000000036638,16.645300000000418
fixed_8,1461,contention_steady,8,20.193200000001355,0.5907000000036078,19.602499999997747
fixed_8,1462,contention_steady,8,70.14389999999793,62.3162999999991,7.827599999998824
fixed_8,1463,contention_steady,8,15.768700000002411,0.6794000000027722,15.08929999999964
fixed_8,1464,contention_steady,8,11.665399999998272,0.35189999999829524,11.313499999999976
fixed_8,1465,contention_steady,8,29.06560000000269,0.556699999997079,28.50890000000561
fixed_8,1466,contention_steady,8,26.51949999999914,0.328299999999615,26.191199999999526
fixed_8,1467,contention_steady,8,89.15290000000198,0.47520000000389473,88.67769999999808
fixed_8,1468,contention_steady,8,17.361800000003313,0.39550000000332375,16.96629999999999
fixed_8,1469,contention_steady,8,18.47529999999864,2.0175000000008936,16.457799999997746
fixed_8,1470,contention_steady,8,56.614900000006685,39.61250000000405,17.002400000002638
fixed_8,1471,contention_steady,8,20.44300000000021,2.3100000000013665,18.132999999998844
fixed_8,1472,contention_steady,8,14.519999999997424,0.3650999999962323,14.154900000001192
fixed_8,1473,contention_steady,8,10.106100000001561,0.4314999999976976,9.674600000003863
fixed_8,1474,contention_steady,8,55.535900000002414,0.3773000000037996,55.158599999998614
fixed_8,1475,contention_steady,8,19.37120000000192,0.4304000000061592,18.94079999999576
fixed_8,1476,contention_steady,8,13.854199999997263,0.3662999999960448,13.487900000001218
fixed_8,1477,contention_steady,8,24.84460000000155,0.36539999999973816,24.47920000000181
fixed_8,1478,contention_steady,8,94.6826999999999,77.72619999999364,16.95650000000626
fixed_8,1479,contention_steady,8,10.303899999996702,0.8708000000012817,9.43309999999542
fixed_8,1480,contention_steady,8,13.81399999999644,0.32319999999685933,13.490799999999581
fixed_8,1481,contention_steady,8,24.426900000001694,1.5226000000012618,22.904300000000433
fixed_8,1482,contention_steady,8,76.6715999999974,0.2497999999988565,76.42179999999854
fixed_8,1483,contention_steady,8,31.053599999999904,0.6386000000020431,30.41499999999786
fixed_8,1484,contention_steady,8,25.551299999996502,0.5027999999995814,25.04849999999692
fixed_8,1485,contention_steady,8,21.43790000000223,0.35419999999675156,21.08370000000548
fixed_8,1486,contention_steady,8,70.47230000000582,0.5571000000017534,69.91520000000406
fixed_8,1487,contention_steady,8,13.923999999995829,0.3457999999980643,13.578199999997764
fixed_8,1488,contention_steady,8,30.323499999994397,1.8877999999986628,28.435699999995734
fixed_8,1489,contention_steady,8,16.758000000002937,0.38849999999968077,16.369500000003256
fixed_8,1490,contention_steady,8,58.9686999999941,0.5972999999954709,58.37139999999863
fixed_8,1491,contention_steady,8,11.51110000000699,0.2439000000009628,11.267200000006028
fixed_8,1492,contention_steady,8,11.003000000002316,0.22430000000639438,10.778699999995922
fixed_8,1493,contention_steady,8,18.169100000001492,0.35160000000189484,17.817499999999598
fixed_8,1494,contention_steady,8,16.573899999997366,0.4138999999980797,16.159999999999286
fixed_8,1495,contention_steady,8,30.326900000005708,0.29990000000168493,30.027000000004023
fixed_8,1496,contention_steady,8,79.63399999999865,0.3261000000023273,79.30789999999632
fixed_8,1497,contention_steady,8,17.047299999994436,0.52960000000013,16.517699999994306
fixed_8,1498,contention_steady,8,18.433399999999267,0.33870000000035816,18.09469999999891
fixed_8,1499,contention_steady,8,17.269499999997606,0.4236999999989166,16.84579999999869
fixed_8,1500,contention_steady,8,20.755499999999927,0.6968999999941161,20.05860000000581
fixed_8,1501,contention_steady,8,16.79500000000189,0.32290000000045893,16.472100000001433
fixed_8,1502,contention_steady,8,30.764800000000037,0.6048999999990201,30.159900000001016
fixed_8,1503,contention_steady,8,20.094700000001353,0.3683999999992693,19.726300000002084
fixed_8,1504,contention_steady,8,14.925800000000322,0.8196999999938726,14.10610000000645
fixed_8,1505,contention_steady,8,30.094800000000532,3.083600000003628,27.011199999996904
fixed_8,1506,contention_steady,8,18.160899999998037,0.5828000000036582,17.57809999999438
fixed_8,1507,contention_steady,8,19.275900000003787,0.618799999998032,18.657100000005755
fixed_8,1508,contention_steady,8,15.39430000000408,0.2935000000050536,15.100799999999026
fixed_8,1509,contention_steady,8,78.35759999999681,1.5348999999957869,76.82270000000102
fixed_8,1510,contention_steady,8,17.93299999999931,0.457300000000771,17.47569999999854
fixed_8,1511,contention_steady,8,26.54959999999562,0.4597000000003959,26.089899999995225
fixed_8,1512,contention_steady,8,15.041500000002372,0.37850000000361206,14.66299999999876
fixed_8,1513,contention_steady,8,20.68429999999921,0.641000000001668,20.043299999997544
fixed_8,1514,contention_steady,8,70.4076000000029,0.4787000000021635,69.92890000000074
fixed_8,1515,contention_steady,8,21.644399999999564,0.32850000000195223,21.31589999999761
fixed_8,1516,contention_steady,8,17.070900000000222,0.6818999999964603,16.38900000000376
fixed_8,1517,contention_steady,8,40.041000000002214,0.9851000000011823,39.05590000000103
fixed_8,1518,contention_steady,8,45.241300000000706,0.31959999999742195,44.921700000003284
fixed_8,1519,contention_steady,8,22.154800000002695,0.4867999999973449,21.66800000000535
fixed_8,1520,contention_steady,8,15.88320000000465,0.3562000000059129,15.526999999998736
fixed_8,1521,contention_steady,8,25.428099999999176,0.47399999999697684,24.9541000000022
fixed_8,1522,contention_steady,8,15.98239999999862,0.36330000000361906,15.619099999995
fixed_8,1523,contention_steady,8,62.04569999999876,0.40340000000327336,61.64229999999549
fixed_8,1524,contention_steady,8,23.035099999994202,0.6164999999995757,22.418599999994626
fixed_8,1525,contention_steady,8,24.07089999999812,0.7634999999979186,23.3074000000002
fixed_8,1526,contention_steady,8,25.032000000003052,0.5717000000018402,24.46030000000121
fixed_8,1527,contention_steady,8,37.3841999999982,0.40729999999911115,36.97689999999909
fixed_8,1528,contention_steady,8,44.666000000006534,1.0245000000068671,43.64149999999967
fixed_8,1529,contention_steady,8,21.117599999996628,3.2978999999997427,17.819699999996885
fixed_8,1530,contention_steady,8,14.427300000001253,1.033800000001861,13.393499999999392
fixed_8,1531,contention_steady,8,51.15719999999868,0.43819999999783477,50.71900000000085
fixed_8,1532,contention_steady,8,21.880699999996978,0.43360000000092214,21.447099999996055
fixed_8,1533,contention_steady,8,17.496799999996426,0.43839999999306656,17.05840000000336
fixed_8,1534,contention_steady,8,29.340699999998776,0.4898000000039815,28.850899999994795
fixed_8,1535,contention_steady,8,42.87819999999698,0.40189999999995507,42.476299999997025
fixed_8,1536,contention_steady,8,37.1042000000017,11.476100000002987,25.62809999999871
fixed_8,1537,contention_steady,8,28.79469999999884,0.5236000000010677,28.271099999997773
fixed_8,1538,contention_steady,8,73.99099999999947,0.45509999999637785,73.5359000000031
fixed_8,1539,contention_steady,8,20.16649999999487,7.414199999999482,12.752299999995387
fixed_8,1540,contention_steady,8,21.553199999999606,0.4081999999954178,21.145000000004188
fixed_8,1541,contention_steady,8,17.1799999999962,0.7163000000005582,16.46369999999564
fixed_8,1542,contention_steady,8,19.403900000000363,0.5666000000061899,18.837299999994173
fixed_8,1543,contention_steady,8,32.313000000002035,0.5111999999982686,31.801800000003766
fixed_8,1544,contention_steady,8,34.35179999999605,0.5194999999957872,33.83230000000026
fixed_8,1545,contention_steady,8,13.439600000005214,0.869900000004975,12.569700000000239
fixed_8,1546,contention_steady,8,31.04359999999673,0.6127999999989697,30.43079999999776
fixed_8,1547,contention_steady,8,46.52089999999731,0.43029999999788515,46.09059999999943
fixed_8,1548,contention_steady,8,31.387699999996244,0.7564000000002125,30.63129999999603
fixed_8,1549,contention_steady,8,17.093700000003764,0.3741000000019312,16.719600000001833
fixed_8,1550,contention_steady,8,33.48050000000313,1.855200000001389,31.625300000001744
fixed_8,1551,contention_steady,8,37.63370000000066,0.4446999999956347,37.189000000005024
fixed_8,1552,contention_steady,8,14.714599999997802,0.37490000000417467,14.339699999993627
fixed_8,1553,contention_steady,8,33.59100000000126,0.3524999999982015,33.23850000000306
fixed_8,1554,contention_steady,8,15.519799999999861,1.0767999999998779,14.442999999999984
fixed_8,1555,contention_steady,8,13.334499999999139,0.2981999999960294,13.03630000000311
fixed_8,1556,contention_steady,8,82.27120000000099,0.5754000000024462,81.69579999999854
fixed_8,1557,contention_steady,8,35.641099999999426,0.32319999999685933,35.31790000000257
fixed_8,1558,contention_steady,8,18.20530000000531,0.31540000000518376,17.889900000000125
fixed_8,1559,contention_steady,8,14.498800000005474,0.5441000000061536,13.95469999999932
fixed_8,1560,contention_steady,8,34.745199999996146,0.3247000000001776,34.42049999999597
fixed_8,1561,contention_steady,8,138.79079999999533,0.362400000000207,138.42839999999512
fixed_8,1562,contention_steady,8,47.21130000000073,0.4293000000004099,46.78200000000032
fixed_8,1563,contention_steady,8,12.24510000000123,0.5164000000021929,11.728699999999037
fixed_8,1564,contention_steady,8,14.468100000001982,0.36670000000071923,14.101400000001263
fixed_8,1565,contention_steady,8,25.408399999996334,0.4001000000002364,25.008299999996098
fixed_8,1566,contention_steady,8,29.160900000000822,3.7796999999955005,25.38120000000532
fixed_8,1567,contention_steady,8,31.27640000000298,0.47620000000136997,30.80020000000161
fixed_8,1568,contention_steady,8,43.81799999999458,1.0344999999958304,42.78349999999875
fixed_8,1569,contention_steady,8,53.07489999999859,0.850899999996102,52.22400000000249
fixed_8,1570,contention_steady,8,19.54239999999885,0.487700000000757,19.054699999998093
fixed_8,1571,contention_steady,8,13.41520000000429,0.4598000000015645,12.955400000002726
fixed_8,1572,contention_steady,8,17.360199999998827,0.6490999999968494,16.711100000001977
fixed_8,1573,contention_steady,8,89.33269999999993,2.167399999997599,87.16530000000233
fixed_8,1574,contention_steady,8,16.484599999998295,0.434300000001997,16.050299999996298
fixed_8,1575,contention_steady,8,15.694899999999734,0.39530000000098653,15.299599999998748
fixed_8,1576,contention_steady,8,16.289500000006285,0.27890000000496684,16.010600000001318
fixed_8,1577,contention_steady,8,16.689300000003016,0.34430000000185146,16.345000000001164
fixed_8,1578,contention_steady,8,16.79089999999661,0.34829999999885786,16.442599999997753
fixed_8,1579,contention_steady,8,15.10189999999767,0.31209999999504134,14.789800000002629
fixed_8,1580,contention_steady,8,42.6864000000009,11.868800000002011,30.81759999999889
fixed_8,1581,contention_steady,8,28.77530000000661,0.3962000000043986,28.37910000000221
fixed_8,1582,contention_steady,8,25.329899999995575,0.5177999999972371,24.81209999999834
fixed_8,1583,contention_steady,8,40.88339999999846,1.7885000000035234,39.09489999999494
fixed_8,1584,contention_steady,8,15.346600000000876,0.36310000000128184,14.983499999999594
fixed_8,1585,contention_steady,8,16.012699999997437,0.6982999999962658,15.314400000001172
fixed_8,1586,contention_steady,8,26.29530000000102,1.8723000000022694,24.42299999999875
fixed_8,1587,contention_steady,8,24.71440000000058,0.39779999999467464,24.316600000005906
fixed_8,1588,contention_steady,8,16.12610000000103,0.17640000000085365,15.949700000000178
fixed_8,1589,contention_steady,8,15.126700000003268,2.152500000001112,12.974200000002156
fixed_8,1590,contention_steady,8,11.238400000003423,0.24660000000409354,10.99179999999933
fixed_8,1591,contention_steady,8,9.158399999996902,0.5620000000021719,8.59639999999473
fixed_8,1592,contention_steady,8,47.13310000000348,0.26569999999992433,46.867400000003556
fixed_8,1593,contention_steady,8,13.428799999999796,0.33479999999741494,13.094000000002382
fixed_8,1594,contention_steady,8,10.165999999998121,0.41829999999976053,9.74769999999836
fixed_8,1595,contention_steady,8,10.299099999997452,0.427699999995923,9.871400000001529
fixed_8,1596,contention_steady,8,19.853100000005952,0.3489000000058695,19.504200000000083
fixed_8,1597,contention_steady,8,83.19360000000131,0.7803000000023985,82.41329999999891
fixed_8,1598,contention_steady,8,11.555799999996452,0.5487999999971294,11.006999999999323
fixed_8,1599,contention_steady,8,35.55200000000269,1.1588000000060106,34.39319999999668
fixed_8,1600,contention_steady,8,34.81639999999686,0.49500000000080036,34.32139999999606
fixed_8,1601,contention_steady,8,51.70129999999773,0.6924999999995407,51.00879999999819
fixed_8,1602,contention_steady,8,21.27670000000137,0.7678999999995995,20.50880000000177
fixed_8,1603,contention_steady,8,29.640399999998124,0.35049999999614556,29.28990000000198
fixed_8,1604,contention_steady,8,19.718300000000966,1.256499999996663,18.461800000004303
fixed_8,1605,contention_steady,8,42.143200000005265,0.3967000000031362,41.74650000000213
fixed_8,1606,contention_steady,8,18.057100000000048,0.4100999999963051,17.647000000003743
fixed_8,1607,contention_steady,8,36.54420000000158,0.5774999999985653,35.966700000003016
fixed_8,1608,contention_steady,8,34.09260000000103,0.9332999999998037,33.159300000001224
fixed_8,1609,contention_steady,8,65.48099999999835,34.85249999999951,30.628499999998837
fixed_8,1610,contention_steady,8,37.120799999996734,0.3525999999993701,36.768199999997364
fixed_8,1611,contention_steady,8,30.57219999999461,0.3606000000004883,30.21159999999412
fixed_8,1612,contention_steady,8,22.891000000001327,0.8645999999998821,22.026400000001445
fixed_8,1613,contention_steady,8,23.618200000001366,0.5172000000044363,23.10099999999693
fixed_8,1614,contention_steady,8,28.961999999999932,0.23219999999923857,28.729800000000694
fixed_8,1615,contention_steady,8,25.25500000000136,1.2247000000016328,24.030299999999727
fixed_8,1616,contention_steady,8,35.169999999993706,1.1612999999996987,34.00869999999401
fixed_8,1617,contention_steady,8,41.755299999998385,33.237700000000814,8.517599999997572
fixed_8,1618,contention_steady,8,25.568700000000888,0.45529999999871507,25.113400000002173
fixed_8,1619,contention_steady,8,32.27210000000014,0.7370000000008758,31.53509999999926
fixed_8,1620,contention_steady,8,8.766099999995447,0.3641999999999257,8.401899999995521
fixed_8,1621,contention_steady,8,54.27370000000309,0.3359000000031642,53.937799999999925
fixed_8,1622,contention_steady,8,15.345000000003495,0.46020000000623895,14.884799999997256
fixed_8,1623,contention_steady,8,23.15540000000027,0.5659999999991783,22.589400000001092
fixed_8,1624,contention_steady,8,28.756399999998905,9.293700000000626,19.46269999999828
fixed_8,1625,contention_steady,8,9.911500000001183,0.6915000000020655,9.219999999999118
fixed_8,1626,contention_steady,8,37.90750000000287,0.2518000000009124,37.65570000000196
fixed_8,1627,contention_steady,8,9.31229999999772,0.3813999999948692,8.93090000000285
fixed_8,1628,contention_steady,8,33.47480000000047,0.48779999999482015,32.98700000000565
fixed_8,1629,contention_steady,8,29.391199999999174,0.41680000000354767,28.974399999995626
fixed_8,1630,contention_steady,8,12.405799999996248,0.2881999999999607,12.117599999996287
fixed_8,1631,contention_steady,8,67.76250000000061,0.335700000000827,67.42679999999979
fixed_8,1632,contention_steady,8,11.450599999996314,0.42459999999522324,11.02600000000109
fixed_8,1633,contention_steady,8,23.73970000000014,5.973499999996079,17.766200000004062
fixed_8,1634,contention_steady,8,20.420599999994238,0.5863999999959901,19.834199999998248
fixed_8,1635,contention_steady,8,32.55529999999851,0.7493000000025063,31.805999999996004
fixed_8,1636,contention_steady,8,32.09399999999363,0.41679999999644224,31.677199999997185
fixed_8,1637,contention_steady,8,18.327799999994454,0.4028999999974303,17.924899999997024
fixed_8,1638,contention_steady,8,26.69219999999939,0.897000000001924,25.795199999997465
fixed_8,1639,contention_steady,8,64.62299999999743,1.083500000000015,63.53949999999742
fixed_8,1640,contention_steady,8,21.72519999999878,0.34840000000002647,21.376799999998752
fixed_8,1641,contention_steady,8,23.03049999999729,0.6887999999989347,22.341699999998355
fixed_8,1642,contention_steady,8,22.960400000002323,0.4677000000015141,22.49270000000081
fixed_8,1643,contention_steady,8,19.95279999999866,0.3011999999955606,19.6516000000031
fixed_8,1644,contention_steady,8,70.99739999999599,0.3431999999961022,70.65419999999989
fixed_8,1645,contention_steady,8,28.14419999999984,0.6048000000049569,27.539399999994885
fixed_8,1646,contention_steady,8,52.57530000000088,3.763800000001538,48.81149999999934
fixed_8,1647,contention_steady,8,40.31119999999788,0.7124999999987836,39.5986999999991
fixed_8,1648,contention_steady,8,46.90959999999933,0.7945999999989795,46.11500000000035
fixed_8,1649,contention_steady,8,17.942500000003747,0.4923999999988382,17.45010000000491
fixed_8,1650,contention_steady,8,24.136399999996172,0.462199999994084,23.674200000002088
fixed_8,1651,contention_steady,8,18.78059999999948,0.37300000000328737,18.407599999996194
fixed_8,1652,contention_steady,8,45.203999999998246,0.645499999997412,44.55850000000083
fixed_8,1653,contention_steady,8,20.851300000003903,0.4465000000024588,20.404800000001444
fixed_8,1654,contention_steady,8,23.530600000000845,0.48539999999519523,23.04520000000565
fixed_8,1655,contention_steady,8,21.109300000006215,0.4119000000031292,20.697400000003086
fixed_8,1656,contention_steady,8,22.50850000000071,0.453600000000165,22.054900000000544
fixed_8,1657,contention_steady,8,21.635199999998633,0.518499999998312,21.11670000000032
fixed_8,1658,contention_steady,8,22.701900000001274,0.6754000000057658,22.026499999995508
fixed_8,1659,contention_steady,8,16.362399999998445,0.4962000000006128,15.866199999997832
fixed_8,1660,contention_steady,8,45.76540000000051,1.252399999998488,44.51300000000202
fixed_8,1661,contention_steady,8,20.589399999998648,0.6162999999972385,19.97310000000141
fixed_8,1662,contention_steady,8,20.38699999999949,1.2617000000005874,19.1252999999989
fixed_8,1663,contention_steady,8,21.348700000004328,1.520200000001637,19.82850000000269
fixed_8,1664,contention_steady,8,52.12939999999833,3.401599999996563,48.727800000001764
fixed_8,1665,contention_steady,8,8.951700000004337,0.5122000000028493,8.439500000001487
fixed_8,1666,contention_steady,8,8.776799999999696,0.44369999999815946,8.333100000001537
fixed_8,1667,contention_steady,8,10.459400000002006,0.41889999999966676,10.04050000000234
fixed_8,1668,contention_steady,8,7.982800000000623,0.2190000000013015,7.763799999999321
fixed_8,1669,contention_steady,8,57.85089999999826,0.29440000000136024,57.5564999999969
fixed_8,1670,contention_steady,8,31.916899999998805,0.28509999999926094,31.631799999999544
fixed_8,1671,contention_steady,8,31.06239999999616,0.29260000000164155,30.769799999994518
fixed_8,1672,contention_steady,8,13.25710000000413,0.2998000000005163,12.957300000003613
fixed_8,1673,contention_steady,8,16.503600000000063,0.5412000000006856,15.962399999999377
fixed_8,1674,contention_steady,8,40.96679999999964,0.35780000000329437,40.60899999999634
fixed_8,1675,contention_steady,8,13.965200000001232,0.2825999999984674,13.682600000002765
fixed_8,1676,contention_steady,8,12.697500000001583,0.5054000000015435,12.192100000000039
fixed_8,1677,contention_steady,8,39.007099999999184,0.7064999999997212,38.30059999999946
fixed_8,1678,contention_steady,8,15.153700000006154,0.5550000000056343,14.59870000000052
fixed_8,1679,contention_steady,8,41.95370000000054,0.49640000000295004,41.45729999999759
fixed_8,1680,contention_steady,8,7.293300000000613,0.2420000000000755,7.051300000000538
fixed_8,1681,contention_steady,8,7.85940000000096,0.2767000000005737,7.582700000000386
fixed_8,1682,contention_steady,8,13.289600000000235,0.2479999999991378,13.041600000001097
fixed_8,1683,contention_steady,8,11.979600000003643,0.8569000000022697,11.122700000001373
fixed_8,1684,contention_steady,8,17.96099999999967,0.4732000000018388,17.487799999997833
fixed_8,1685,contention_steady,8,9.207000000003518,0.43370000000209075,8.773300000001427
fixed_8,1686,contention_steady,8,35.5495000000019,0.25260000000315586,35.29689999999874
fixed_8,1687,contention_steady,8,36.75270000000097,3.35150000000084,33.40120000000013
fixed_8,1688,contention_steady,8,16.989700000003438,0.46750000000628233,16.522199999997156
fixed_8,1689,contention_steady,8,38.30499999999404,1.1006999999949585,37.20429999999908
fixed_8,1690,contention_steady,8,11.638900000001229,0.4896000000016443,11.149299999999585
fixed_8,1691,contention_steady,8,18.68830000000088,0.9499999999960096,17.73830000000487
fixed_8,1692,contention_steady,8,11.775499999998829,0.5833000000023958,11.192199999996433
fixed_8,1693,contention_steady,8,31.405099999993524,1.7201000000000022,29.684999999993522
fixed_8,1694,contention_steady,8,88.58730000000037,1.3475999999954524,87.23970000000492
fixed_8,1695,contention_steady,8,8.382099999998616,0.438799999997741,7.943300000000875
fixed_8,1696,contention_steady,8,11.583500000000413,0.602800000002901,10.980699999997512
fixed_8,1697,contention_steady,8,11.171799999999621,0.6393999999971811,10.53240000000244
fixed_8,1698,contention_steady,8,26.194199999999057,0.39209999999911815,25.80209999999994
fixed_8,1699,contention_steady,8,173.92449999999826,166.57639999999674,7.348100000001523
fixed_8,1700,contention_steady,8,8.085600000001136,0.34840000000002647,7.73720000000111
fixed_8,1701,contention_steady,8,9.291600000004507,0.3008999999991602,8.990700000005347
fixed_8,1702,contention_steady,8,96.58890000000042,0.4059999999981301,96.18290000000229
fixed_8,1703,contention_steady,8,8.641600000004246,0.3832000000016933,8.258400000002553
fixed_8,1704,contention_steady,8,7.9866999999964605,0.3433999999984394,7.643299999998021
fixed_8,1705,contention_steady,8,7.877000000000578,0.343899999997177,7.533100000003401
fixed_8,1706,contention_steady,8,48.230199999999,2.3725999999939518,45.85760000000505
fixed_8,1707,contention_steady,8,68.06689999999804,58.69109999999722,9.375800000000822
fixed_8,1708,contention_steady,8,9.953299999999388,0.5741000000014651,9.379199999997923
fixed_8,1709,contention_steady,8,14.54190000000466,0.4425999999995156,14.099300000005144
fixed_8,1710,contention_steady,8,22.89429999999726,4.638800000002163,18.255499999995095
fixed_8,1711,contention_steady,8,18.623599999997964,0.3874000000010369,18.236199999996927
fixed_8,1712,contention_steady,8,40.05759999999725,0.24460000000203763,39.81299999999521
fixed_8,1713,contention_steady,8,13.16839999999786,0.3589000000019382,12.809499999995921
fixed_8,1714,contention_steady,8,44.266700000001435,0.29490000000009786,43.97180000000134
fixed_8,1715,contention_steady,8,14.02829999999966,1.5585999999956357,12.469700000004025
fixed_8,1716,contention_steady,8,47.979099999999164,0.29870000000187247,47.68039999999729
fixed_8,1717,contention_steady,8,14.038500000005172,0.5673000000001593,13.471200000005012
fixed_8,1718,contention_steady,8,20.360799999998846,0.5073000000024308,19.853499999996416
fixed_8,1719,contention_steady,8,85.47599999999989,9.837599999997337,75.63840000000255
fixed_8,1720,contention_steady,8,17.50810000000058,0.48530000000113205,17.02279999999945
fixed_8,1721,contention_steady,8,34.23790000000082,0.37300000000328737,33.86489999999753
fixed_8,1722,contention_steady,8,11.622899999998992,0.6503000000037673,10.972599999995225
fixed_8,1723,contention_steady,8,99.60750000000473,89.15900000000221,10.448500000002525
fixed_8,1724,contention_steady,8,14.44529999999844,0.7291000000009262,13.716199999997514
fixed_8,1725,contention_steady,8,29.735399999999856,0.6005999999985079,29.13480000000135
fixed_8,1726,contention_steady,8,7.884499999995853,0.4307999999966228,7.45369999999923
fixed_8,1727,contention_steady,8,24.433199999997157,0.5766999999963218,23.856500000000835
fixed_8,1728,contention_steady,8,16.803799999998148,0.4407999999997969,16.36299999999835
fixed_8,1729,contention_steady,8,24.738899999995567,0.7170999999956962,24.02179999999987
fixed_8,1730,contention_steady,8,42.25739999999689,0.28929999999860456,41.96809999999829
fixed_8,1731,contention_steady,8,29.8349999999985,0.47210000000319496,29.362899999995307
fixed_8,1732,contention_steady,8,29.967400000003863,0.5871000000041704,29.380299999999693
fixed_8,1733,contention_steady,8,18.263900000000888,0.8168999999966786,17.44700000000421
fixed_8,1734,contention_steady,8,48.36879999999866,0.5320999999938181,47.83670000000484
fixed_8,1735,contention_steady,8,12.619700000001899,0.5971000000002391,12.02260000000166
fixed_8,1736,contention_steady,8,37.40910000000497,4.356399999998928,33.05270000000604
fixed_8,1737,contention_steady,8,16.78619999999853,0.21489999999602105,16.57130000000251
fixed_8,1738,contention_steady,8,8.911300000001177,0.8388999999979774,8.0724000000032
fixed_8,1739,contention_steady,8,25.14550000000071,0.3562999999999761,24.789200000000733
fixed_8,1740,contention_steady,8,15.441100000003871,0.27940000000370446,15.161700000000167
fixed_8,1741,contention_steady,8,43.067900000004045,0.37670000000389336,42.69120000000015
fixed_8,1742,contention_steady,8,28.20739999999944,0.5995999999939272,27.60780000000551
fixed_8,1743,contention_steady,8,46.92109999999872,0.7677999999984308,46.153300000000286
fixed_8,1744,contention_steady,8,12.447700000002726,0.366100000000813,12.081600000001913
fixed_8,1745,contention_steady,8,27.900999999999954,0.27349999999870533,27.62750000000125
fixed_8,1746,contention_steady,8,20.03899999999703,0.9816999999969767,19.057300000000055
fixed_8,1747,contention_steady,8,11.584499999997888,1.1178999999970074,10.46660000000088
fixed_8,1748,contention_steady,8,35.19860000000108,16.591599999998152,18.607000000002927
fixed_8,1749,contention_steady,8,12.19930000000602,0.3221000000053209,11.877200000000698
fixed_8,1750,contention_steady,8,42.895600000001366,0.2843999999981861,42.61120000000318
fixed_8,1751,contention_steady,8,14.934500000002515,0.9097000000011235,14.024800000001392
fixed_8,1752,contention_steady,8,8.248199999997041,0.44929999999965275,7.7988999999973885
fixed_8,1753,contention_steady,8,22.328200000004017,0.3640000000046939,21.964199999999323
fixed_8,1754,contention_steady,8,18.54720000000043,0.5324999999984925,18.014700000001937
fixed_8,1755,contention_steady,8,41.447299999994414,0.7699999999957186,40.677299999998695
fixed_8,1756,contention_steady,8,14.666299999994692,0.89689999999365,13.769400000001042
fixed_8,1757,contention_steady,8,10.745200000002342,0.48160000000052605,10.263600000001816
fixed_8,1758,contention_steady,8,42.29519999999809,0.37349999999491956,41.92170000000317
fixed_8,1759,contention_steady,8,14.226599999993539,0.4028999999974303,13.823699999996109
fixed_8,1760,contention_steady,8,39.66159999999519,0.47459999999688307,39.18699999999831
fixed_8,1761,contention_steady,8,16.671999999999798,0.5099999999984561,16.162000000001342
fixed_8,1762,contention_steady,8,54.446200000001,0.415400000001398,54.0307999999996
fixed_8,1763,contention_steady,8,6.7906000000022,0.40179999999878646,6.388800000003414
fixed_8,1764,contention_steady,8,14.120900000001768,0.22270000000190748,13.89819999999986
fixed_8,1765,contention_steady,8,40.44110000000245,0.44900000000325235,39.9920999999992
fixed_8,1766,contention_steady,8,17.50510000000105,0.32689999999746533,17.178200000003585
fixed_8,1767,contention_steady,8,35.04310000000288,0.506600000001356,34.536500000001524
fixed_8,1768,contention_steady,8,12.788600000000372,0.39559999999738693,12.393000000002985
fixed_8,1769,contention_steady,8,31.43930000000239,0.44510000000030914,30.99420000000208
fixed_8,1770,contention_steady,8,15.693100000000015,0.4616999999953464,15.231400000004669
fixed_8,1771,contention_steady,8,16.322999999999865,0.7127000000011208,15.610299999998745
fixed_8,1772,contention_steady,8,13.31869999999924,1.3075000000029036,12.011199999996336
fixed_8,1773,contention_steady,8,86.37849999999503,68.21769999999816,18.16079999999687
fixed_8,1774,contention_steady,8,18.731500000001233,0.7422999999988633,17.98920000000237
fixed_8,1775,contention_steady,8,15.981299999999976,0.37539999999580687,15.60590000000417
fixed_8,1776,contention_steady,8,31.040699999998367,0.6144999999975198,30.426200000000847
fixed_8,1777,contention_steady,8,18.510599999999044,0.3339999999951715,18.176600000003873
fixed_8,1778,contention_steady,8,45.29399999999839,0.2713999999954808,45.02260000000291
fixed_8,1779,contention_steady,8,10.433200000001364,0.5878000000052452,9.845399999996118
fixed_8,1780,contention_steady,8,58.58469999999727,2.562999999994986,56.021700000002284
fixed_8,1781,contention_steady,8,15.823099999998647,0.538300000002323,15.284799999996324
fixed_8,1782,contention_steady,8,48.25569999999857,0.34959999999983893,47.90609999999873
fixed_8,1783,contention_steady,8,8.988700000003291,0.7421999999976947,8.246500000005597
fixed_8,1784,contention_steady,8,37.25790000000018,0.6050999999942519,36.652800000005925
fixed_8,1785,contention_steady,8,12.891600000003223,2.356499999997652,10.53510000000557
fixed_8,1786,contention_steady,8,15.031300000003966,0.45769999999834,14.573600000005626
fixed_8,1787,contention_steady,8,42.41760000000028,0.2651000000000181,42.15250000000026
fixed_8,1788,contention_steady,8,18.25250000000267,0.4954000000054748,17.757099999997195
fixed_8,1789,contention_steady,8,47.64469999999932,0.41129999999611755,47.2334000000032
fixed_8,1790,contention_steady,8,31.417900000000998,0.6952999999967346,30.722600000004263
fixed_8,1791,contention_steady,8,20.9463999999997,0.8534999999980641,20.092900000001634
fixed_8,1792,contention_steady,8,21.73700000000167,0.39000000000299906,21.346999999998673
fixed_8,1793,contention_steady,8,21.79540000000202,4.434899999999686,17.360500000002332
fixed_8,1794,contention_steady,8,12.096100000000831,0.862900000001332,11.2331999999995
fixed_8,1795,contention_steady,8,59.63419999999786,0.3091000000026156,59.325099999995246
fixed_8,1796,contention_steady,8,31.749099999998975,0.42960000000391574,31.31949999999506
fixed_8,1797,contention_steady,8,19.159000000001924,0.6280000000060681,18.530999999995856
fixed_8,1798,contention_steady,8,29.12680000000023,0.7680000000007681,28.358799999999462
fixed_8,1799,contention_steady,8,13.262100000005717,0.594600000006551,12.667499999999166
fixed_8,1800,contention_steady,8,38.864000000003784,0.4940000000033251,38.37000000000046
fixed_8,1801,contention_steady,8,16.62319999999795,0.4406999999986283,16.182499999999322
fixed_8,1802,contention_steady,8,28.228599999998494,0.40870000000126083,27.819899999997233
fixed_8,1803,contention_steady,8,31.507699999998806,0.42799999999942884,31.079699999999377
fixed_8,1804,contention_steady,8,20.259000000002914,0.8149000000017281,19.444100000001185
fixed_8,1805,contention_steady,8,17.079200000004846,0.8085000000050968,16.27069999999975
fixed_8,1806,contention_steady,8,24.89989999999409,0.7515999999938572,24.148300000000233
fixed_8,1807,contention_steady,8,23.7168999999966,1.8219999999971037,21.894899999999495
fixed_8,1808,contention_steady,8,16.65599999999756,0.48389999999898237,16.17209999999858
fixed_8,1809,contention_steady,8,35.50569999999453,0.5092999999973813,34.99639999999715
fixed_8,1810,contention_steady,8,14.757400000000587,0.4880000000042628,14.269399999996324
fixed_8,1811,contention_steady,8,50.95980000000111,0.986900000000901,49.97290000000021
fixed_8,1812,contention_steady,8,14.567700000000627,0.35009999999857655,14.21760000000205
fixed_8,1813,contention_steady,8,47.449200000002634,0.537000000001342,46.91220000000129
fixed_8,1814,contention_steady,8,17.69660000000073,0.6356999999965751,17.060900000004153
fixed_8,1815,contention_steady,8,14.833600000002889,0.5007000000034623,14.332899999999427
fixed_8,1816,contention_steady,8,36.48499999999899,0.4065000000039731,36.07849999999502
fixed_8,1817,contention_steady,8,16.198099999996884,1.0941999999971586,15.103899999999726
fixed_8,1818,contention_steady,8,35.98360000000156,0.6151000000045315,35.36849999999703
fixed_8,1819,contention_steady,8,24.945700000003512,1.0278000000027987,23.917900000000714
fixed_8,1820,contention_steady,8,12.771599999993555,0.3457999999980643,12.42579999999549
fixed_8,1821,contention_steady,8,21.96479999999923,0.46439999999847714,21.500400000000752
fixed_8,1822,contention_steady,8,30.174000000002366,0.4764999999977704,29.697500000004595
fixed_8,1823,contention_steady,8,22.116199999999253,0.5236000000010677,21.592599999998185
fixed_8,1824,contention_steady,8,15.781599999996843,0.3393000000002644,15.442299999996578
fixed_8,1825,contention_steady,8,18.121800000002963,0.6231999999997129,17.49860000000325
fixed_8,1826,contention_steady,8,23.479099999995867,0.6914000000008969,22.78769999999497
fixed_8,1827,contention_steady,8,39.947099999999125,10.517499999998847,29.429600000000278
fixed_8,1828,contention_steady,8,32.187600000000316,0.5133999999955563,31.67420000000476
fixed_8,1829,contention_steady,8,24.223300000002723,0.5199000000004617,23.70340000000226
fixed_8,1830,contention_steady,8,10.020900000000665,0.6965000000036525,9.324399999997013
fixed_8,1831,contention_steady,8,15.462299999995821,1.1030999999945834,14.359200000001238
fixed_8,1832,contention_steady,8,27.939600000003395,0.63639999999765,27.303200000005745
fixed_8,1833,contention_steady,8,16.882100000003675,0.9282999999982167,15.953800000005458
fixed_8,1834,contention_steady,8,26.299300000005132,0.3507000000055882,25.948599999999544
fixed_8,1835,contention_steady,8,9.118899999997154,0.5494999999982042,8.56939999999895
fixed_8,1836,contention_steady,8,10.959499999998457,0.3792999999987501,10.580199999999707
fixed_8,1837,contention_steady,8,37.24999999999312,3.238699999997152,34.01129999999597
fixed_8,1838,contention_steady,8,16.191700000000253,0.9589000000005399,15.232799999999713
fixed_8,1839,contention_steady,8,16.4055999999988,0.3895999999983246,16.016000000000474
fixed_8,1840,contention_steady,8,17.855400000001964,0.5189000000029864,17.336499999998978
fixed_8,1841,contention_steady,8,23.36569999999938,1.4219000000039728,21.943799999995406
fixed_8,1842,contention_steady,8,10.94829999999547,0.5284000000003175,10.419899999995152
fixed_8,1843,contention_steady,8,20.22640000000564,0.339000000003864,19.887400000001776
fixed_8,1844,contention_steady,8,41.66060000000016,2.637800000002244,39.022799999997915
fixed_8,1845,contention_steady,8,19.040099999998006,1.82810000000444,17.211999999993566
fixed_8,1846,contention_steady,8,22.1779999999967,0.8630999999965638,21.314900000000137
fixed_8,1847,contention_steady,8,11.720499999995582,0.40309999999976753,11.317399999995814
fixed_8,1848,contention_steady,8,31.370199999997794,0.38879999999608117,30.981400000001713
fixed_8,1849,contention_steady,8,11.130899999997723,0.23369999999545144,10.897200000002272
fixed_8,1850,contention_steady,8,20.723199999999053,0.6038000000003763,20.119399999998677
fixed_8,1851,contention_steady,8,12.282999999996491,0.4136999999957425,11.869300000000749
fixed_8,1852,contention_steady,8,41.57149999999632,0.6703000000030102,40.90119999999331
fixed_8,1853,contention_steady,8,21.49069999999398,0.7330999999979326,20.757599999996046
fixed_8,1854,contention_steady,8,34.21920000000256,1.5714999999971724,32.647700000005386
fixed_8,1855,contention_steady,8,18.358999999996684,0.6047999999978515,17.754199999998832
fixed_8,1856,contention_steady,8,19.92900000000475,0.42280000000261,19.50620000000214
fixed_8,1857,contention_steady,8,24.030299999999727,0.4901000000003819,23.540199999999345
fixed_8,1858,contention_steady,8,25.075100000002237,2.7463000000054194,22.328799999996818
fixed_8,1859,contention_steady,8,29.109099999999444,0.4542000000000712,28.654899999999373
fixed_8,1860,contention_steady,8,21.37429999999796,11.686899999993727,9.687400000004232
fixed_8,1861,contention_steady,8,12.95819999999992,0.33040000000283953,12.62779999999708
fixed_8,1862,contention_steady,8,18.724800000001096,0.3129000000043902,18.411899999996706
fixed_8,1863,contention_steady,8,15.55280000000181,0.6509999999977367,14.901800000004073
fixed_8,1864,contention_steady,8,30.219300000005944,0.33080000000040855,29.888500000005536
fixed_8,1865,contention_steady,8,16.008200000001693,0.7633000000026868,15.244899999999006
fixed_8,1866,contention_steady,8,27.556199999999365,0.4893000000052439,27.06689999999412
fixed_8,1867,contention_steady,8,10.096300000000724,0.3241000000002714,9.772200000000453
fixed_8,1868,contention_steady,8,13.631599999996524,0.6798000000003412,12.951799999996183
fixed_8,1869,contention_steady,8,46.876399999995044,1.6784999999970296,45.197899999998015
fixed_8,1870,contention_steady,8,19.281100000000606,0.7076000000054705,18.573499999995136
fixed_8,1871,contention_steady,8,18.087399999998865,0.53129999999868,17.556100000000185
fixed_8,1872,contention_steady,8,16.529899999994768,0.3953999999950497,16.13449999999972
fixed_8,1873,contention_steady,8,30.245100000001912,0.629500000002281,29.61559999999963
fixed_8,1874,contention_steady,8,23.297899999995764,0.7237999999958333,22.57409999999993
fixed_8,1875,contention_steady,8,30.79119999999591,0.4433999999946536,30.347800000001257
fixed_8,1876,contention_steady,8,10.475899999995875,0.3735999999960882,10.102299999999786
fixed_8,1877,contention_steady,8,21.169299999996838,0.8347999999998024,20.334499999997036
fixed_8,1878,contention_steady,8,23.104400000001135,0.521800000001349,22.582599999999786
fixed_8,1879,contention_steady,8,23.74019999999888,0.4847000000012258,23.255499999997653
fixed_8,1880,contention_steady,8,17.863699999999483,0.36019999999581387,17.50350000000367
fixed_8,1881,contention_steady,8,13.285400000000891,0.7048000000011712,12.58059999999972
fixed_8,1882,contention_steady,8,36.74209999999789,0.5523999999965667,36.189700000001324
fixed_8,1883,contention_steady,8,18.209999999996285,0.5889999999979523,17.620999999998332
fixed_8,1884,contention_steady,8,27.633800000003816,3.471699999998634,24.162100000005182
fixed_8,1885,contention_steady,8,26.35349999999903,1.0276000000004615,25.32589999999857
fixed_8,1886,contention_steady,8,29.70099999999576,0.3686999999956697,29.33230000000009
fixed_8,1887,contention_steady,8,12.431399999996984,0.45250000000152113,11.978899999995463
fixed_8,1888,contention_steady,8,53.072600000000136,0.6034000000028072,52.46919999999733
fixed_8,1889,contention_steady,8,17.537000000004355,0.5353000000027919,17.001700000001563
fixed_8,1890,contention_steady,8,42.40019999999589,0.8168999999966786,41.58329999999921
fixed_8,1891,contention_steady,8,17.528399999996225,0.6290999999976066,16.899299999998618
fixed_8,1892,contention_steady,8,8.222199999998736,0.3790000000023497,7.843199999996386
fixed_8,1893,contention_steady,8,33.50830000000116,0.41800000000336013,33.0902999999978
fixed_8,1894,contention_steady,8,8.579599999997356,0.33679999999947086,8.242799999997885
fixed_8,1895,contention_steady,8,33.97950000000094,0.4878000000019256,33.491699999999014
fixed_8,1896,contention_steady,8,49.323499999999854,1.6667000000012422,47.65679999999861
fixed_8,1897,contention_steady,8,25.13240000000394,0.41630000000481004,24.71609999999913
fixed_8,1898,contention_steady,8,19.711400000005597,0.5749000000037086,19.136500000001888
fixed_8,1899,contention_steady,8,23.06130000000195,0.6265000000027499,22.4347999999992
fixed_8,1900,contention_steady,8,13.66949999999889,1.3733999999985258,12.296100000000365
fixed_8,1901,contention_steady,8,13.988200000000006,0.37250000000454975,13.615699999995456
fixed_8,1902,contention_steady,8,32.61720000000423,0.4020000000011237,32.21520000000311
fixed_8,1903,contention_steady,8,16.303099999994686,0.49939999999537577,15.80369999999931
fixed_8,1904,contention_steady,8,26.32239999999797,8.875699999997266,17.446700000000703
fixed_8,1905,contention_steady,8,23.1931000000003,0.4311000000001286,22.76200000000017
fixed_8,1906,contention_steady,8,24.25660000000107,1.5134000000003311,22.74320000000074
fixed_8,1907,contention_steady,8,31.844800000001783,0.44199999999960937,31.402800000002173
fixed_8,1908,contention_steady,8,16.99959999999834,0.3543999999990888,16.64519999999925
fixed_8,1909,contention_steady,8,29.816500000002577,0.3409000000047513,29.475599999997826
fixed_8,1910,contention_steady,8,25.12490000000156,5.906199999998307,19.218700000003253
fixed_8,1911,contention_steady,8,24.453999999998643,0.3656000000020754,24.088399999996568
fixed_8,1912,contention_steady,8,18.200300000003722,3.914899999998056,14.285400000005666
fixed_8,1913,contention_steady,8,25.855899999996268,0.6614999999996485,25.19439999999662
fixed_8,1914,contention_steady,8,18.87609999999995,1.312299999995048,17.563800000004903
fixed_8,1915,contention_steady,8,73.20179999999965,0.598199999998883,72.60360000000077
fixed_8,1916,contention_steady,8,19.075999999998317,0.4908999999955199,18.585100000002797
fixed_8,1917,contention_steady,8,24.115100000003054,5.248999999999171,18.866100000003883
fixed_8,1918,contention_steady,8,18.575099999999622,0.7237000000017701,17.851399999997852
fixed_8,1919,contention_steady,8,29.694700000000296,9.886600000001522,19.808099999998774
fixed_8,1920,contention_steady,8,41.778300000004265,0.4925000000000068,41.28580000000426
fixed_8,1921,contention_steady,8,17.152699999996912,0.6580000000013797,16.494699999995532
fixed_8,1922,contention_steady,8,14.323500000003264,0.7146000000020081,13.608900000001256
fixed_8,1923,contention_steady,8,40.38140000000112,10.227700000001505,30.153699999999617
fixed_8,1924,contention_steady,8,39.02620000000212,0.5055000000027121,38.52069999999941
fixed_8,1925,contention_steady,8,19.48550000000182,0.732599999999195,18.752900000002626
fixed_8,1926,contention_steady,8,33.289699999997424,0.6920000000008031,32.59769999999662
fixed_8,1927,contention_steady,8,14.762999999994975,0.3760999999968817,14.386899999998093
fixed_8,1928,contention_steady,8,25.46930000000458,0.5463000000034413,24.92300000000114
fixed_8,1929,contention_steady,8,21.205100000003085,0.5959000000004266,20.60920000000266
fixed_8,1930,contention_steady,8,56.39629999999585,9.52249999999566,46.87380000000019
fixed_8,1931,contention_steady,8,26.287299999999902,0.521800000001349,25.765499999998553
fixed_8,1932,contention_steady,8,17.15380000000266,0.42230000000387236,16.73149999999879
fixed_8,1933,contention_steady,8,16.482699999997408,0.5695999999986157,15.913099999998792
fixed_8,1934,contention_steady,8,17.180099999997367,0.7662999999951126,16.413800000002254
fixed_8,1935,contention_steady,8,34.53590000000162,0.4372000000003595,34.09870000000126
fixed_8,1936,contention_steady,8,17.40140000000423,0.54980000000171,16.85160000000252
fixed_8,1937,contention_steady,8,45.34720000000192,0.3474000000025512,44.99979999999937
fixed_8,1938,contention_steady,8,29.870400000000075,0.4902000000015505,29.380199999998524
fixed_8,1939,contention_steady,8,24.23639999999949,0.3758999999945445,23.860500000004947
fixed_8,1940,contention_steady,8,31.119599999996694,0.6768999999948733,30.44270000000182
fixed_8,1941,contention_steady,8,17.845999999998696,0.7428999999987695,17.103099999999927
fixed_8,1942,contention_steady,8,28.70579999999734,0.38579999999655,28.32000000000079
fixed_8,1943,contention_steady,8,14.40870000000416,0.7427000000035378,13.666000000000622
fixed_8,1944,contention_steady,8,13.478800000001456,0.49510000000196897,12.983699999999487
fixed_8,1945,contention_steady,8,34.315899999995736,12.393599999995786,21.92229999999995
fixed_8,1946,contention_steady,8,37.55440000000476,0.9490000000056398,36.60539999999912
fixed_8,1947,contention_steady,8,15.882500000003574,0.4425000000054524,15.439999999998122
fixed_8,1948,contention_steady,8,19.348800000003052,0.6577999999990425,18.69100000000401
fixed_8,1949,contention_steady,8,37.85110000000458,0.37860000000478067,37.4724999999998
fixed_8,1950,contention_steady,8,11.838500000003194,3.066400000001579,8.772100000001615
fixed_8,1951,contention_steady,8,21.681800000003193,0.3570000000010509,21.324800000002142
fixed_8,1952,contention_steady,8,25.21329999999722,6.338599999999417,18.8746999999978
fixed_8,1953,contention_steady,8,34.90419999999972,0.5627000000032467,34.34149999999647
fixed_8,1954,contention_steady,8,18.55950000000206,0.6532000000021299,17.90629999999993
fixed_8,1955,contention_steady,8,45.70030000000003,0.5541999999962854,45.14610000000374
fixed_8,1956,contention_steady,8,33.33200000000147,1.6243000000031316,31.70769999999834
fixed_8,1957,contention_steady,8,15.457299999994234,0.5443999999954485,14.912899999998785
fixed_8,1958,contention_steady,8,35.61460000000238,0.7204999999999018,34.89410000000248
fixed_8,1959,contention_steady,8,14.632800000001112,0.4804000000007136,14.152400000000398
fixed_8,1960,contention_steady,8,38.066999999998075,0.4786000000009949,37.58839999999708
fixed_8,1961,contention_steady,8,11.416900000000396,0.44700000000830187,10.969899999992094
fixed_8,1962,contention_steady,8,51.139899999995464,0.6365999999928817,50.50330000000258
fixed_8,1963,contention_steady,8,17.868200000009438,0.58680000000777,17.281400000001668
fixed_8,1964,contention_steady,8,45.18800000001022,0.46240000000352666,44.72560000000669
fixed_8,1965,contention_steady,8,26.660100000000853,0.6965999999977157,25.963500000003137
fixed_8,1966,contention_steady,8,12.764499999988743,0.6664000000000669,12.098099999988676
fixed_8,1967,contention_steady,8,57.43899999998803,38.01459999999679,19.424399999991238
fixed_8,1968,contention_steady,8,51.57889999999554,0.7174999999932652,50.86140000000228
fixed_8,1969,contention_steady,8,17.508500000005256,1.3800000000117052,16.12849999999355
fixed_8,1970,contention_steady,8,27.649600000003716,0.41200000001140324,27.237599999992312
fixed_8,1971,contention_steady,8,15.175700000000347,1.273000000011848,13.9026999999885
fixed_8,1972,contention_steady,8,9.515100000001553,2.1138999999976704,7.4012000000038825
fixed_8,1973,contention_steady,8,63.83390000000588,2.6119999999991705,61.22190000000671
fixed_8,1974,contention_steady,8,15.367999999995163,0.22959999999727643,15.138399999997887
fixed_8,1975,contention_steady,8,33.5187000000019,0.4820999999992637,33.036600000002636
fixed_8,1976,contention_steady,8,15.027200000005791,0.39219999999318134,14.63500000001261
fixed_8,1977,contention_steady,8,21.359600000010914,0.40490000000659165,20.954700000004323
fixed_8,1978,contention_steady,8,16.132900000002337,8.50550000001249,7.627399999989848
fixed_8,1979,contention_steady,8,12.868900000000849,0.8023999999977605,12.066500000003089
fixed_8,1980,contention_steady,8,38.1266999999923,2.2462999999959266,35.88039999999637
fixed_8,1981,contention_steady,8,10.339500000000612,0.308200000006309,10.031299999994303
fixed_8,1982,contention_steady,8,10.016000000007352,0.3204000000067708,9.695600000000582
fixed_8,1983,contention_steady,8,74.25160000001085,0.3106999999999971,73.94090000001086
fixed_8,1984,contention_steady,8,10.605800000007548,0.43399999999849115,10.171800000009057
fixed_8,1985,contention_steady,8,23.42339999999865,3.7092000000029657,19.714199999995685
fixed_8,1986,contention_steady,8,23.045599999989008,3.692999999998392,19.352599999990616
fixed_8,1987,contention_steady,8,14.874399999996513,0.46269999999992706,14.411699999996586
fixed_8,1988,contention_steady,8,12.245800000002305,0.5356000000062977,11.710199999996007
fixed_8,1989,contention_steady,8,19.02490000000512,0.7123999999976149,18.312500000007503
fixed_8,1990,contention_steady,8,36.52740000001131,0.46210000000712625,36.065300000004186
fixed_8,1991,contention_steady,8,12.934700000002408,0.5840999999975338,12.350600000004874
fixed_8,1992,contention_steady,8,27.94269999999699,7.721599999996442,20.221100000000547
fixed_8,1993,contention_steady,8,21.012200000001258,0.671400000001654,20.340799999999604
fixed_8,1994,contention_steady,8,26.794999999992797,3.3477000000061707,23.447299999986626
fixed_8,1995,contention_steady,8,35.35859999999502,0.8172999999942476,34.541300000000774
fixed_8,1996,contention_steady,8,15.735899999995695,0.3922000000073922,15.343699999988303
fixed_8,1997,contention_steady,8,35.48599999999169,0.5424999999945612,34.94349999999713
fixed_8,1998,contention_steady,8,15.105499999990002,0.5791999999900099,14.526299999999992
fixed_8,1999,contention_steady,8,37.34310000000107,0.7490999999930636,36.59400000000801
fixed_8,2000,contention_steady,8,11.453000000003044,0.5489999999923612,10.904000000010683
fixed_8,2001,contention_steady,8,19.85160000000974,0.35780000000329437,19.493800000006445
fixed_8,2002,contention_steady,8,34.694199999989905,0.9299999999967667,33.76419999999314
fixed_8,2003,contention_steady,8,41.81210000000135,0.7556999999991376,41.05640000000221
fixed_8,2004,contention_steady,8,23.41940000000875,0.7611000000053991,22.65830000000335
fixed_8,2005,contention_steady,8,45.860300000001075,0.7123999999976149,45.14790000000346
fixed_8,2006,contention_steady,8,11.51079999999638,0.9295999999920923,10.581200000004287
fixed_8,2007,contention_steady,8,10.619000000005485,0.7724000000024489,9.846600000003036
fixed_8,2008,contention_steady,8,10.492900000002692,0.5683000000118454,9.924599999990846
fixed_8,2009,contention_steady,8,16.625099999998838,0.4305000000073278,16.19459999999151
fixed_8,2010,contention_steady,8,34.40720000000397,0.41269999999826723,33.9945000000057
fixed_8,2011,contention_steady,8,13.906400000010422,1.796500000011747,12.109899999998675
fixed_8,2012,contention_steady,8,51.40699999999754,20.91649999999845,30.490499999999088
fixed_8,2013,contention_steady,8,35.14449999998703,3.1845999999973174,31.959899999989716
fixed_8,2014,contention_steady,8,32.791900000006535,0.4255999999998039,32.36630000000673
fixed_8,2015,contention_steady,8,15.063999999995303,0.43750000000386535,14.626499999991438
fixed_8,2016,contention_steady,8,17.146199999999112,0.488099999998326,16.658100000000786
fixed_8,2017,contention_steady,8,17.457100000001446,0.290100000000848,17.1670000000006
fixed_8,2018,contention_steady,8,17.52249999999833,0.7978000000008478,16.724699999997483
fixed_8,2019,contention_steady,8,28.722099999995976,0.4659999999887532,28.256100000007223
fixed_8,2020,contention_steady,8,24.314099999998007,0.5175000000008367,23.79659999999717
fixed_8,2021,contention_steady,8,13.169499999989398,0.4327999999986787,12.73669999999072
fixed_8,2022,contention_steady,8,38.431199999990895,0.3567999999916083,38.07439999999929
fixed_8,2023,contention_steady,8,45.61739999999759,0.5079999999964002,45.10940000000119
fixed_8,2024,contention_steady,8,14.617000000001212,0.6022000000029948,14.014799999998218
fixed_8,2025,contention_steady,8,19.750900000005345,0.2986000000078093,19.452299999997535
fixed_8,2026,contention_steady,8,32.430800000000204,1.8397000000049957,30.59109999999521
fixed_8,2027,contention_steady,8,47.22089999999923,0.6194000000050437,46.60149999999419
fixed_8,2028,contention_steady,8,14.929499999993823,0.45260000000268974,14.476899999991133
fixed_8,2029,contention_steady,8,30.07529999999292,0.34069999999530864,29.734599999997613
fixed_8,2030,contention_steady,8,34.81549999999345,0.8089999999896236,34.006500000003825
fixed_8,2031,contention_steady,8,24.660500000010188,0.5505000000027849,24.110000000007403
fixed_8,2032,contention_steady,8,16.57849999999428,0.6296999999904074,15.948800000003871
fixed_8,2033,contention_steady,8,27.147200000001703,0.6213999999999942,26.52580000000171
fixed_8,2034,contention_steady,8,20.873900000012213,4.013500000013437,16.860399999998776
fixed_8,2035,contention_steady,8,22.212600000003135,0.7255000000014888,21.487100000001647
fixed_8,2036,contention_steady,8,15.820099999999115,0.603099999992196,15.21700000000692
fixed_8,2037,contention_steady,8,36.04710000000466,0.2501999999964255,35.796900000008236
fixed_8,2038,contention_steady,8,24.227800000005573,0.9390000000024656,23.288800000003107
fixed_8,2039,contention_steady,8,20.78339999999912,0.5619000000081087,20.22149999999101
fixed_8,2040,contention_steady,8,13.3371000000011,0.6155000000092059,12.721599999991895
fixed_8,2041,contention_steady,8,22.741199999998685,0.6489999999956808,22.092200000003004
fixed_8,2042,contention_steady,8,36.685199999993756,0.6987999999950034,35.98639999999875
fixed_8,2043,contention_steady,8,11.636600000002773,0.3215000000125201,11.315099999990252
fixed_8,2044,contention_steady,8,8.719699999986119,0.3382999999956837,8.381399999990435
fixed_8,2045,contention_steady,8,24.467999999998824,0.4998000000000502,23.968199999998774
fixed_8,2046,contention_steady,8,16.04509999999948,0.5199000000004617,15.525199999999018
fixed_8,2047,contention_steady,8,23.698699999997075,0.4149000000097658,23.28379999998731
fixed_8,2048,contention_steady,8,13.897299999996449,0.28530000000159816,13.61199999999485
fixed_8,2049,contention_steady,8,17.435300000002485,0.32369999999559695,17.111600000006888
fixed_8,2050,contention_steady,8,45.95020000000716,0.33950000000970704,45.61069999999745
fixed_8,2051,contention_steady,8,14.539299999995592,0.5098000000032243,14.029499999992368
fixed_8,2052,contention_steady,8,18.264499999986583,0.7277999999928397,17.536699999993743
fixed_8,2053,contention_steady,8,33.75570000000039,0.7647000000048365,32.99099999999555
fixed_8,2054,contention_steady,8,16.08159999999259,0.7521999999937634,15.329399999998827
fixed_8,2055,contention_steady,8,23.635600000005752,0.4059000000040669,23.229700000001685
fixed_8,2056,contention_steady,8,18.75910000001113,0.8552000000037197,17.90390000000741
fixed_8,2057,contention_steady,8,35.07240000000422,0.5363000000073725,34.53609999999685
fixed_8,2058,contention_steady,8,15.6021000000095,1.1414000000087299,14.46070000000077
fixed_8,2059,contention_steady,8,37.40270000000123,0.565299999990998,36.837400000010234
fixed_8,2060,contention_steady,8,16.79209999998932,0.5242999999950371,16.26779999999428
fixed_8,2061,contention_steady,8,42.96769999999128,0.7032999999978529,42.26439999999343
fixed_8,2062,contention_steady,8,20.480200000008608,1.5109000000137485,18.96929999999486
fixed_8,2063,contention_steady,8,18.94610000000796,0.70180000000164,18.24430000000632
fixed_8,2064,contention_steady,8,25.75229999999351,0.7617999999922631,24.990500000001248
fixed_8,2065,contention_steady,8,13.857300000012174,2.926200000004542,10.931100000007632
fixed_8,2066,contention_steady,8,46.73299999998903,2.056599999988862,44.67640000000017
fixed_8,2067,contention_steady,8,15.659500000012372,1.8215999999995347,13.837900000012837
fixed_8,2068,contention_steady,8,28.446299999998814,0.45719999999960237,27.989099999999212
fixed_8,2069,contention_steady,8,16.360000000005925,0.3178000000048087,16.042200000001117
fixed_8,2070,contention_steady,8,36.48660000000348,1.1070999999986952,35.37950000000478
fixed_8,2071,contention_steady,8,16.541300000000092,0.5187999999947124,16.02250000000538
fixed_8,2072,contention_steady,8,10.198200000004931,2.4412000000069156,7.7569999999980155
fixed_8,2073,contention_steady,8,17.859299999997802,0.4784999999998263,17.380799999997976
fixed_8,2074,contention_steady,8,54.08179999999163,0.5754000000024462,53.506399999989185
fixed_8,2075,contention_steady,8,15.000999999998044,0.6283999999965317,14.372600000001512
fixed_8,2076,contention_steady,8,16.821300000003703,0.586000000012632,16.23529999999107
fixed_8,2077,contention_steady,8,28.896699999990005,0.408399999997755,28.48829999999225
fixed_8,2078,contention_steady,8,33.350499999997396,0.4598999999956277,32.89060000000177
fixed_8,2079,contention_steady,8,31.890000000004193,0.7554000000027372,31.134600000001456
fixed_8,2080,contention_steady,8,17.396800000000212,1.580300000000534,15.816499999999678
fixed_8,2081,contention_steady,8,48.32859999999073,0.3167999999931226,48.011799999997606
fixed_8,2082,contention_steady,8,15.908800000005385,0.9198999999995294,14.988900000005856
fixed_8,2083,contention_steady,8,41.02119999998877,0.8260999999976093,40.19509999999116
fixed_8,2084,contention_steady,8,10.77200000000289,0.37379999999131996,10.39820000001157
fixed_8,2085,contention_steady,8,14.686799999992672,0.4223999999908301,14.264400000001842
fixed_8,2086,contention_steady,8,33.609799999993584,23.656299999998964,9.95349999999462
fixed_8,2087,contention_steady,8,13.206999999994196,0.26069999999833726,12.946299999995858
fixed_8,2088,contention_steady,8,20.711500000004435,0.7130999999986898,19.998400000005745
fixed_8,2089,contention_steady,8,14.955000000000496,0.33489999999858355,14.620100000001912
fixed_8,2090,contention_steady,8,19.37639999999874,0.43999999999755346,18.936400000001186
fixed_8,2091,contention_steady,8,18.039999999999168,0.8425999999985834,17.197400000000584
fixed_8,2092,contention_steady,8,12.237400000003618,0.552999999996473,11.684400000007145
fixed_8,2093,contention_steady,8,14.702600000006782,0.6162000000102807,14.086399999996502
fixed_8,2094,contention_steady,8,19.71319999999821,0.43759999999792853,19.27560000000028
fixed_8,2095,contention_steady,8,22.13480000000345,0.5146000000024742,21.620200000000978
fixed_8,2096,contention_steady,8,26.617700000002742,0.8866999999952441,25.731000000007498
fixed_8,2097,contention_steady,8,35.06829999999184,0.4174999999975171,34.65079999999432
fixed_8,2098,contention_steady,8,18.45819999999776,0.33100000000274576,18.127199999995014
fixed_8,2099,contention_steady,8,31.58650000000307,0.6400000000041928,30.946499999998878
fixed_8,2100,contention_steady,8,14.224299999995083,0.8297999999911099,13.394500000003973
fixed_8,2101,contention_steady,8,38.66309999999373,0.807800000004022,37.85529999998971
fixed_8,2102,contention_steady,8,23.768500000002746,1.6793000000063785,22.089199999996367
fixed_8,2103,contention_steady,8,13.518899999994005,0.5665999999990845,12.95229999999492
fixed_8,2104,contention_steady,8,23.420699999988415,3.39289999999437,20.027799999994045
fixed_8,2105,contention_steady,8,28.47130000000675,0.8039000000081842,27.667399999998565
fixed_8,2106,contention_steady,8,24.540700000002857,0.610499999993408,23.93020000000945
fixed_8,2107,contention_steady,8,17.96889999999962,0.4251999999951295,17.543700000004492
fixed_8,2108,contention_steady,8,28.590799999989258,0.4086999999941554,28.182099999995103
fixed_8,2109,contention_steady,8,13.234699999998156,0.9057999999981803,12.328899999999976
fixed_8,2110,contention_steady,8,48.19630000000075,0.4489999999890415,47.747300000011705
fixed_8,2111,contention_steady,8,19.12520000000484,0.8144000000100959,18.310799999994742
fixed_8,2112,contention_steady,8,23.33349999999257,0.46050000000263935,22.87299999998993
fixed_8,2113,contention_steady,8,11.094499999998675,0.3886000000079548,10.70589999999072
fixed_8,2114,contention_steady,8,17.932500000000573,0.33739999999227166,17.5951000000083
fixed_8,2115,contention_steady,8,17.573200000001066,0.3284000000007836,17.244800000000282
fixed_8,2116,contention_steady,8,14.309900000000653,0.3815000000031432,13.92839999999751
fixed_8,2117,contention_steady,8,34.38470000000393,0.4302000000109274,33.954499999993004
fixed_8,2118,contention_steady,8,18.357699999995702,0.4868999999985135,17.87079999999719
fixed_8,2119,contention_steady,8,37.90550000000792,0.6957000000085145,37.209799999999404
fixed_8,2120,contention_steady,8,10.820499999994126,0.42990000000031614,10.39059999999381
fixed_8,2121,contention_steady,8,33.38319999998873,0.6231999999926074,32.759999999996126
fixed_8,2122,contention_steady,8,20.470599999995898,0.3493999999903963,20.1212000000055
fixed_8,2123,contention_steady,8,24.966100000000324,0.46430000000441396,24.50179999999591
fixed_8,2124,contention_steady,8,19.014899999987733,0.6744999999881429,18.34039999999959
fixed_8,2125,contention_steady,8,14.983599999993658,1.9870999999938022,12.996499999999855
fixed_8,2126,contention_steady,8,16.32060000000024,0.5559999999888987,15.764600000011342
fixed_8,2127,contention_steady,8,29.471400000005588,0.4099000000081787,29.06149999999741
fixed_8,2128,contention_steady,8,17.08960000000559,0.720700000002239,16.36890000000335
fixed_8,2129,contention_steady,8,35.041399999997225,0.7228000000054635,34.31859999999176
fixed_8,2130,contention_steady,8,41.18400000000122,0.6635999999957676,40.52040000000545
fixed_8,2131,contention_steady,8,10.864599999990787,0.7060999999879414,10.158500000002846
fixed_8,2132,contention_steady,8,49.91350000000239,0.5816999999979089,49.33180000000448
fixed_8,2133,contention_steady,8,24.54219999999907,0.637599999990357,23.904600000008713
fixed_8,2134,contention_steady,8,25.777300000001446,2.239099999997052,23.538200000004394
fixed_8,2135,contention_steady,8,29.07280000000867,0.37050000000249383,28.702300000006176
fixed_8,2136,contention_steady,8,20.28620000000103,0.8434000000079322,19.4427999999931
fixed_8,2137,contention_steady,8,37.38029999999526,0.7824999999996862,36.59779999999557
fixed_8,2138,contention_steady,8,12.352200000009361,0.2320000000111122,12.120199999998249
fixed_8,2139,contention_steady,8,48.39749999999299,0.7432999999963386,47.65419999999665
fixed_8,2140,contention_steady,8,14.039100000005078,0.4789000000045007,13.560200000000577
fixed_8,2141,contention_steady,8,35.05429999999876,2.8502999999915346,32.20400000000723
fixed_8,2142,contention_steady,8,16.599800000008713,0.48700000000678756,16.112800000001926
fixed_8,2143,contention_steady,8,38.86169999999822,0.3985999999969181,38.463100000001305
fixed_8,2144,contention_steady,8,16.222900000002483,2.9506000000054655,13.272299999997017
fixed_8,2145,contention_steady,8,11.488999999997418,0.5019999999973379,10.98700000000008
fixed_8,2146,contention_steady,8,18.336800000000153,0.7612999999935255,17.575500000006627
fixed_8,2147,contention_steady,8,41.36559999999179,0.37919999999758147,40.986399999994205
fixed_8,2148,contention_steady,8,17.725100000006933,0.7771000000076356,16.947999999999297
fixed_8,2149,contention_steady,8,46.09089999999583,0.31760000000247146,45.773299999993355
fixed_8,2150,contention_steady,8,13.769400000001042,0.4738000000088505,13.295599999992191
fixed_8,2151,contention_steady,8,24.568299999998544,0.523399999991625,24.04490000000692
fixed_8,2152,contention_steady,8,12.754399999991506,0.6015999999959831,12.152799999995523
fixed_8,2153,contention_steady,8,12.323800000004326,0.5213000000026113,11.802500000001714
fixed_8,2154,contention_steady,8,26.58370000000332,0.30230000000130985,26.28140000000201
fixed_8,2155,contention_steady,8,19.10630000000424,0.7726000000047861,18.333699999999453
fixed_8,2156,contention_steady,8,45.14539999999556,0.6261000000051808,44.51929999999038
fixed_8,2157,contention_steady,8,23.323200000007205,1.097799999996596,22.22540000001061
fixed_8,2158,contention_steady,8,50.98259999999755,0.8292999999923722,50.153300000005174
fixed_8,2159,contention_steady,8,13.06079999999099,0.35419999998964613,12.706600000001345
fixed_8,2160,contention_steady,8,17.78490000000943,0.38250000000061846,17.40240000000881
fixed_8,2161,contention_steady,8,24.91799999999955,0.34869999998932144,24.56930000001023
fixed_8,2162,contention_steady,8,50.8956999999981,0.5716999999947348,50.324000000003366
fixed_8,2163,contention_steady,8,11.067599999989852,0.7603999999901134,10.307199999999739
fixed_8,2164,contention_steady,8,30.26850000000536,0.5019000000032747,29.766600000002086
fixed_8,2165,contention_steady,8,16.541099999997755,0.4251000000010663,16.11599999999669
fixed_8,2166,contention_steady,8,58.244700000003036,3.657700000005093,54.58699999999794
fixed_8,2167,contention_steady,8,32.66820000000337,0.5335999999971364,32.13460000000623
fixed_8,2168,contention_steady,8,10.564299999998639,0.3932999999989306,10.170999999999708
fixed_8,2169,contention_steady,8,17.083600000006527,0.3026000000119211,16.780999999994606
fixed_8,2170,contention_steady,8,27.790300000006596,0.694400000000428,27.095900000006168
fixed_8,2171,contention_steady,8,14.846200000008025,0.5098999999972875,14.336300000010738
fixed_8,2172,contention_steady,8,30.382299999999418,0.29650000000458476,30.085799999994833
fixed_8,2173,contention_steady,8,20.754499999995346,0.2960999999999103,20.458399999995436
fixed_8,2174,contention_steady,8,37.525100000010525,1.050200000008772,36.47490000000175
fixed_8,2175,contention_steady,8,14.943500000001109,0.4976999999968257,14.445800000004283
fixed_8,2176,contention_steady,8,12.051700000000665,0.4017000000118287,11.649999999988836
fixed_8,2177,contention_steady,8,29.323899999994296,0.47969999999963875,28.844199999994657
fixed_8,2178,contention_steady,8,14.967999999996096,0.8726000000081058,14.09539999998799
fixed_8,2179,contention_steady,8,9.49950000000399,1.9607000000121388,7.538799999991852
fixed_8,2180,contention_steady,8,60.20379999999648,0.340099999988297,59.86370000000818
fixed_8,2181,contention_steady,8,15.107299999996826,0.5322999999890499,14.575000000007776
fixed_8,2182,contention_steady,8,57.52010000000496,0.6381000000033055,56.88200000000165
fixed_8,2183,contention_steady,8,9.406499999997209,0.4028999999974303,9.003599999999778
fixed_8,2184,contention_steady,8,51.78940000000409,0.6580999999954429,51.13130000000865
fixed_8,2185,contention_steady,8,15.263400000009142,0.6149000000021942,14.648500000006948
fixed_8,2186,contention_steady,8,22.78990000000647,2.243500000005838,20.54640000000063
fixed_8,2187,contention_steady,8,28.812799999997196,0.4696999999964646,28.34310000000073
fixed_8,2188,contention_steady,8,62.627599999999006,0.4096000000117783,62.21799999998723
fixed_8,2189,contention_steady,8,51.0955000000024,0.5024000000020123,50.59310000000039
fixed_8,2190,contention_steady,8,15.840699999998265,4.7100000000028786,11.130699999995386
fixed_8,2191,contention_steady,8,41.349400000001424,0.7796000000013237,40.5698000000001
fixed_8,2192,contention_steady,8,11.646500000011883,0.4089000000107035,11.23760000000118
fixed_8,2193,contention_steady,8,30.541200000001822,0.4729999999995016,30.06820000000232
fixed_8,2194,contention_steady,8,16.733700000003182,0.4842999999965514,16.24940000000663
fixed_8,2195,contention_steady,8,48.73039999999662,0.7690999999994119,47.96129999999721
fixed_8,2196,contention_steady,8,8.320100000005937,0.4505999999935284,7.869500000012408
fixed_8,2197,contention_steady,8,17.99629999999297,0.8811000000008562,17.115199999992114
fixed_8,2198,contention_steady,8,38.897900000009145,1.0672000000084836,37.83070000000066
fixed_8,2199,contention_steady,8,12.730399999995257,0.4486999999926411,12.281700000002616
fixed_8,2200,contention_steady,8,40.38339999999607,0.5386999999927866,39.844700000003286
fixed_8,2201,contention_steady,8,17.909899999992263,0.4672000000027765,17.442699999989486
fixed_8,2202,contention_steady,8,28.15429999999708,0.5325999999996611,27.621699999997418
fixed_8,2203,contention_steady,8,16.886099999993576,0.6220000000070058,16.26409999998657
fixed_8,2204,contention_steady,8,31.60799999999142,0.4945999999961259,31.113399999995295
fixed_8,2205,contention_steady,8,39.70929999999839,0.6891999999965037,39.02010000000189
fixed_8,2206,contention_steady,8,14.020999999999617,0.42790000000536565,13.593099999994251
fixed_8,2207,contention_steady,8,14.000600000002805,0.805299999996123,13.195300000006682
fixed_8,2208,contention_steady,8,21.235100000012608,0.7858000000027232,20.449300000009885
fixed_8,2209,contention_steady,8,63.59359999999015,3.358599999998546,60.2349999999916
fixed_8,2210,contention_steady,8,16.411900000008472,0.8693000000050688,15.542600000003404
fixed_8,2211,contention_steady,8,31.171900000003916,0.5203999999991993,30.651500000004717
fixed_8,2212,contention_steady,8,12.233300000005443,0.3549000000049318,11.87840000000051
fixed_8,2213,contention_steady,8,51.99859999999035,0.5912999999964086,51.40729999999394
fixed_8,2214,contention_steady,8,16.1163000000073,0.4179000000021915,15.698400000005108
fixed_8,2215,contention_steady,8,19.19729999998765,0.6192999999967697,18.57799999999088
fixed_8,2216,contention_steady,8,23.646199999987516,3.022399999991876,20.62379999999564
fixed_8,2217,contention_steady,8,24.85439999999528,0.4710000000045511,24.38339999999073
fixed_8,2218,contention_steady,8,14.414500000000885,3.205699999995204,11.20880000000568
fixed_8,2219,contention_steady,8,50.66140000000985,0.5152000000094858,50.14620000000036
fixed_8,2220,contention_steady,8,15.484199999988846,0.6829999999951042,14.801199999993742
fixed_8,2221,contention_steady,8,12.529999999998154,0.5065999999942505,12.023400000003903
fixed_8,2222,contention_steady,8,48.31330000000378,0.35180000000423206,47.961499999999546
fixed_8,2223,contention_steady,8,16.1042000000009,0.5280000000027485,15.576199999998153
fixed_8,2224,contention_steady,8,47.942000000006146,0.6147999999939202,47.327200000012226
fixed_8,2225,contention_steady,8,39.82709999999656,0.628700000007143,39.19839999998942
fixed_8,2226,contention_steady,8,14.352000000002363,0.26540000000352393,14.086599999998839
fixed_8,2227,contention_steady,8,31.341600000004632,0.3275000000115824,31.01409999999305
fixed_8,2228,contention_steady,8,18.685499999989474,0.72469999999214,17.960799999997334
fixed_8,2229,contention_steady,8,30.063499999997134,1.0760999999916976,28.987400000005437
fixed_8,2230,contention_steady,8,19.114399999992315,0.6441000000023678,18.470299999989948
fixed_8,2231,contention_steady,8,46.365700000009724,0.27719999999931133,46.08850000001041
fixed_8,2232,contention_steady,8,30.875199999996994,0.7442999999938138,30.13090000000318
fixed_8,2233,contention_steady,8,13.438100000001896,0.789699999998561,12.648400000003335
fixed_8,2234,contention_steady,8,23.892299999999977,0.435499999994704,23.456800000005273
fixed_8,2235,contention_steady,8,21.094699999991917,1.4236999999894806,19.671000000002437
fixed_8,2236,contention_steady,8,32.06230000000687,0.5952000000064572,31.467100000000414
fixed_8,2237,contention_steady,8,22.350200000005316,1.0352999999980739,21.314900000007242
fixed_8,2238,contention_steady,8,16.625799999999913,0.8574000000010074,15.768399999998906
fixed_8,2239,contention_steady,8,24.33650000000398,0.7934000000062724,23.543099999997708
fixed_8,2240,contention_steady,8,44.51249999999618,1.2365999999985888,43.27589999999759
fixed_8,2241,contention_steady,8,17.263200000002143,0.45830000000535165,16.804899999996792
fixed_8,2242,contention_steady,8,46.990700000009156,0.6893999999988409,46.301300000010315
fixed_8,2243,contention_steady,8,25.34459999999683,0.43120000000840264,24.913399999988428
fixed_8,2244,contention_steady,8,25.23639999999716,1.225199999993265,24.011200000003896
fixed_8,2245,contention_steady,8,54.08509999999467,0.25519999999801257,53.829899999996655
fixed_8,2246,contention_steady,8,11.740099999997256,0.6269000000003189,11.113199999996937
fixed_8,2247,contention_steady,8,28.174500000005764,2.8109000000000606,25.363600000005704
fixed_8,2248,contention_steady,8,12.1252999999939,0.7313999999922771,11.393900000001622
fixed_8,2249,contention_steady,8,25.209900000007224,0.33450000000811997,24.875399999999104
fixed_8,2250,contention_steady,8,13.609599999995226,0.24940000000128748,13.360199999993938
fixed_8,2251,contention_steady,8,43.390999999999735,0.6211000000035938,42.76989999999614
fixed_8,2252,contention_steady,8,22.432600000001912,1.4404000000070027,20.99219999999491
fixed_8,2253,contention_steady,8,58.92849999999328,0.607199999990371,58.32130000000291
fixed_8,2254,contention_steady,8,14.288399999998092,0.5621999999902982,13.726200000007793
fixed_8,2255,contention_steady,8,25.127200000000016,0.42109999999695447,24.70610000000306
fixed_8,2256,contention_steady,8,19.009600000003957,1.0167000000080861,17.99289999999587
fixed_8,2257,contention_steady,8,20.183699999989813,0.3251999999918098,19.858499999998003
fixed_8,2258,contention_steady,8,16.850800000000277,2.598300000002496,14.25249999999778
fixed_8,2259,contention_steady,8,27.213600000010274,0.37060000001076787,26.842999999999506
fixed_8,2260,contention_steady,8,15.583899999995765,0.5606000000000222,15.023299999995743
fixed_8,2261,contention_steady,8,39.845799999994824,0.3263999999916223,39.5194000000032
fixed_8,2262,contention_steady,8,19.09109999999714,0.4538000000025022,18.63729999999464
fixed_8,2263,contention_steady,8,40.86329999999805,0.6079999999997199,40.25529999999833
fixed_8,2264,contention_steady,8,17.857899999995652,0.43999999999755346,17.4178999999981
fixed_8,2265,contention_steady,8,34.297199999997474,0.4560999999938531,33.84110000000362
fixed_8,2266,contention_steady,8,18.187999999994986,0.46859999999071533,17.71940000000427
fixed_8,2267,contention_steady,8,36.34050000000855,0.5821000000025833,35.75840000000596
fixed_8,2268,contention_steady,8,19.181700000004298,3.8643000000035954,15.317400000000703
fixed_8,2269,contention_steady,8,19.753799999989496,0.4275000000006912,19.326299999988805
fixed_8,2270,contention_steady,8,51.54090000000622,0.5442000000073222,50.996699999998896
fixed_8,2271,contention_steady,8,50.024199999995744,2.5250000000056616,47.49919999999008
fixed_8,2272,contention_steady,8,15.228199999995695,0.3659999999996444,14.86219999999605
fixed_8,2273,contention_steady,8,16.06010000000424,0.5472999999938111,15.51280000001043
fixed_8,2274,contention_steady,8,30.230999999986352,0.5261999999959244,29.704799999990428
fixed_8,2275,contention_steady,8,12.257599999998092,0.4571000000055392,11.800499999992553
fixed_8,2276,contention_steady,8,36.281699999989314,0.3512999999912836,35.93039999999803
fixed_8,2277,contention_steady,8,36.860000000004334,25.29319999999302,11.566800000011312
fixed_8,2278,contention_steady,8,11.229299999996556,0.3054999999960728,10.923800000000483
fixed_8,2279,contention_steady,8,18.01940000000002,0.46629999999936445,17.553100000000654
fixed_8,2280,contention_steady,8,12.165799999991123,0.6812000000024909,11.484599999988632
fixed_8,2281,contention_steady,8,16.611099999991552,0.4028999999974303,16.20819999999412
fixed_8,2282,contention_steady,8,31.78110000000345,0.5850000000009459,31.196100000002502
fixed_8,2283,contention_steady,8,47.53940000000512,0.484100000008425,47.05529999999669
fixed_8,2284,contention_steady,8,12.07869999998934,0.4755999999872529,11.603100000002087
fixed_8,2285,contention_steady,8,14.886000000004174,0.7137999999997646,14.172200000004409
fixed_8,2286,contention_steady,8,30.715299999997114,0.4171000000070535,30.29819999999006
fixed_8,2287,contention_steady,8,10.696400000000494,0.3007000000110338,10.39569999998946
fixed_8,2288,contention_steady,8,42.83379999999681,0.8557000000024573,41.978099999994356
fixed_8,2289,contention_steady,8,17.61399999999469,0.4158999999930302,17.19810000000166
fixed_8,2290,contention_steady,8,36.304600000008236,1.2953000000095471,35.00929999999869
fixed_8,2291,contention_steady,8,18.377200000003313,0.5479000000008227,17.82930000000249
fixed_8,2292,contention_steady,8,35.5689999999953,0.6142999999951826,34.954700000000116
fixed_8,2293,contention_steady,8,14.42029999999761,0.8473999999978332,13.572899999999777
fixed_8,2294,contention_steady,8,30.789800000007972,1.5082000000035123,29.28160000000446
fixed_8,2295,contention_steady,8,18.135400000005575,0.8057999999948606,17.329600000010714
fixed_8,2296,contention_steady,8,19.94740000000661,0.40339999999616794,19.544000000010442
fixed_8,2297,contention_steady,8,46.176200000005,10.371200000008685,35.80499999999631
fixed_8,2298,contention_steady,8,22.373400000006427,0.8037999999999101,21.569600000006517
fixed_8,2299,contention_steady,8,19.657099999989214,1.4054999999899565,18.251599999999257
fixed_8,2300,contention_steady,8,46.13119999999071,0.446999999994091,45.68419999999662
fixed_8,2301,contention_steady,8,13.160700000000247,0.3823999999923444,12.778300000007903
fixed_8,2302,contention_steady,8,17.631899999997813,0.6175999999982196,17.014299999999594
fixed_8,2303,contention_steady,8,41.12729999999942,0.40600000001234093,40.72129999998708
fixed_8,2304,contention_steady,8,15.242499999999382,0.40969999999163065,14.832800000007751
fixed_8,2305,contention_steady,8,65.47510000000045,0.47200000000202635,65.00309999999843
fixed_8,2306,contention_steady,8,12.868499999996175,0.4010999999906062,12.467400000005568
fixed_8,2307,contention_steady,8,46.956499999993184,0.3303000000016709,46.62619999999151
fixed_8,2308,contention_steady,8,32.315300000007596,0.7920000000041227,31.523300000003474
fixed_8,2309,contention_steady,8,15.319999999988454,0.3777999999954318,14.942199999993022
fixed_8,2310,contention_steady,8,16.920599999991737,0.45289999999909014,16.467699999992647
fixed_8,2311,contention_steady,8,8.330199999988963,0.550599999996848,7.779599999992115
fixed_8,2312,contention_steady,8,24.158100000008176,0.5371000000025106,23.621000000005665
fixed_8,2313,contention_steady,8,33.722299999993766,0.5544999999926858,33.16780000000108
fixed_8,2314,contention_steady,8,13.319799999990778,0.3005999999885489,13.019200000002229
fixed_8,2315,contention_steady,8,10.602800000000911,0.4568000000091388,10.145999999991773
fixed_8,2316,contention_steady,8,41.11430000000382,0.30819999999209813,40.806100000011725
fixed_8,2317,contention_steady,8,8.702800000008892,0.6576000000109161,8.045199999997976
fixed_8,2318,contention_steady,8,39.28280000000939,0.2685000000042237,39.014300000005164
fixed_8,2319,contention_steady,8,17.720900000000483,0.48710000000085074,17.233799999999633
fixed_8,2320,contention_steady,8,70.4747999999995,1.5687000000070839,68.90609999999242
fixed_8,2321,contention_steady,8,14.850800000004938,0.3643999999951575,14.48640000000978
fixed_8,2322,contention_steady,8,30.798099999998385,0.4258999999962043,30.37220000000218
fixed_8,2323,contention_steady,8,32.166099999997755,1.4453000000003158,30.72079999999744
fixed_8,2324,contention_steady,8,34.82859999999732,0.6503000000037673,34.178299999993556
fixed_8,2325,contention_steady,8,39.644100000003846,0.8163000000109832,38.82779999999286
fixed_8,2326,contention_steady,8,15.67020000000241,0.28340000000071086,15.3868000000017
fixed_8,2327,contention_steady,8,59.618599999993194,0.5388999999951238,59.07969999999807
fixed_8,2328,contention_steady,8,16.3954000000075,0.8260999999976093,15.56930000000989
fixed_8,2329,contention_steady,8,59.82509999999763,0.6652000000002545,59.15989999999738
fixed_8,2330,contention_steady,8,9.238300000006916,0.5899000000084698,8.648399999998446
fixed_8,2331,contention_steady,8,49.19280000000015,0.3372000000041453,48.855599999996
fixed_8,2332,contention_steady,8,16.59180000000049,0.42080000000055406,16.170999999999935
fixed_8,2333,contention_steady,8,37.43120000000033,0.549000000006572,36.88219999999376
fixed_8,2334,contention_steady,8,16.952399999993872,0.3801999999950567,16.572199999998816
fixed_8,2335,contention_steady,8,46.55379999999809,0.7049000000023398,45.84889999999575
fixed_8,2336,contention_steady,8,55.4528999999917,0.878499999998894,54.574399999992806
fixed_8,2337,contention_steady,8,17.89879999999755,1.1490999999921314,16.74970000000542
fixed_8,2338,contention_steady,8,13.897999999997523,0.49250000000711225,13.405499999990411
fixed_8,2339,contention_steady,8,33.59780000000967,0.5439000000109218,33.05389999999875
fixed_8,2340,contention_steady,8,13.615599999994288,0.7284999999939146,12.887100000000373
fixed_8,2341,contention_steady,8,52.94109999999819,0.9713999999974021,51.969700000000785
fixed_8,2342,contention_steady,8,19.978700000010008,0.4839000000060878,19.49480000000392
fixed_8,2343,contention_steady,8,58.50390000000516,0.6841000000008535,57.81980000000431
fixed_8,2344,contention_steady,8,19.14470000001245,0.6052000000096314,18.539500000002818
fixed_8,2345,contention_steady,8,31.102099999998245,0.6593000000094662,30.44279999998878
fixed_8,2346,contention_steady,8,16.732899999993833,1.0296999999894751,15.703200000004358
fixed_8,2347,contention_steady,8,46.94019999999455,0.6702999999959047,46.26989999999864
fixed_8,2348,contention_steady,8,18.218200000006846,0.831599999997934,17.38660000000891
fixed_8,2349,contention_steady,8,31.234599999990564,0.4407999999926915,30.793799999997873
fixed_8,2350,contention_steady,8,15.154499999994187,0.41339999999934207,14.741099999994844
fixed_8,2351,contention_steady,8,39.81880000000615,0.4878000000019256,39.331000000004224
fixed_8,2352,contention_steady,8,17.32499999999959,0.4418000000043776,16.883199999995213
fixed_8,2353,contention_steady,8,27.183100000002014,0.4412999999914291,26.741800000010585
fixed_8,2354,contention_steady,8,8.360400000000823,0.22730000000592554,8.133099999994897
fixed_8,2355,contention_steady,8,10.432899999997858,0.335300000003258,10.0975999999946
fixed_8,2356,contention_steady,8,31.316300000000297,0.37129999999763186,30.945000000002665
fixed_8,2357,contention_steady,8,14.814599999994016,0.28910000000337277,14.525499999990643
fixed_8,2358,contention_steady,8,16.71780000000922,0.8156000000099084,15.902199999999311
fixed_8,2359,contention_steady,8,71.38559999999927,10.487099999991756,60.898500000007516
fixed_8,2360,contention_steady,8,71.00869999999304,0.7628999999980124,70.24579999999503
fixed_8,2361,contention_steady,8,9.296500000004926,0.36769999999819447,8.928800000006731
fixed_8,2362,contention_steady,8,21.049200000007318,1.121800000007056,19.92740000000026
fixed_8,2363,contention_steady,8,42.14170000000195,0.5574000000052592,41.58429999999669
fixed_8,2364,contention_steady,8,16.103799999996227,0.4612000000037142,15.642599999992512
fixed_8,2365,contention_steady,8,34.278600000007486,0.507100000007199,33.77150000000029
fixed_8,2366,contention_steady,8,15.326999999999202,0.8707000000072185,14.456299999991984
fixed_8,2367,contention_steady,8,51.58989999999619,0.3817999999995436,51.20809999999665
fixed_8,2368,contention_steady,8,12.500299999999243,0.5979999999965457,11.902300000002697
fixed_8,2369,contention_steady,8,17.589499999999703,0.3604999999993197,17.229000000000383
fixed_8,2370,contention_steady,8,13.608400000009624,1.3462000000004082,12.262200000009216
fixed_8,2371,contention_steady,8,24.054900000010093,0.3426000000104068,23.712299999999686
fixed_8,2372,contention_steady,8,19.52079999999512,0.5158000000022867,19.004999999992833
fixed_8,2373,contention_steady,8,52.907399999995164,0.3140000000030341,52.59339999999213
fixed_8,2374,contention_steady,8,17.193200000008346,0.5358000000086349,16.65739999999971
fixed_8,2375,contention_steady,8,48.55259999999362,1.1580999999978303,47.39449999999579
fixed_8,2376,contention_steady,8,11.437200000003145,0.9651999999960026,10.472000000007142
fixed_8,2377,contention_steady,8,48.34249999998974,0.5331999999924619,47.80929999999728
fixed_8,2378,contention_steady,8,23.465399999992087,0.42449999999405463,23.040899999998032
fixed_8,2379,contention_steady,8,44.21789999999248,0.5405999999936739,43.67729999999881
fixed_8,2380,contention_steady,8,12.76719999999898,0.43489999998769235,12.332300000011287
fixed_8,2381,contention_steady,8,40.57849999999519,0.6448999999975058,39.93359999999768
fixed_8,2382,contention_steady,8,24.530800000007957,0.4327000000046155,24.098100000003342
fixed_8,2383,contention_steady,8,30.191000000002077,0.5342999999982112,29.656700000003866
fixed_8,2384,contention_steady,8,9.674999999987222,0.4715999999973519,9.20339999998987
fixed_8,2385,contention_steady,8,11.227500000003943,0.7532999999995127,10.47420000000443
fixed_8,2386,contention_steady,8,40.14580000000478,2.8633000000013453,37.28250000000344
fixed_8,2387,contention_steady,8,28.622800000007942,0.37020000000609343,28.25260000000185
fixed_8,2388,contention_steady,8,41.36960000001011,0.46620000000530126,40.90340000000481
fixed_8,2389,contention_steady,8,24.841799999990144,0.5400000000008731,24.30179999998927
fixed_8,2390,contention_steady,8,12.118999999998437,0.27490000000796044,11.844099999990476
fixed_8,2391,contention_steady,8,61.33099999999558,0.5366999999978361,60.79429999999775
fixed_8,2392,contention_steady,8,11.232599999999593,0.34750000000371983,10.885099999995873
fixed_8,2393,contention_steady,8,50.23179999999172,0.26780000000314885,49.96399999998857
fixed_8,2394,contention_steady,8,17.24470000000622,0.6853000000006659,16.559400000005553
fixed_8,2395,contention_steady,8,66.276000000002,0.5059000000073866,65.77009999999461
fixed_8,2396,contention_steady,8,17.061300000008828,4.649499999999307,12.41180000000952
fixed_8,2397,contention_steady,8,56.55720000000031,0.2731999999951995,56.28400000000511
fixed_8,2398,contention_steady,8,7.703699999993319,0.5108000000006996,7.192899999992619
fixed_8,2399,contention_steady,8,21.879299999994828,0.24779999999680058,21.631499999998027
fixed_8,2400,contention_steady,8,21.249199999999746,2.577000000002272,18.672199999997474
fixed_8,2401,contention_steady,8,37.00819999998828,0.6791999999933296,36.32899999999495
fixed_8,2402,contention_steady,8,14.963700000009794,0.49390000000926193,14.469800000000532
fixed_8,2403,contention_steady,8,16.91499999999735,0.4653999999959524,16.449600000001396
fixed_8,2404,contention_steady,8,13.650600000005397,2.5578000000052725,11.092800000000125
fixed_8,2405,contention_steady,8,34.10729999998807,0.24849999999787542,33.8587999999902
fixed_8,2406,contention_steady,8,10.830600000005575,0.2405999999979258,10.590000000007649
fixed_8,2407,contention_steady,8,22.615400000006503,0.4251000000010663,22.190300000005436
fixed_8,2408,contention_steady,8,32.624600000005444,0.6086000000067315,32.01599999999871
fixed_8,2409,contention_steady,8,31.988399999988815,0.8244999999931224,31.163899999995692
fixed_8,2410,contention_steady,8,48.465800000002446,26.935999999992077,21.52980000001037
fixed_8,2411,contention_steady,8,56.52360000000556,0.5285999999955493,55.99500000001001
fixed_8,2412,contention_steady,8,18.582100000003265,0.633600000000456,17.94850000000281
fixed_8,2413,contention_steady,8,18.965499999993085,0.44080000000690234,18.524699999986183
fixed_8,2414,contention_steady,8,15.924699999999348,0.28749999999888587,15.637200000000462
fixed_8,2415,contention_steady,8,42.603599999992525,0.2791999999942618,42.32439999999826
fixed_8,2416,contention_steady,8,17.87419999999429,0.47390000000291366,17.400299999991375
fixed_8,2417,contention_steady,8,23.24590000000626,0.49450000000206273,22.751400000004196
fixed_8,2418,contention_steady,8,8.809399999989864,0.2714999999966494,8.537899999993215
fixed_8,2419,contention_steady,8,27.819399999998495,0.2857000000062726,27.533699999992223
fixed_8,2420,contention_steady,8,42.46379999999306,0.5805999999921596,41.8832000000009
fixed_8,2421,contention_steady,8,16.576999999998066,0.45670000000086475,16.1202999999972
fixed_8,2422,contention_steady,8,36.0854000000046,0.40579999999579286,35.679600000008804
fixed_8,2423,contention_steady,8,11.968199999998319,0.3163000000085958,11.651899999989723
fixed_8,2424,contention_steady,8,47.40749999999139,0.5651999999969348,46.84229999999445
fixed_8,2425,contention_steady,8,15.02829999999733,0.3492000000022699,14.67909999999506
fixed_8,2426,contention_steady,8,14.139099999994187,0.7336000000037757,13.405499999990411
fixed_8,2427,contention_steady,8,10.33919999999,0.5302999999940994,9.808899999995901
fixed_8,2428,contention_steady,8,11.458699999991495,0.4138999999980797,11.044799999993415
fixed_8,2429,contention_steady,8,30.832000000003745,0.5814000000015085,30.250600000002237
fixed_8,2430,contention_steady,8,19.207100000002697,0.4880000000042628,18.719099999998434
fixed_8,2431,contention_steady,8,16.050000000007003,0.304100000008134,15.74589999999887
fixed_8,2432,contention_steady,8,62.18479999999715,0.4368000000027905,61.74799999999436
fixed_8,2433,contention_steady,8,22.43590000000495,0.931899999997654,21.504000000007295
fixed_8,2434,contention_steady,8,16.661800000008498,0.327900000002046,16.33390000000645
fixed_8,2435,contention_steady,8,12.04110000000469,0.28470000000879736,11.756399999995892
fixed_8,2436,contention_steady,8,31.216200000002914,0.28149999999982356,30.93470000000309
fixed_8,2437,contention_steady,8,21.36149999999759,0.3416999999927839,21.019800000004807
fixed_8,2438,contention_steady,8,46.08570000000611,0.4425000000054524,45.64320000000066
fixed_8,2439,contention_steady,8,19.4300999999939,0.8183999999999969,18.611699999993903
fixed_8,2440,contention_steady,8,50.75250000000153,0.6656999999989921,50.08680000000254
fixed_8,2441,contention_steady,8,14.81699999999364,3.763800000001538,11.053199999992103
fixed_8,2442,contention_steady,8,32.216099999999415,0.44559999999194133,31.770500000007473
fixed_8,2443,contention_steady,8,26.74650000000156,0.3642000000070311,26.38229999999453
fixed_8,2444,contention_steady,8,27.269099999998048,0.6168999999971447,26.652200000000903
fixed_8,2445,contention_steady,8,17.553599999999392,0.3713000000118427,17.18229999998755
fixed_8,2446,contention_steady,8,35.025000000004525,0.35210000000063246,34.67290000000389
fixed_8,2447,contention_steady,8,14.392999999998324,0.5175999999948999,13.875400000003424
fixed_8,2448,contention_steady,8,9.927099999998745,0.411700000000792,9.515399999997953
fixed_8,2449,contention_steady,8,14.760899999998855,0.5136999999990621,14.247199999999793
fixed_8,2450,contention_steady,8,16.809499999993704,1.8153999999981352,14.99409999999557
fixed_8,2451,contention_steady,8,21.965100000002735,0.809500000002572,21.155600000000163
fixed_8,2452,contention_steady,8,25.156500000008464,0.5751000000060458,24.581400000002418
fixed_8,2453,contention_steady,8,23.73559999999486,0.5694000000033839,23.166199999991477
fixed_8,2454,contention_steady,8,17.935399999998936,0.6230000000044811,17.312399999994454
fixed_8,2455,contention_steady,8,28.011800000001585,0.35290000000998134,27.658899999991604
fixed_8,2456,contention_steady,8,13.762399999990294,1.262999999994463,12.49939999999583
fixed_8,2457,contention_steady,8,29.451300000005176,0.5468000000092843,28.904499999995892
fixed_8,2458,contention_steady,8,30.26450000000125,0.2874000000048227,29.977099999996426
fixed_8,2459,contention_steady,8,22.22409999998831,0.6473999999911939,21.576699999997118
fixed_8,2460,contention_steady,8,32.84690000000978,1.096300000000383,31.7506000000094
fixed_8,2461,contention_steady,8,25.288000000003308,0.4724000000067008,24.815599999996607
fixed_8,2462,contention_steady,8,36.94359999998653,0.7078999999947655,36.235699999991766
fixed_8,2463,contention_steady,8,18.392800000000875,0.43720000000746495,17.95559999999341
fixed_8,2464,contention_steady,8,33.105199999994284,0.6539999999972679,32.451199999997016
fixed_8,2465,contention_steady,8,17.764999999997144,0.9213999999957423,16.843600000001402
fixed_8,2466,contention_steady,8,44.03240000000608,1.0760000000118453,42.95639999999423
fixed_8,2467,contention_steady,8,17.388699999997925,0.9897000000052003,16.398999999992725
fixed_8,2468,contention_steady,8,31.178699999998116,0.41109999999378033,30.767600000004336
fixed_8,2469,contention_steady,8,13.746400000002268,1.3739000000043688,12.372499999997899
fixed_8,2470,contention_steady,8,26.137199999993754,0.7923999999945863,25.344799999999168
fixed_8,2471,contention_steady,8,11.899499999998397,2.0458999999988237,9.853599999999574
fixed_8,2472,contention_steady,8,46.300500000000966,0.42790000000536565,45.8725999999956
fixed_8,2473,contention_steady,8,29.27259999999876,0.4100000000022419,28.86259999999652
fixed_8,2474,contention_steady,8,31.221099999996227,0.5402999999972735,30.680799999998953
fixed_8,2475,contention_steady,8,18.21800000000451,0.45990000000983855,17.75809999999467
fixed_8,2476,contention_steady,8,53.99100000001056,0.7903000000055727,53.200700000004986
fixed_8,2477,contention_steady,8,17.34869999999944,0.7167999999921904,16.63190000000725
fixed_8,2478,contention_steady,8,45.427200000005996,0.3030000000023847,45.12420000000361
fixed_8,2479,contention_steady,8,19.936799999996424,0.6213999999999942,19.31539999999643
fixed_8,2480,contention_steady,8,18.240199999993933,1.2241999999957898,17.015999999998144
fixed_8,2481,contention_steady,8,18.82150000000138,0.7166999999981272,18.10480000000325
fixed_8,2482,contention_steady,8,43.073699999993664,0.3703999999942198,42.703299999999444
fixed_8,2483,contention_steady,8,28.54030000000307,0.5986000000035574,27.941699999999514
fixed_8,2484,contention_steady,8,26.09689999999887,1.0852999999997337,25.011599999999135
fixed_8,2485,contention_steady,8,20.108500000006302,3.5675999999966734,16.54090000000963
fixed_8,2486,contention_steady,8,21.769399999996608,1.0326999999961117,20.736700000000496
fixed_8,2487,contention_steady,8,49.353199999998765,0.5285000000014861,48.82469999999728
fixed_8,2488,contention_steady,8,16.3477000000114,0.5378000000035854,15.809900000007815
fixed_8,2489,contention_steady,8,25.622699999999554,1.1580999999978303,24.464600000001724
fixed_8,2490,contention_steady,8,14.639999999999986,0.3355999999996584,14.304400000000328
fixed_8,2491,contention_steady,8,33.652500000002306,3.372600000005832,30.279899999996474
fixed_8,2492,contention_steady,8,14.975599999999645,0.5053000000003749,14.47029999999927
fixed_8,2493,contention_steady,8,23.67799999998965,0.6977999999975282,22.980199999992124
fixed_8,2494,contention_steady,8,24.496499999997923,2.9486999999903674,21.547800000007555
fixed_8,2495,contention_steady,8,22.208999999989487,0.8722999999974945,21.336699999991993
fixed_8,2496,contention_steady,8,28.409600000003365,3.06430000000546,25.345299999997906
fixed_8,2497,contention_steady,8,27.287599999993972,0.7110999999895284,26.576500000004444
fixed_8,2498,contention_steady,8,17.500799999993433,0.5247999999937747,16.975999999999658
fixed_8,2499,contention_steady,8,9.691099999997732,0.3774000000049682,9.313699999992764
fixed_8,2500,contention_steady,8,13.372700000005011,0.31900000000462114,13.05370000000039
fixed_8,2501,contention_steady,8,35.723699999991254,0.6966999999917789,35.026999999999475
fixed_8,2502,contention_steady,8,15.337799999997515,0.3777000000013686,14.960099999996146
fixed_8,2503,contention_steady,8,47.10149999999658,0.3969999999924312,46.704500000004145
fixed_8,2504,contention_steady,8,25.901799999999753,0.6299000000069555,25.271899999992797
fixed_8,2505,contention_steady,8,28.282099999998422,5.3614999999922475,22.920600000006175
fixed_8,2506,contention_steady,8,29.367699999994556,0.3251999999918098,29.042500000002747
fixed_8,2507,contention_steady,8,24.667199999996114,0.7610999999911883,23.906100000004926
fixed_8,2508,contention_steady,8,27.360799999996743,5.402099999997745,21.958699999999
fixed_8,2509,contention_steady,8,15.880899999999087,0.4644999999925403,15.416400000006547
fixed_8,2510,contention_steady,8,20.95350000000451,4.774499999996351,16.17900000000816
fixed_8,2511,contention_steady,8,14.255199999993806,0.2504999999928259,14.00470000000098
fixed_8,2512,contention_steady,8,36.88670000001082,0.38190000000781765,36.504800000003
fixed_8,2513,contention_steady,8,15.857499999995639,0.43229999999994106,15.425199999995698
fixed_8,2514,contention_steady,8,25.856099999998605,0.48739999999725114,25.368700000001354
fixed_8,2515,contention_steady,8,16.430900000003135,0.4727000000031012,15.958200000000033
fixed_8,2516,contention_steady,8,25.61919999999418,0.2922999999981357,25.326899999996044
fixed_8,2517,contention_steady,8,24.360999999998967,0.45099999999820284,23.910000000000764
fixed_8,2518,contention_steady,8,21.78189999999347,0.41899999999372994,21.36289999999974
fixed_8,2519,contention_steady,8,25.67679999999939,0.7899000000008982,24.88689999999849
fixed_8,2520,contention_steady,8,49.65909999999951,0.4842999999965514,49.17480000000296
fixed_8,2521,contention_steady,8,18.39580000000751,0.3202999999984968,18.075500000009015
fixed_8,2522,contention_steady,8,43.59989999998959,1.368999999996845,42.230899999992744
fixed_8,2523,contention_steady,8,13.422800000000734,0.5801000000076328,12.842699999993101
fixed_8,2524,contention_steady,8,61.987900000005425,0.34940000000460714,61.63850000000082
fixed_8,2525,contention_steady,8,16.740299999995045,0.3708999999929574,16.369400000002088
fixed_8,2526,contention_steady,8,30.121799999989207,0.29389999998841176,29.827900000000795
fixed_8,2527,contention_steady,8,17.407900000009136,0.6790000000052032,16.728900000003932
fixed_8,2528,contention_steady,8,17.57390000000214,0.7743000000033362,16.799599999998804
fixed_8,2529,contention_steady,8,28.166699999999878,13.071800000005851,15.094899999994027
fixed_8,2530,contention_steady,8,19.167500000008886,4.337500000005434,14.830000000003452
fixed_8,2531,contention_steady,8,50.93440000000271,1.1353999999954567,49.799000000007254
fixed_8,2532,contention_steady,8,43.38039999998955,0.7523999999961006,42.62799999999345
fixed_8,2533,contention_steady,8,20.67009999998959,4.747499999993465,15.922599999996123
fixed_8,2534,contention_steady,8,14.696499999999446,1.153799999997318,13.542700000002128
fixed_8,2535,contention_steady,8,23.034799999990696,0.747699999990914,22.287099999999782
fixed_8,2536,contention_steady,8,29.264200000000073,0.3985999999969181,28.865600000003155
fixed_8,2537,contention_steady,8,20.248200000011707,0.4516999999992777,19.79650000001243
fixed_8,2538,contention_steady,8,16.134000000008086,1.8924000000026808,14.241600000005405
fixed_8,2539,contention_steady,8,36.449500000003354,0.3377999999969461,36.11170000000641
fixed_8,2540,contention_steady,8,36.46089999999447,0.45529999999871507,36.00559999999575
fixed_8,2541,contention_steady,8,34.198900000006915,11.00479999999493,23.194100000011986
fixed_8,2542,contention_steady,8,35.23679999999274,0.6109999999921456,34.625800000000595
fixed_8,2543,contention_steady,8,30.13990000000888,1.2865000000061855,28.853400000002694
fixed_8,2544,contention_steady,8,26.00230000000181,0.5857999999960839,25.416500000005726
fixed_8,2545,contention_steady,8,18.374499999993077,0.49039999998967687,17.8841000000034
fixed_8,2546,contention_steady,8,30.364199999993957,1.1542000000019925,29.209999999991965
fixed_8,2547,contention_steady,8,36.27559999999619,0.5418000000076972,35.73379999998849
fixed_8,2548,contention_steady,8,48.044200000006754,0.5610000000046966,47.48320000000206
fixed_8,2549,contention_steady,8,36.52139999999804,0.3938999999917314,36.12750000000631
fixed_8,2550,contention_steady,8,22.6820000000032,0.45310000000142736,22.228900000001772
fixed_8,2551,contention_steady,8,45.42399999999702,0.3842999999932317,45.03970000000379
fixed_8,2552,contention_steady,8,14.593599999997764,0.7425999999952637,13.8510000000025
fixed_8,2553,contention_steady,8,24.764399999995135,0.736199999991527,24.028200000003608
fixed_8,2554,contention_steady,8,25.703300000003537,0.34809999999652064,25.355200000007017
fixed_8,2555,contention_steady,8,34.23579999999049,0.4593999999968901,33.7763999999936
fixed_8,2556,contention_steady,8,16.799599999998804,0.45159999999100364,16.3480000000078
fixed_8,2557,contention_steady,8,47.44099999999207,1.9480999999927917,45.49289999999928
fixed_8,2558,contention_steady,8,25.946300000001088,0.4113000000103284,25.53499999999076
fixed_8,2559,contention_steady,8,9.108099999991737,0.8589999999912834,8.249100000000453
fixed_8,2560,contention_steady,8,14.810800000006452,0.24480000000437485,14.566000000002077
fixed_8,2561,contention_steady,8,37.55040000000065,0.3585999999984324,37.19180000000222
fixed_8,2562,contention_steady,8,15.453100000001996,0.5306999999987738,14.922400000003222
fixed_8,2563,contention_steady,8,31.703000000007364,0.3483000000130687,31.354699999994295
fixed_8,2564,contention_steady,8,20.56980000000408,0.4251000000010663,20.144700000003013
fixed_8,2565,contention_steady,8,51.83429999999589,0.30069999999682295,51.53359999999907
fixed_8,2566,contention_steady,8,13.322799999997414,0.6206999999989193,12.702099999998495
fixed_8,2567,contention_steady,8,17.350500000006264,2.3344000000093956,15.016099999996868
fixed_8,2568,contention_steady,8,12.463699999997857,0.3140000000030341,12.149699999994823
fixed_8,2569,contention_steady,8,15.655199999997649,4.035700000002862,11.619499999994787
fixed_8,2570,contention_steady,8,36.757199999996715,0.346800000002645,36.41039999999407
fixed_8,2571,contention_steady,8,30.2219000000008,0.4314999999905922,29.79040000001021
fixed_8,2572,contention_steady,8,21.85049999999933,5.437499999999318,16.41300000000001
fixed_8,2573,contention_steady,8,33.41360000000293,2.2567999999978383,31.15680000000509
fixed_8,2574,contention_steady,8,25.556299999990983,0.5785999999972091,24.977699999993774
fixed_8,2575,contention_steady,8,39.44099999999651,1.2306999999935897,38.21030000000292
fixed_8,2576,contention_steady,8,13.512400000010416,0.6956000000002405,12.816800000010176
fixed_8,2577,contention_steady,8,30.743499999999813,4.338000000004172,26.40549999999564
fixed_8,2578,contention_steady,8,10.715399999995157,0.5751000000060458,10.14029999998911
fixed_8,2579,contention_steady,8,46.85119999999188,3.3292999999900985,43.52190000000178
fixed_8,2580,contention_steady,8,22.22089999999355,0.4833999999931393,21.73750000000041
fixed_8,2581,contention_steady,8,20.21189999999251,0.4849999999976262,19.726899999994885
fixed_8,2582,contention_steady,8,84.98389999999745,5.302000000000362,79.68189999999709
fixed_8,2583,contention_steady,8,33.56530000000646,0.495600000007812,33.06969999999865
fixed_8,2584,contention_steady,8,15.177799999989361,0.5294999999989614,14.6482999999904
fixed_8,2585,contention_steady,8,25.60959999999568,2.0293999999978496,23.58019999999783
fixed_8,2586,contention_steady,8,30.86940000000027,0.4744000000016513,30.394999999998618
fixed_8,2587,contention_steady,8,15.447600000001671,0.6613999999984799,14.786200000003191
fixed_8,2588,contention_steady,8,29.234800000011774,1.3684000000040442,27.86640000000773
fixed_8,2589,contention_steady,8,25.27390000000196,1.4788000000010015,23.795100000000957
fixed_8,2590,contention_steady,8,17.48179999999877,0.9890000000041255,16.492799999994645
fixed_8,2591,contention_steady,8,30.356699999998682,0.4466999999976906,29.91000000000099
fixed_8,2592,contention_steady,8,47.68310000000042,13.119599999996012,34.56350000000441
fixed_8,2593,contention_steady,8,21.158999999997263,1.3271999999915352,19.831800000005728
fixed_8,2594,contention_steady,8,34.421500000007654,2.0878000000124075,32.33369999999525
fixed_8,2595,contention_steady,8,40.2751999999964,0.720599999993965,39.55460000000244
fixed_8,2596,contention_steady,8,33.827900000005684,1.091299999998796,32.73660000000689
fixed_8,2597,contention_steady,8,18.52850000000217,0.5754000000024462,17.953099999999722
fixed_8,2598,contention_steady,8,31.779099999994287,4.981400000005465,26.797699999988822
fixed_8,2599,contention_steady,8,21.346899999997504,0.6751999999892178,20.671700000008286
fixed_8,2600,contention_steady,8,27.770700000004922,0.6012000000055195,27.169499999999402
fixed_8,2601,contention_steady,8,39.181900000002656,14.34089999999344,24.841000000009217
fixed_8,2602,contention_steady,8,28.00940000000196,4.988300000007939,23.02109999999402
fixed_8,2603,contention_steady,8,22.15619999999774,0.6549000000006799,21.50129999999706
fixed_8,2604,contention_steady,8,43.14989999998886,0.8535999999992328,42.29629999998963
fixed_8,2605,contention_steady,8,20.75409999999067,0.4751999999967893,20.278899999993882
fixed_8,2606,contention_steady,8,46.237500000003706,6.403400000010606,39.8340999999931
fixed_8,2607,contention_steady,8,25.23639999999716,0.9816000000029135,24.254799999994248
fixed_8,2608,contention_steady,8,27.84920000000568,0.6091999999995323,27.240000000006148
fixed_8,2609,contention_steady,8,14.123499999996625,0.5354999999980237,13.587999999998601
fixed_8,2610,contention_steady,8,46.64849999998921,0.42849999999816646,46.219999999991046
fixed_8,2611,contention_steady,8,23.332499999995093,0.5834999999905222,22.74900000000457
fixed_8,2612,contention_steady,8,14.690999999999121,0.4976000000027625,14.193399999996359
fixed_8,2613,contention_steady,8,17.428600000002348,0.3991999999897189,17.02940000001263
fixed_8,2614,contention_steady,8,53.29370000001177,0.23360000000138825,53.06010000001038
fixed_8,2615,contention_steady,8,16.303699999994592,0.5507999999991853,15.752899999995407
fixed_8,2616,contention_steady,8,11.964300000002481,0.39750000000537966,11.566799999997102
fixed_8,2617,contention_steady,8,14.125800000002187,1.2499999999988631,12.875800000003323
fixed_8,2618,contention_steady,8,53.18210000000079,0.8197999999879357,52.36230000001285
fixed_8,2619,contention_steady,8,11.335299999998938,2.3441999999960217,8.991100000002916
fixed_8,2620,contention_steady,8,16.303000000007728,0.37890000000118107,15.924100000006547
fixed_8,2621,contention_steady,8,56.864200000006804,0.663200000005304,56.2010000000015
fixed_8,2622,contention_steady,8,9.646899999992797,0.39799999998990643,9.248900000002891
fixed_8,2623,contention_steady,8,29.492500000003474,0.37010000001203025,29.122399999991444
fixed_8,2624,contention_steady,8,15.890600000005861,0.48870000000533764,15.401900000000524
fixed_8,2625,contention_steady,8,41.1093999999963,0.4828000000003385,40.62659999999596
fixed_8,2626,contention_steady,8,11.76139999999748,0.6249999999994316,11.136399999998048
fixed_8,2627,contention_steady,8,27.27880000000482,0.3104000000035967,26.968400000001225
fixed_8,2628,contention_steady,8,18.694799999991574,0.3761999999909449,18.31860000000063
fixed_8,2629,contention_steady,8,39.66799999999182,0.7714999999990368,38.896499999992784
fixed_8,2630,contention_steady,8,11.875200000005748,0.4850000000118371,11.39019999999391
fixed_8,2631,contention_steady,8,22.220000000004347,1.7294999999961647,20.490500000008183
fixed_8,2632,contention_steady,8,24.802000000008206,0.28640000000734744,24.51560000000086
fixed_8,2633,contention_steady,8,33.679599999999255,0.8222000000017715,32.85739999999748
fixed_8,2634,contention_steady,8,46.907900000007885,0.5644000000017968,46.34350000000609
fixed_8,2635,contention_steady,8,12.226499999997031,0.46050000000263935,11.765999999994392
fixed_8,2636,contention_steady,8,10.111199999997211,0.3241000000002714,9.78709999999694
fixed_8,2637,contention_steady,8,50.03030000000308,0.40740000000027976,49.6229000000028
fixed_8,2638,contention_steady,8,54.58179999999402,44.54219999999509,10.039599999998927
fixed_8,2639,contention_steady,8,14.414200000004485,0.30200000000490945,14.112199999999575
fixed_8,2640,contention_steady,8,58.75969999999597,0.5465999999927362,58.21310000000324
fixed_8,2641,contention_steady,8,37.558200000006536,0.6050000000072941,36.95319999999924
fixed_8,2642,contention_steady,8,15.3966999999966,0.4220999999944297,14.97460000000217
fixed_8,2643,contention_steady,8,51.944299999988175,0.5900999999965961,51.35419999999158
fixed_8,2644,contention_steady,8,13.557499999990341,0.36949999999080774,13.187999999999533
fixed_8,2645,contention_steady,8,22.301100000007068,1.366700000005494,20.934400000001574
fixed_8,2646,contention_steady,8,13.018799999997555,0.7386999999994259,12.280099999998129
fixed_8,2647,contention_steady,8,32.64080000001002,0.6605000000092787,31.98030000000074
fixed_8,2648,contention_steady,8,17.9416999999944,0.44439999999212887,17.49730000000227
fixed_8,2649,contention_steady,8,47.240999999999644,0.3087999999991098,46.932200000000535
fixed_8,2650,contention_steady,8,22.551000000007093,0.5179999999995744,22.03300000000752
fixed_8,2651,contention_steady,8,41.734500000004005,1.1122000000085563,40.62229999999545
fixed_8,2652,contention_steady,8,16.610299999996414,0.4111000000079912,16.199199999988423
fixed_8,2653,contention_steady,8,36.30610000000445,0.8921999999955688,35.41390000000888
fixed_8,2654,contention_steady,8,21.848200000007978,0.5746000000073082,21.27360000000067
fixed_8,2655,contention_steady,8,40.091600000010885,0.984500000001276,39.10710000000961
fixed_8,2656,contention_steady,8,26.183799999998314,0.5804999999980964,25.603300000000218
fixed_8,2657,contention_steady,8,10.849299999989626,2.1222999999963577,8.726999999993268
fixed_8,2658,contention_steady,8,27.9847999999987,0.4946999999901891,27.49010000000851
fixed_8,2659,contention_steady,8,17.346599999996215,0.5287999999978865,16.81779999999833
fixed_8,2660,contention_steady,8,19.43439999999441,0.6289999999893325,18.80540000000508
fixed_8,2661,contention_steady,8,12.633800000003248,0.389499999997156,12.244300000006092
fixed_8,2662,contention_steady,8,28.539600000001997,0.4883000000006632,28.051300000001334
fixed_8,2663,contention_steady,8,18.802500000006717,0.5330999999983987,18.269400000008318
fixed_8,2664,contention_steady,8,24.521399999997584,0.3106999999999971,24.210699999997587
fixed_8,2665,contention_steady,8,31.716399999993428,0.4078000000049542,31.308599999988473
fixed_8,2666,contention_steady,8,16.49179999999717,1.390499999999406,15.101299999997764
fixed_8,2667,contention_steady,8,17.858199999992053,0.4853999999880898,17.372800000003963
fixed_8,2668,contention_steady,8,18.56329999999673,0.2140999999937776,18.349200000002952
fixed_8,2669,contention_steady,8,33.44149999999502,0.26129999999113807,33.18020000000388
fixed_8,2670,contention_steady,8,14.605000000003088,0.9921999999988884,13.6128000000042
fixed_8,2671,contention_steady,8,28.56599999999787,0.4863999999997759,28.079599999998095
fixed_8,2672,contention_steady,8,17.83499999999094,0.7228999999995267,17.112099999991415
fixed_8,2673,contention_steady,8,55.87160000000324,0.4917000000119742,55.37989999999127
fixed_8,2674,contention_steady,8,15.52979999999593,0.42639999999494194,15.103400000000988
fixed_8,2675,contention_steady,8,27.842800000001944,0.5244999999973743,27.31830000000457
fixed_8,2676,contention_steady,8,22.077500000008854,0.48110000000178843,21.596400000007066
fixed_8,2677,contention_steady,8,38.74379999999178,19.750700000003008,18.99309999998877
fixed_8,2678,contention_steady,8,30.49029999999675,0.4287000000005037,30.061599999996247
fixed_8,2679,contention_steady,8,24.464100000002986,3.5267000000089865,20.937399999994
fixed_8,2680,contention_steady,8,44.483800000008955,0.2972000000056596,44.186600000003295
fixed_8,2681,contention_steady,8,21.51830000001098,1.964000000000965,19.554300000010016
fixed_8,2682,contention_steady,8,30.763899999996625,0.4713999999950147,30.29250000000161
fixed_8,2683,contention_steady,8,22.567699999996194,5.047300000001087,17.520399999995107
fixed_8,2684,contention_steady,8,23.16510000001415,1.1138000000130432,22.051300000001106
fixed_8,2685,contention_steady,8,32.369799999997895,0.5203000000051361,31.84949999999276
fixed_8,2686,contention_steady,8,35.02989999999784,0.5799999999993588,34.44989999999848
fixed_8,2687,contention_steady,8,30.821599999995897,0.35979999999824486,30.461799999997652
fixed_8,2688,contention_steady,8,16.47200000000737,0.8932000000072549,15.578800000000115
fixed_8,2689,contention_steady,8,14.583999999999264,0.4251999999951295,14.158800000004135
fixed_8,2690,contention_steady,8,18.668299999987426,0.4237999999929798,18.244499999994446
fixed_8,2691,contention_steady,8,17.052299999988918,0.30729999998868607,16.745000000000232
fixed_8,2692,contention_steady,8,29.414000000002716,0.46730000001105054,28.946699999991665
fixed_8,2693,contention_steady,8,25.483200000010697,0.6341000000134045,24.849099999997293
fixed_8,2694,contention_steady,8,15.041699999997604,2.4066000000004806,12.635099999997124
fixed_8,2695,contention_steady,8,45.83350000000053,7.551000000006525,38.282499999994
fixed_8,2696,contention_steady,8,17.46399999998971,0.47509999998851526,16.988900000001195
fixed_8,2697,contention_steady,8,24.928000000002726,1.823500000000422,23.104500000002304
fixed_8,2698,contention_steady,8,21.52929999999742,0.7180000000062137,20.811299999991206
fixed_8,2699,contention_steady,8,30.465599999999426,0.4889999999875272,29.9766000000119
fixed_8,2700,contention_steady,8,20.515500000001907,0.5697999999938475,19.94570000000806
fixed_8,2701,contention_steady,8,23.276800000004982,1.452099999994516,21.824700000010466
fixed_8,2702,contention_steady,8,23.90029999999399,0.5354999999980237,23.364799999995967
fixed_8,2703,contention_steady,8,17.08480000000634,0.7604999999983875,16.324300000007952
fixed_8,2704,contention_steady,8,18.733800000006795,0.6153000000068687,18.118499999999926
fixed_8,2705,contention_steady,8,17.0874000000083,0.5614000000093711,16.52599999999893
fixed_8,2706,contention_steady,8,31.05479999999261,0.3952999999938811,30.65949999999873
fixed_8,2707,contention_steady,8,17.384400000011624,0.3489999999999327,17.03540000001169
fixed_8,2708,contention_steady,8,23.492399999994973,0.4332999999974163,23.059099999997557
fixed_8,2709,contention_steady,8,40.06869999999196,0.3553999999894586,39.713300000002505
fixed_8,2710,contention_steady,8,27.51639999999611,1.032899999998449,26.48349999999766
fixed_8,2711,contention_steady,8,16.922199999996224,3.702099999998154,13.22009999999807
fixed_8,2712,contention_steady,8,37.513000000004126,0.5816000000038457,36.93140000000028
fixed_8,2713,contention_steady,8,21.761600000004933,0.5084000000010747,21.253200000003858
fixed_8,2714,contention_steady,8,29.326999999994996,0.4021999999963555,28.92479999999864
fixed_8,2715,contention_steady,8,18.30680000000484,0.8943000000130041,17.412499999991837
fixed_8,2716,contention_steady,8,41.37989999999547,0.8042999999986478,40.575599999996825
fixed_8,2717,contention_steady,8,40.15700000000777,25.65140000000099,14.50560000000678
fixed_8,2718,contention_steady,8,67.71530000000325,0.7645999999965625,66.95070000000669
fixed_8,2719,contention_steady,8,15.167099999999323,0.49220000001071185,14.674899999988611
fixed_8,2720,contention_steady,8,42.53359999999873,0.5575999999933856,41.97600000000534
fixed_8,2721,contention_steady,8,15.13650000001121,0.5443000000013853,14.592200000009825
fixed_8,2722,contention_steady,8,53.62970000000189,0.3489999999999327,53.28070000000196
fixed_8,2723,contention_steady,8,35.0172999999927,0.4398999999892794,34.57740000000342
fixed_8,2724,contention_steady,8,36.199499999995055,3.2128000000000156,32.98669999999504
fixed_8,2725,contention_steady,8,18.112599999994927,0.6324000000006436,17.480199999994284
fixed_8,2726,contention_steady,8,28.52300000000696,3.8643999999976586,24.6586000000093
fixed_8,2727,contention_steady,8,29.06409999999937,0.3911000000016429,28.672999999997728
fixed_8,2728,contention_steady,8,20.168699999999262,1.3777000000061435,18.79099999999312
fixed_8,2729,contention_steady,8,32.926400000008016,1.3318999999967218,31.594500000011294
fixed_8,2730,contention_steady,8,18.286200000005692,0.7762999999982867,17.509900000007406
fixed_8,2731,contention_steady,8,21.368700000010676,0.6797000000062781,20.6890000000044
fixed_8,2732,contention_steady,8,10.16710000000387,1.3282000000032212,8.838900000000649
fixed_8,2733,contention_steady,8,18.615199999999277,0.2800999999976739,18.335100000001603
fixed_8,2734,contention_steady,8,52.65210000000309,0.4787999999962267,52.17330000000686
fixed_8,2735,contention_steady,8,16.562800000002653,0.6803000000132897,15.882499999989363
fixed_8,2736,contention_steady,8,27.261400000000435,1.2973000000044976,25.964099999995938
fixed_8,2737,contention_steady,8,25.254500000002622,0.511899999992238,24.742600000010384
fixed_8,2738,contention_steady,8,33.74159999999904,3.2695000000018126,30.472099999997226
fixed_8,2739,contention_steady,8,39.29000000000826,3.7006999999960044,35.58930000001226
fixed_8,2740,contention_steady,8,18.034900000003518,0.5869000000018332,17.448000000001684
fixed_8,2741,contention_steady,8,31.7419000000001,0.591700000001083,31.150199999999018
fixed_8,2742,contention_steady,8,17.214400000000296,0.40719999999794254,16.807200000002354
fixed_8,2743,contention_steady,8,44.80569999999773,0.6429999999966185,44.16270000000111
fixed_8,2744,contention_steady,8,51.21090000000095,0.5735000000015589,50.63739999999939
fixed_8,2745,contention_steady,8,19.505399999999895,1.4933999999868774,18.012000000013018
fixed_8,2746,contention_steady,8,31.42230000000268,0.37810000000604305,31.044199999996636
fixed_8,2747,contention_steady,8,22.61049999999898,0.4763000000025386,22.13419999999644
fixed_8,2748,contention_steady,8,30.159300000008216,0.4549000000082515,29.704399999999964
fixed_8,2749,contention_steady,8,24.94139999998879,0.5975999999918713,24.343799999996918
fixed_8,2750,contention_steady,8,54.89009999999439,1.494800000003238,53.39529999999115
fixed_8,2751,contention_steady,8,14.823699999993778,0.8653999999950202,13.958299999998758
fixed_8,2752,contention_steady,8,34.3503999999939,0.7923000000005231,33.558099999993374
fixed_8,2753,contention_steady,8,19.353699999996365,0.4559999999997899,18.897699999996576
fixed_8,2754,contention_steady,8,30.245399999998313,0.7444000000020878,29.500999999996225
fixed_8,2755,contention_steady,8,18.744599999990896,0.4360999999875048,18.30850000000339
fixed_8,2756,contention_steady,8,16.657000000009248,0.3410000000059199,16.316000000003328
fixed_8,2757,contention_steady,8,19.44730000001016,0.5037000000100988,18.94360000000006
fixed_8,2758,contention_steady,8,13.431400000001759,0.4334999999997535,12.997900000002005
fixed_8,2759,contention_steady,8,10.810100000000489,0.35739999999861993,10.452700000001869
fixed_8,2760,contention_steady,8,53.424400000011474,4.319500000008247,49.10490000000323
fixed_8,2761,contention_steady,8,18.610600000002364,0.6690999999960923,17.941500000006272
fixed_8,2762,contention_steady,8,41.861900000000674,0.42960000000391574,41.43229999999676
fixed_8,2763,contention_steady,8,17.729099999996834,0.5018000000092115,17.227299999987622
fixed_8,2764,contention_steady,8,42.449600000011856,0.6265000000098553,41.823100000002
fixed_8,2765,contention_steady,8,14.546200000012277,0.3866000000130043,14.159599999999273
fixed_8,2766,contention_steady,8,50.95049999999901,0.5273999999957368,50.423100000003274
fixed_8,2767,contention_steady,8,14.102799999989202,0.8606999999898335,13.242099999999368
fixed_8,2768,contention_steady,8,25.9762999999964,0.4937000000069247,25.482599999989475
fixed_8,2769,contention_steady,8,15.945999999999572,0.6511999999929685,15.294800000006603
fixed_8,2770,contention_steady,8,22.153899999992177,4.347999999993135,17.805899999999042
fixed_8,2771,contention_steady,8,40.94190000000708,0.42620000000681557,40.515700000000265
fixed_8,2772,contention_steady,8,32.40999999999872,2.5937999999996464,29.81619999999907
fixed_8,2773,contention_steady,8,36.8126999999987,0.548899999998298,36.2638000000004
fixed_8,2774,contention_steady,8,31.19660000000124,0.44379999999932807,30.752800000001912
fixed_8,2775,contention_steady,8,19.522299999991333,1.7191999999965901,17.803099999994743
fixed_8,2776,contention_steady,8,60.475799999991864,0.5290999999942869,59.94669999999758
fixed_8,2777,contention_steady,8,17.946600000001922,0.49669999999935044,17.44990000000257
fixed_8,2778,contention_steady,8,31.801300000012134,0.41800000001046556,31.383300000001668
fixed_8,2779,contention_steady,8,22.496899999993047,0.3454000000004953,22.151499999992552
fixed_8,2780,contention_steady,8,47.79299999999864,0.42879999999456686,47.364200000004075
fixed_8,2781,contention_steady,8,34.965100000007965,0.4727000000031012,34.492400000004864
fixed_8,2782,contention_steady,8,24.27489999999466,0.8819999999900574,23.3929000000046
fixed_8,2783,contention_steady,8,27.203999999997563,0.43920000000241544,26.764799999995148
fixed_8,2784,contention_steady,8,17.95900000000472,0.5287000000038233,17.430300000000898
fixed_8,2785,contention_steady,8,23.08320000000208,0.4861999999974387,22.59700000000464
fixed_8,2786,contention_steady,8,23.33380000000318,0.4504999999994652,22.883300000003715
fixed_8,2787,contention_steady,8,18.050299999998742,0.4756999999955269,17.574600000003215
fixed_8,2788,contention_steady,8,37.51009999999155,0.44599999999661577,37.06409999999494
fixed_8,2789,contention_steady,8,18.694199999998773,0.7395000000087748,17.954699999989998
fixed_8,2790,contention_steady,8,17.189500000000635,2.443900000002941,14.745599999997694
fixed_8,2791,contention_steady,8,22.967200000010735,0.3144000000077085,22.652800000003026
fixed_8,2792,contention_steady,8,50.95169999999882,32.21539999999834,18.736300000000483
fixed_8,2793,contention_steady,8,50.188899999994874,0.7240999999993392,49.464799999995535
fixed_8,2794,contention_steady,8,14.785700000004454,0.3951999999998179,14.390500000004636
fixed_8,2795,contention_steady,8,35.509799999999814,0.5557000000067092,34.954099999993105
fixed_8,2796,contention_steady,8,17.56539999999518,0.33499999999264674,17.230400000002533
fixed_8,2797,contention_steady,8,52.09220000000414,0.5874000000005708,51.50480000000357
fixed_8,2798,contention_steady,8,16.20420000000422,0.3988999999933185,15.805300000010902
fixed_8,2799,contention_steady,8,43.65959999999802,0.5110000000030368,43.148599999994985
fixed_8,2800,contention_steady,8,25.528700000009508,0.8286999999995714,24.700000000009936
fixed_8,2801,contention_steady,8,43.9402999999885,0.6924999999995407,43.247799999988956
fixed_8,2802,contention_steady,8,19.397200000000225,0.5218999999954121,18.875300000004813
fixed_8,2803,contention_steady,8,17.649099999999862,0.7114999999942029,16.93760000000566
fixed_8,2804,contention_steady,8,13.425600000005034,0.6692000000043663,12.756400000000667
fixed_8,2805,contention_steady,8,28.81089999999631,0.3388000000086322,28.472099999987677
fixed_8,2806,contention_steady,8,13.439300000001708,1.0650000000111959,12.374299999990512
fixed_8,2807,contention_steady,8,41.712200000006305,0.6257000000005064,41.0865000000058
fixed_8,2808,contention_steady,8,18.930100000005723,0.5132000000003245,18.4169000000054
fixed_8,2809,contention_steady,8,17.58460000000639,0.4614000000060514,17.123200000000338
fixed_8,2810,contention_steady,8,12.558899999987716,0.3328999999894222,12.225999999998294
fixed_8,2811,contention_steady,8,46.58770000000345,0.4384000000072774,46.149299999996174
fixed_8,2812,contention_steady,8,15.742499999987558,0.7080999999971027,15.034399999990455
fixed_8,2813,contention_steady,8,52.161299999994526,0.8327000000036833,51.32859999999084
fixed_8,2814,contention_steady,8,16.14000000000715,0.4272000000042908,15.712800000002858
fixed_8,2815,contention_steady,8,46.901700000006485,0.7195999999964897,46.182100000009996
fixed_8,2816,contention_steady,8,20.65739999999039,1.0525000000001228,19.604899999990266
fixed_8,2817,contention_steady,8,44.21290000000511,0.7994999999993979,43.41340000000571
fixed_8,2818,contention_steady,8,21.86499999999114,3.8169000000038977,18.048099999987244
fixed_8,2819,contention_steady,8,18.232400000002258,0.5256000000031236,17.706799999999134
fixed_8,2820,contention_steady,8,31.159200000004716,0.8693000000050688,30.289899999999648
fixed_8,2821,contention_steady,8,16.321599999997716,0.5280999999968117,15.793500000000904
fixed_8,2822,contention_steady,8,54.50890000000186,0.861200000002782,53.64769999999908
fixed_8,2823,contention_steady,8,22.996399999996697,1.0077000000023872,21.98869999999431
fixed_8,2824,contention_steady,8,24.616999999992117,0.510300000001962,24.106699999990155
fixed_8,2825,contention_steady,8,18.336099999999078,0.3311000000110198,18.00499999998806
fixed_8,2826,contention_steady,8,27.086999999994532,0.7061999999962154,26.380799999998317
fixed_8,2827,contention_steady,8,16.40310000000511,1.4666000000005397,14.936500000004571
fixed_8,2828,contention_steady,8,23.044699999999807,0.2937000000002854,22.75099999999952
fixed_8,2829,contention_steady,8,24.98149999999555,0.3968000000043048,24.584699999991244
fixed_8,2830,contention_steady,8,23.368200000007278,0.4954000000054748,22.872800000001803
fixed_8,2831,contention_steady,8,27.15129999999988,0.8320000000026084,26.31929999999727
fixed_8,2832,contention_steady,8,15.423999999995885,0.6953000000038401,14.728699999992045
fixed_8,2833,contention_steady,8,59.921500000001515,4.274699999996301,55.646800000005214
fixed_8,2834,contention_steady,8,18.25279999999907,0.5216999999930749,17.731100000005995
fixed_8,2835,contention_steady,8,37.275100000002226,0.30560000000434684,36.96949999999788
fixed_8,2836,contention_steady,8,14.239099999997507,1.1930000000006658,13.04609999999684
fixed_8,2837,contention_steady,8,18.99129999999616,1.0741999999908103,17.917100000005348
fixed_8,2838,contention_steady,8,11.631899999997586,1.0244999999997617,10.607399999997824
fixed_8,2839,contention_steady,8,23.842199999990044,1.5823999999895477,22.259800000000496
fixed_8,2840,contention_steady,8,12.282900000002428,0.3339999999951715,11.948900000007256
fixed_8,2841,contention_steady,8,32.18169999999532,0.38659999999879346,31.795099999996523
fixed_8,2842,contention_steady,8,33.244800000005625,0.7875999999953365,32.45720000001029
fixed_8,2843,contention_steady,8,15.891199999998662,2.2044999999906167,13.686700000008045
fixed_8,2844,contention_steady,8,31.801099999995586,8.22979999999518,23.571300000000406
fixed_8,2845,contention_steady,8,24.53489999999192,0.7956999999976233,23.739199999994298
fixed_8,2846,contention_steady,8,16.317700000001878,0.45649999999852753,15.86120000000335
fixed_8,2847,contention_steady,8,16.585800000001427,0.8058000000090715,15.779999999992356
fixed_8,2848,contention_steady,8,23.997100000002547,5.050100000005386,18.94699999999716
fixed_8,2849,contention_steady,8,30.45070000000294,3.2645000000002256,27.186200000002714
fixed_8,2850,contention_steady,8,26.429399999997827,4.580700000005322,21.848699999992505
fixed_8,2851,contention_steady,8,36.97790000001078,0.5766000000022586,36.40130000000852
fixed_8,2852,contention_steady,8,34.0137000000027,0.6269000000003189,33.38680000000238
fixed_8,2853,contention_steady,8,20.709499999995273,1.0570000000029722,19.6524999999923
fixed_8,2854,contention_steady,8,43.155100000006996,0.666500000008341,42.488599999998655
fixed_8,2855,contention_steady,8,32.28880000000345,0.9179000000045789,31.37089999999887
fixed_8,2856,contention_steady,8,16.819699999999216,0.5625999999949727,16.257100000004243
fixed_8,2857,contention_steady,8,32.908300000002555,0.6958999999966409,32.212400000005914
fixed_8,2858,contention_steady,8,22.046500000001856,0.8555999999941832,21.190900000007673
fixed_8,2859,contention_steady,8,34.48490000000959,0.6685999999973546,33.816300000012234
fixed_8,2860,contention_steady,8,25.52510000001007,0.5075000000118735,25.017599999998197
fixed_8,2861,contention_steady,8,34.31720000000382,0.37210000000698074,33.94509999999684
fixed_8,2862,contention_steady,8,23.126800000000003,0.6035999999909336,22.52320000000907
fixed_8,2863,contention_steady,8,23.46690000000251,0.5007000000034623,22.96619999999905
fixed_8,2864,contention_steady,8,18.078099999996766,0.5148999999988746,17.56319999999789
fixed_8,2865,contention_steady,8,15.606199999993464,0.5330999999983987,15.073099999995065
fixed_8,2866,contention_steady,8,26.028400000001284,0.7157999999947151,25.31260000000657
fixed_8,2867,contention_steady,8,23.157699999998727,0.3374000000064825,22.820299999992244
fixed_8,2868,contention_steady,8,36.48589999998819,0.4775999999964142,36.00829999999178
fixed_8,2869,contention_steady,8,38.759200000001215,0.7475000000027876,38.01169999999843
fixed_8,2870,contention_steady,8,28.290299999994772,3.6301999999892587,24.660100000005514
fixed_8,2871,contention_steady,8,37.5300999999979,0.7371999999890022,36.7929000000089
fixed_8,2872,contention_steady,8,24.08699999999442,0.41129999999611755,23.6756999999983
fixed_8,2873,contention_steady,8,28.638700000001904,0.5959000000075321,28.042799999994372
fixed_8,2874,contention_steady,8,20.364200000003052,0.6654000000025917,19.69880000000046
fixed_8,2875,contention_steady,8,22.76309999999171,0.5513999999919861,22.211699999999723
fixed_8,2876,contention_steady,8,16.36210000000915,0.9528000000074144,15.409300000001735
fixed_8,2877,contention_steady,8,43.63069999999425,0.8385000000004084,42.79219999999384
fixed_8,2878,contention_steady,8,43.29140000000109,0.7647999999988997,42.52660000000219
fixed_8,2879,contention_steady,8,14.637200000009898,0.7055000000093514,13.931700000000546
fixed_8,2880,contention_steady,8,12.094599999997513,0.920399999998267,11.174199999999246
fixed_8,2881,contention_steady,8,39.21449999999993,0.5215999999990117,38.69290000000092
fixed_8,2882,contention_steady,8,13.410100000001535,0.32919999999592164,13.080900000005613
fixed_8,2883,contention_steady,8,25.222600000006423,0.26269999999328775,24.959900000013135
fixed_8,2884,contention_steady,8,23.33180000000823,2.002799999999638,21.32900000000859
fixed_8,2885,contention_steady,8,37.05390000000364,0.4820000000052005,36.571899999998436
fixed_8,2886,contention_steady,8,26.07350000000963,0.9858000000093625,25.087700000000268
fixed_8,2887,contention_steady,8,49.83020000000238,6.7496000000062395,43.08059999999614
fixed_8,2888,contention_steady,8,10.492499999998017,0.34859999999525826,10.143900000002759
fixed_8,2889,contention_steady,8,26.03450000000862,0.45860000000175205,25.575900000006868
fixed_8,2890,contention_steady,8,46.42499999999927,0.32179999999470965,46.10320000000456
fixed_8,2891,contention_steady,8,13.009300000007329,0.4804000000007136,12.528900000006615
fixed_8,2892,contention_steady,8,32.13209999999833,0.4171000000070535,31.714999999991278
fixed_8,2893,contention_steady,8,47.45359999999721,0.6103999999993448,46.843199999997864
fixed_8,2894,contention_steady,8,35.172500000001605,16.646699999995462,18.525800000006143
fixed_8,2895,contention_steady,8,85.64359999999738,0.7362000000057378,84.90739999999164
fixed_8,2896,contention_steady,8,25.65509999999449,0.42080000000055406,25.234299999993937
fixed_8,2897,contention_steady,8,56.62529999999322,2.2544999999922766,54.37080000000094
fixed_8,2898,contention_steady,8,13.304099999999153,0.6498999999990929,12.65420000000006
fixed_8,2899,contention_steady,8,49.80659999999659,0.7842999999922995,49.02230000000429
fixed_8,2900,contention_steady,8,54.57619999999963,31.278999999997836,23.297200000001794
fixed_8,2901,contention_steady,8,20.984200000000897,0.46269999999992706,20.52150000000097
fixed_8,2902,contention_steady,8,27.001999999995974,0.9519000000040023,26.05009999999197
fixed_8,2903,contention_steady,8,22.793399999997632,1.0512000000062471,21.742199999991385
fixed_8,2904,contention_steady,8,51.20060000000137,0.42550000000574073,50.77509999999563
fixed_8,2905,contention_steady,8,22.564700000003768,0.5850000000009459,21.979700000002822
fixed_8,2906,contention_steady,8,16.53110000000879,0.6554000000136284,15.875699999995163
fixed_8,2907,contention_steady,8,65.09580000000881,34.15950000000123,30.936300000007577
fixed_8,2908,contention_steady,8,29.397299999999404,0.5282999999991489,28.869000000000256
fixed_8,2909,contention_steady,8,11.25199999999893,0.30069999999682295,10.951300000002107
fixed_8,2910,contention_steady,8,62.22169999999494,0.41679999999644224,61.8048999999985
fixed_8,2911,contention_steady,8,16.584299999991003,0.4850999999916894,16.099199999999314
fixed_8,2912,contention_steady,8,112.12350000000981,0.5468000000092843,111.57670000000053
fixed_8,2913,contention_steady,8,46.92950000000451,0.4968000000076245,46.432699999996885
fixed_8,2914,contention_steady,8,20.589800000010428,0.3906000000029053,20.199200000007522
fixed_8,2915,contention_steady,8,65.12720000000627,0.43580000000531527,64.69140000000095
fixed_8,2916,contention_steady,8,59.66810000001033,24.034600000007345,35.63350000000298
fixed_8,2917,contention_steady,8,55.50039999999967,0.9098000000022921,54.59059999999738
fixed_8,2918,contention_steady,8,20.367199999995478,0.38600000000599266,19.981199999989485
fixed_8,2919,contention_steady,8,67.63690000001077,0.7570000000072241,66.87990000000354
fixed_8,2920,contention_steady,8,16.151200000010135,0.4773000000000138,15.673900000010121
fixed_8,2921,contention_steady,8,14.302799999995841,0.37349999999491956,13.929300000000922
fixed_8,2922,contention_steady,8,34.94709999999657,0.3950999999915439,34.55200000000502
fixed_8,2923,contention_steady,8,15.675099999995723,0.3843999999872949,15.290700000008428
fixed_8,2924,contention_steady,8,31.143300000010754,0.43970000000115306,30.7036000000096
fixed_8,2925,contention_steady,8,21.746499999991897,0.633499999992182,21.112999999999715
fixed_8,2926,contention_steady,8,14.392399999991312,0.5418999999875496,13.850500000003763
fixed_8,2927,contention_steady,8,45.809699999992404,0.3443999999888092,45.465300000003595
fixed_8,2928,contention_steady,8,20.6227000000041,0.5847000000045455,20.037999999999556
fixed_8,2929,contention_steady,8,47.89549999999565,0.5790000000018836,47.316499999993766
fixed_8,2930,contention_steady,8,62.66240000000778,0.4727000000031012,62.18970000000468
fixed_8,2931,contention_steady,8,16.273499999996943,0.8376999999910595,15.435800000005884
fixed_8,2932,contention_steady,8,22.34010000000808,0.6400000000041928,21.700100000003886
fixed_8,2933,contention_steady,8,32.49649999999349,0.40609999999219326,32.090400000001296
fixed_8,2934,contention_steady,8,17.91550000000086,1.051799999999048,16.863700000001813
fixed_8,2935,contention_steady,8,46.55300000000295,0.42620000000681557,46.12679999999614
fixed_8,2936,contention_steady,8,20.44779999999946,0.5072999999953254,19.940500000004135
fixed_8,2937,contention_steady,8,16.263600000002043,2.8596000000078448,13.403999999994198
fixed_8,2938,contention_steady,8,51.10929999999314,0.37159999999403226,50.73769999999911
fixed_8,2939,contention_steady,8,9.492600000001516,0.27000000000043656,9.22260000000108
fixed_8,2940,contention_steady,8,37.95439999998962,0.4754999999931897,37.47889999999643
fixed_8,2941,contention_steady,8,13.82529999999349,0.6374000000022306,13.18789999999126
fixed_8,2942,contention_steady,8,66.88580000000854,0.2607000000125481,66.625099999996
fixed_8,2943,contention_steady,8,12.521100000000729,0.5232999999975618,11.997800000003167
fixed_8,2944,contention_steady,8,50.07369999999867,0.6085999999925207,49.465100000006146
fixed_8,2945,contention_steady,8,21.672199999997588,0.8970999999888818,20.775100000008706
fixed_8,2946,contention_steady,8,25.372400000009065,3.173799999999005,22.19860000001006
fixed_8,2947,contention_steady,8,20.21299999999826,0.47390000000291366,19.739099999995346
fixed_8,2948,contention_steady,8,12.544699999992304,0.332699999987085,12.212000000005219
fixed_8,2949,contention_steady,8,45.456000000001495,0.3108000000082711,45.145199999993224
fixed_8,2950,contention_steady,8,26.41199999999344,0.6530999999938558,25.758899999999585
fixed_8,2951,contention_steady,8,16.049199999997654,0.6048999999990201,15.444299999998634
fixed_8,2952,contention_steady,8,29.38699999999983,12.891100000004485,16.495899999995345
fixed_8,2953,contention_steady,8,24.779699999996296,0.4871999999949139,24.292500000001382
fixed_8,2954,contention_steady,8,13.609399999992888,0.5039999999922884,13.1054000000006
fixed_8,2955,contention_steady,8,11.984800000007567,0.26730000000441123,11.717500000003156
fixed_8,2956,contention_steady,8,46.72469999999862,0.4672000000027765,46.257499999995844
fixed_8,2957,contention_steady,8,20.037099999996144,0.2709999999979118,19.766099999998232
fixed_8,2958,contention_steady,8,46.8504999999908,0.45070000000180244,46.399799999989
fixed_8,2959,contention_steady,8,15.225999999998407,0.4729999999995016,14.752999999998906
fixed_8,2960,contention_steady,8,31.44829999999388,11.358399999991775,20.089900000002103
fixed_8,2961,contention_steady,8,20.06609999999398,0.8499999999997954,19.216099999994185
fixed_8,2962,contention_steady,8,17.389600000001337,5.400699999995595,11.988900000005742
fixed_8,2963,contention_steady,8,20.148800000001188,0.5512000000038597,19.59759999999733
fixed_8,2964,contention_steady,8,34.78760000000136,0.3377000000028829,34.44989999999848
fixed_8,2965,contention_steady,8,38.262500000001864,0.2798000000012735,37.98270000000059
fixed_8,2966,contention_steady,8,22.180400000010536,1.0734000000098831,21.107000000000653
fixed_8,2967,contention_steady,8,11.675199999999109,0.44719999999642823,11.22800000000268
fixed_8,2968,contention_steady,8,51.89640000000395,0.7785000000097853,51.117899999994165
fixed_8,2969,contention_steady,8,32.09429999999713,0.8409000000000333,31.2533999999971
fixed_8,2970,contention_steady,8,47.34960000000399,25.4615000000058,21.88809999999819
fixed_8,2971,contention_steady,8,35.34870000000012,0.5634999999983847,34.78520000000174
fixed_8,2972,contention_steady,8,24.922000000003663,1.1697000000054913,23.752299999998172
fixed_8,2973,contention_steady,8,55.950800000005074,0.6244000000066308,55.32639999999844
fixed_8,2974,contention_steady,8,18.397800000002462,3.2630000000040127,15.13479999999845
fixed_8,2975,contention_steady,8,48.37969999999814,0.6206000000048562,47.75909999999328
fixed_8,2976,contention_steady,8,21.849500000001854,0.36919999999440734,21.480300000007446
fixed_8,2977,contention_steady,8,43.22209999999416,0.4672999999968397,42.75479999999732
fixed_8,2978,contention_steady,8,15.93859999999836,0.4689000000013266,15.469699999997033
fixed_8,2979,contention_steady,8,57.63229999999453,0.5584999999967977,57.07379999999773
fixed_8,2980,contention_steady,8,9.977300000002742,0.6793000000016036,9.298000000001139
fixed_8,2981,contention_steady,8,32.97179999999855,1.8063999999924363,31.165400000006116
fixed_8,2982,contention_steady,8,14.912300000005985,1.0302999999964868,13.882000000009498
fixed_8,2983,contention_steady,8,22.811500000003093,0.47550000000740056,22.335999999995693
fixed_8,2984,contention_steady,8,19.499199999998496,0.6382999999914318,18.860900000007064
fixed_8,2985,contention_steady,8,39.93719999999712,1.5632000000067592,38.37399999999036
fixed_8,2986,contention_steady,8,34.15050000000974,0.47330000001011285,33.67719999999963
fixed_8,2987,contention_steady,8,21.93499999999915,6.85359999999946,15.08139999999969
fixed_8,2988,contention_steady,8,16.60680000000525,0.38849999999968077,16.21830000000557
fixed_8,2989,contention_steady,8,32.89630000000443,10.564700000003313,22.331600000001117
fixed_8,2990,contention_steady,8,47.09599999999625,0.35710000000221953,46.73889999999403
fixed_8,2991,contention_steady,8,17.995499999997833,0.28070000000468553,17.714799999993147
fixed_8,2992,contention_steady,8,18.99129999999616,0.8224000000041087,18.16889999999205
fixed_8,2993,contention_steady,8,21.846400000001154,0.6737000000072157,21.172699999993938
fixed_8,2994,contention_steady,8,22.63200000000154,0.6845999999995911,21.94740000000195
fixed_8,2995,contention_steady,8,32.0616000000058,1.2190000000060763,30.84259999999972
fixed_8,2996,contention_steady,8,15.311799999992104,0.5732999999992217,14.738499999992882
fixed_8,2997,contention_steady,8,31.951599999999303,0.4749000000003889,31.476699999998914
fixed_8,2998,contention_steady,8,18.666300000006686,0.7165000000100008,17.949799999996685
fixed_8,2999,contention_steady,8,38.073499999995875,0.5958999999933212,37.47760000000255
fixed_8,3000,contention_steady,8,22.144499999996015,3.1328000000030443,19.01169999999297
fixed_8,3001,contention_steady,8,20.742299999994884,0.439599999992879,20.302700000002005
fixed_8,3002,contention_steady,8,18.624799999997776,3.1279999999895836,15.496800000008193
fixed_8,3003,contention_steady,8,28.84850000000938,2.6663000000013426,26.182200000008038
fixed_8,3004,contention_steady,8,23.735500000000798,0.6207999999929825,23.114700000007815
fixed_8,3005,contention_steady,8,18.287400000005505,0.5142000000120106,17.773199999993494
fixed_8,3006,contention_steady,8,24.65180000000089,0.3872999999998683,24.26450000000102
fixed_8,3007,contention_steady,8,53.50560000000826,0.55629999999951,52.94930000000875
fixed_8,3008,contention_steady,8,31.892700000000218,0.808700000007434,31.083999999992784
fixed_8,3009,contention_steady,8,17.902900000009936,0.7583000000010998,17.144600000008836
fixed_8,3010,contention_steady,8,23.15890000001275,0.32060000000910804,22.838300000003642
fixed_8,3011,contention_steady,8,26.299399999999196,0.3334000000023707,25.965999999996825
fixed_8,3012,contention_steady,8,34.653499999990345,1.0759999999976344,33.57749999999271
fixed_8,3013,contention_steady,8,20.99049999999636,0.396899999998368,20.59359999999799
fixed_8,3014,contention_steady,8,20.477399999990098,0.3835999999921569,20.09379999999794
fixed_8,3015,contention_steady,8,9.165999999993346,0.9426999999959662,8.22329999999738
fixed_8,3016,contention_steady,8,19.401500000000738,0.44359999999699085,18.957900000003747
fixed_8,3017,contention_steady,8,44.451000000009344,0.31870000000822074,44.13230000000112
fixed_8,3018,contention_steady,8,15.951700000002234,0.785600000000386,15.166100000001848
fixed_8,3019,contention_steady,8,16.625599999997576,0.563800000008996,16.06179999998858
fixed_8,3020,contention_steady,8,14.804600000005053,0.4373999999955913,14.367200000009461
fixed_8,3021,contention_steady,8,40.50589999999943,0.6405999999969936,39.865300000002435
fixed_8,3022,contention_steady,8,17.723200000006045,0.42620000000681557,17.29699999999923
fixed_8,3023,contention_steady,8,34.2521999999974,0.36880000000394375,33.88339999999346
fixed_8,3024,contention_steady,8,17.266299999988632,0.5276999999921372,16.738599999996495
fixed_8,3025,contention_steady,8,11.71650000000568,0.3892999999948188,11.327200000010862
fixed_8,3026,contention_steady,8,21.20240000000706,0.4792999999949643,20.723100000012096
fixed_8,3027,contention_steady,8,53.66360000000725,0.4083000000036918,53.25530000000356
fixed_8,3028,contention_steady,8,72.00560000001133,49.87100000001021,22.134600000001114
fixed_8,3029,contention_steady,8,36.616499999993835,0.49939999999537577,36.11709999999846
fixed_8,3030,contention_steady,8,17.939299999994773,0.41319999999700485,17.52609999999777
fixed_8,3031,contention_steady,8,24.53369999999211,0.4385000000013406,24.09519999999077
fixed_8,3032,contention_steady,8,24.00260000000287,0.39409999999406864,23.608500000008803
fixed_8,3033,contention_steady,8,37.62960000000248,0.44700000000830187,37.18259999999418
fixed_8,3034,contention_steady,8,11.601799999994,0.4519000000016149,11.149899999992385
fixed_8,3035,contention_steady,8,22.02990000000682,4.292899999995825,17.737000000010994
fixed_8,3036,contention_steady,8,39.84219999999539,0.8444999999994707,38.997699999995916
fixed_8,3037,contention_steady,8,33.77839999998855,0.6340999999991936,33.14429999998936
fixed_8,3038,contention_steady,8,17.060599999993542,0.3917999999885069,16.668800000005035
fixed_8,3039,contention_steady,8,17.223900000004733,0.42580000000214113,16.79810000000259
fixed_8,3040,contention_steady,8,31.379299999997556,0.27710000000524815,31.102199999992308
fixed_8,3041,contention_steady,8,18.430300000005673,0.5655000000075461,17.864799999998127
fixed_8,3042,contention_steady,8,35.47040000000834,0.44890000000918917,35.02149999999915
fixed_8,3043,contention_steady,8,27.962000000002263,0.40609999999219326,27.55590000001007
fixed_8,3044,contention_steady,8,19.596100000001115,0.7649000000071737,18.83119999999394
fixed_8,3045,contention_steady,8,30.23739999999009,0.6121999999919581,29.62519999999813
fixed_8,3046,contention_steady,8,19.969500000001972,0.33499999999264674,19.634500000009325
fixed_8,3047,contention_steady,8,29.75399999999695,3.521899999995526,26.232100000001424
fixed_8,3048,contention_steady,8,24.41340000000025,0.633600000000456,23.779799999999796
fixed_8,3049,contention_steady,8,26.24160000000586,5.567200000001549,20.67440000000431
fixed_8,3050,contention_steady,8,16.012699999990332,0.6444999999928314,15.3681999999975
fixed_8,3051,contention_steady,8,18.472199999990835,0.5717999999887979,17.900400000002037
fixed_8,3052,contention_steady,8,26.395399999998403,0.30560000000434684,26.089799999994057
fixed_8,3053,contention_steady,8,35.46890000001213,18.703600000009146,16.76530000000298
fixed_8,3054,contention_steady,8,46.820099999990816,1.2756999999936625,45.544399999997154
fixed_8,3055,contention_steady,8,9.725399999993556,0.6365999999928817,9.088800000000674
fixed_8,3056,contention_steady,8,24.38820000000419,0.3485000000011951,24.039700000002995
fixed_8,3057,contention_steady,8,18.177999999991812,0.8138999999971475,17.364099999994664
fixed_8,3058,contention_steady,8,35.203800000005,0.8889000000067426,34.31489999999826
fixed_8,3059,contention_steady,8,46.03920000000983,0.4311000000001286,45.6081000000097
fixed_8,3060,contention_steady,8,18.489399999992884,2.094799999994734,16.39459999999815
fixed_8,3061,contention_steady,8,54.99679999999785,1.9695000000012897,53.02729999999656
fixed_8,3062,contention_steady,8,10.559599999993452,0.34429999999474603,10.215299999998706
fixed_8,3063,contention_steady,8,32.128799999995294,0.8466000000026952,31.2821999999926
fixed_8,3064,contention_steady,8,19.199099999994473,0.550599999996848,18.648499999997625
fixed_8,3065,contention_steady,8,13.464999999996508,0.7654999999999745,12.699499999996533
fixed_8,3066,contention_steady,8,42.65889999999217,0.5828999999977214,42.07599999999445
fixed_8,3067,contention_steady,8,9.972399999995218,0.34420000000068285,9.628199999994536
fixed_8,3068,contention_steady,8,53.59980000000064,0.5677000000048338,53.03209999999581
fixed_8,3069,contention_steady,8,17.314599999991742,0.3913999999980433,16.9231999999937
fixed_8,3070,contention_steady,8,42.8077999999914,0.4442999999980657,42.36349999999334
fixed_8,3071,contention_steady,8,7.919499999999857,0.2922999999981357,7.6272000000017215
fixed_8,3072,contention_steady,8,14.09169999999449,0.4864999999938391,13.60520000000065
fixed_8,3073,contention_steady,8,53.14629999999454,0.3340999999892347,52.812200000005305
fixed_8,3074,contention_steady,8,16.585800000001427,0.5256999999971868,16.06010000000424
fixed_8,3075,contention_steady,8,37.103000000001884,13.571400000003564,23.53159999999832
fixed_8,3076,contention_steady,8,18.773700000011218,0.4817000000088001,18.292000000002417
fixed_8,3077,contention_steady,8,42.00409999999977,7.947399999991944,34.05670000000782
fixed_8,3078,contention_steady,8,18.291000000004942,0.5844000000081451,17.706599999996797
fixed_8,3079,contention_steady,8,19.26879999999187,0.5056999999908385,18.76310000000103
fixed_8,3080,contention_steady,8,22.532200000000557,0.9282000000041535,21.603999999996404
fixed_8,3081,contention_steady,8,17.71689999999637,0.7344999999929769,16.982400000003395
fixed_8,3082,contention_steady,8,24.97390000000621,0.43310000000928994,24.54079999999692
fixed_8,3083,contention_steady,8,14.363000000003012,0.9055000000017799,13.457500000001232
fixed_8,3084,contention_steady,8,36.27949999999203,21.4769999999902,14.802500000001828
fixed_8,3085,contention_steady,8,11.405899999999747,0.3780999999918322,11.027800000007915
fixed_8,3086,contention_steady,8,35.763800000012225,0.3619000000014694,35.401900000010755
fixed_8,3087,contention_steady,8,12.200100000001157,0.5844000000081451,11.615699999993012
fixed_8,3088,contention_steady,8,34.24979999999778,0.502100000005612,33.747699999992165
fixed_8,3089,contention_steady,8,21.636899999990078,1.4982999999944013,20.138599999995677
fixed_8,3090,contention_steady,8,47.089300000010326,0.5054000000086489,46.58390000000168
fixed_8,3091,contention_steady,8,14.759200000000305,0.5129000000039241,14.246299999996381
fixed_8,3092,contention_steady,8,20.25479999998936,0.3322999999966214,19.922499999992738
fixed_8,3093,contention_steady,8,30.782299999998486,0.7220000000103255,30.06029999998816
fixed_8,3094,contention_steady,8,32.76609999998925,1.553899999990449,31.212199999998802
fixed_8,3095,contention_steady,8,37.2645999999861,0.41019999999036827,36.854399999995735
fixed_8,3096,contention_steady,8,9.904700000006983,0.6460000000032551,9.258700000003728
fixed_8,3097,contention_steady,8,15.16729999998745,0.3856999999953814,14.781599999992068
fixed_8,3098,contention_steady,8,35.26820000000441,0.2961999999939735,34.97200000001044
fixed_8,3099,contention_steady,8,19.786600000003318,1.1738000000036664,18.612799999999652
fixed_8,3100,contention_steady,8,22.83260000000098,0.9402000000022781,21.892399999998702
fixed_8,3101,contention_steady,8,26.56110000000922,0.6818000000095026,25.879299999999716
fixed_8,3102,contention_steady,8,26.967300000009686,0.6003000000021075,26.36700000000758
fixed_8,3103,contention_steady,8,17.13060000000155,0.35870000000670643,16.771899999994844
fixed_8,3104,contention_steady,8,16.503200000002494,0.7875000000012733,15.71570000000122
fixed_8,3105,contention_steady,8,16.99860000000797,0.5561000000113836,16.442499999996585
fixed_8,3106,contention_steady,8,46.249900000006505,0.4415000000079772,45.80839999999853
fixed_8,3107,contention_steady,8,12.41239999998811,0.6363999999905445,11.775999999997566
fixed_8,3108,contention_steady,8,41.315499999996064,0.4976000000027625,40.8178999999933
fixed_8,3109,contention_steady,8,17.47500000000457,1.028000000005136,16.446999999999434
fixed_8,3110,contention_steady,8,44.87840000000176,0.9362999999922295,43.94210000000953
fixed_8,3111,contention_steady,8,16.594699999998852,0.522599999996487,16.072100000002365
fixed_8,3112,contention_steady,8,18.054999999989718,1.086299999997209,16.96869999999251
fixed_8,3113,contention_steady,8,42.879599999992024,1.253899999994701,41.62569999999732
fixed_8,3114,contention_steady,8,21.113200000002053,2.8666000000043823,18.24659999999767
fixed_8,3115,contention_steady,8,27.255999999994174,0.7877000000036105,26.468299999990563
fixed_8,3116,contention_steady,8,21.041199999999094,0.6333000000040556,20.40789999999504
fixed_8,3117,contention_steady,8,38.413099999999645,0.686999999999216,37.72610000000043
fixed_8,3118,contention_steady,8,12.1026999999998,0.27989999999533666,11.822800000004463
fixed_8,3119,contention_steady,8,45.95279999999491,0.41339999999934207,45.53939999999557
fixed_8,3120,contention_steady,8,11.799699999997415,0.5962999999979957,11.20339999999942
fixed_8,3121,contention_steady,8,28.470800000008012,0.3939000000059423,28.07690000000207
fixed_8,3122,contention_steady,8,20.40540000000135,0.6375000000105047,19.767899999990846
fixed_8,3123,contention_steady,8,30.210799999991877,0.488899999993464,29.721899999998413
fixed_8,3124,contention_steady,8,23.587100000000305,0.5563999999935731,23.030700000006732
fixed_8,3125,contention_steady,8,25.659400000009214,1.697800000002303,23.96160000000691
fixed_8,3126,contention_steady,8,27.407800000005977,5.300599999998212,22.107200000007765
fixed_8,3127,contention_steady,8,19.552000000004455,0.6577999999990425,18.894200000005412
fixed_8,3128,contention_steady,8,20.758400000005395,5.3765000000112195,15.381899999994175
fixed_8,3129,contention_steady,8,19.070899999988455,0.3268999999903599,18.743999999998096
fixed_8,3130,contention_steady,8,43.97880000000498,0.46590000000890086,43.51289999999608
fixed_8,3131,contention_steady,8,30.44340000001,0.664000000000442,29.77940000000956
fixed_8,3132,contention_steady,8,16.084499999990953,0.45709999999132833,15.627399999999625
fixed_8,3133,contention_steady,8,35.98119999999483,0.6774999999947795,35.30370000000005
fixed_8,3134,contention_steady,8,19.542099999995344,0.5609999999904858,18.981100000004858
fixed_8,3135,contention_steady,8,14.97549999999137,0.4196999999948048,14.555799999996566
fixed_8,3136,contention_steady,8,16.05270000000303,0.4255999999998039,15.627100000003225
fixed_8,3137,contention_steady,8,26.007800000002135,0.3508000000067568,25.656999999995378
fixed_8,3138,contention_steady,8,18.29459999999017,0.9676999999896907,17.326900000000478
fixed_8,3139,contention_steady,8,6.939900000006105,0.4406999999986283,6.499200000007477
fixed_8,3140,contention_steady,8,45.578900000009526,0.24970000001189874,45.32919999999763
fixed_8,3141,contention_steady,8,8.89940000000422,0.5775000000056707,8.32189999999855
fixed_8,3142,contention_steady,8,34.31039999999541,0.9558999999939033,33.35450000000151
fixed_8,3143,contention_steady,8,18.269300000000044,0.6561999999945556,17.61310000000549
fixed_8,3144,contention_steady,8,33.93370000000573,0.7865999999978612,33.14710000000787
fixed_8,3145,contention_steady,8,23.167599999993627,1.0144999999965876,22.15309999999704
fixed_8,3146,contention_steady,8,16.204899999991085,0.775699999991275,15.42919999999981
fixed_8,3147,contention_steady,8,9.111099999998373,0.42299999999784177,8.688100000000532
fixed_8,3148,contention_steady,8,29.487700000004224,0.3182000000094831,29.16949999999474
fixed_8,3149,contention_steady,8,17.243100000001732,0.6051999999954205,16.63790000000631
fixed_8,3150,contention_steady,8,17.813599999996654,0.7324999999980264,17.081099999998628
fixed_8,3151,contention_steady,8,10.168300000003683,0.6240000000019563,9.544300000001726
fixed_8,3152,contention_steady,8,38.00999999999988,0.5081000000046743,37.5018999999952
fixed_8,3153,contention_steady,8,13.410400000012146,0.24850000001208628,13.16190000000006
fixed_8,3154,contention_steady,8,15.362199999998438,0.7504000000011501,14.611799999997288
fixed_8,3155,contention_steady,8,16.3965999999931,0.40799999999308056,15.98860000000002
fixed_8,3156,contention_steady,8,16.253299999988258,0.6209000000012566,15.632399999987001
fixed_8,3157,contention_steady,8,23.898400000007314,0.874400000000719,23.024000000006595
fixed_8,3158,contention_steady,8,20.089399999989155,0.4993000000013126,19.590099999987842
fixed_8,3159,contention_steady,8,15.084900000005064,0.6859000000076776,14.398999999997386
fixed_8,3160,contention_steady,8,48.09019999999009,0.526699999994662,47.56349999999543
fixed_8,3161,contention_steady,8,13.686100000001034,0.534999999999286,13.151100000001748
fixed_8,3162,contention_steady,8,18.22509999999511,0.4314999999905922,17.793600000004517
fixed_8,3163,contention_steady,8,29.271500000007222,0.34550000000876935,28.925999999998453
fixed_8,3164,contention_steady,8,17.885299999989,0.4275999999947544,17.457699999994247
fixed_8,3165,contention_steady,8,29.29350000000852,0.7564000000002125,28.53710000000831
fixed_8,3166,contention_steady,8,16.071800000005965,0.5118000000123857,15.559999999993579
fixed_8,3167,contention_steady,8,25.78590000000247,0.6115999999991573,25.174300000003313
fixed_8,3168,contention_steady,8,12.72880000000498,0.33410000000344553,12.394700000001535
fixed_8,3169,contention_steady,8,43.81130000000155,0.46109999999544016,43.35020000000611
fixed_8,3170,contention_steady,8,31.56730000000607,1.3531000000028826,30.21420000000319
fixed_8,3171,contention_steady,8,20.619100000004664,0.5376999999953114,20.081400000009353
fixed_8,3172,contention_steady,8,33.31950000000461,0.609800000006544,32.709699999998065
fixed_8,3173,contention_steady,8,16.692800000001284,0.9034999999926185,15.789300000008666
fixed_8,3174,contention_steady,8,20.756400000010444,2.271300000003862,18.485100000006582
fixed_8,3175,contention_steady,8,22.96309999999835,0.645899999994981,22.317200000003368
fixed_8,3176,contention_steady,8,26.331299999995395,0.5824999999930469,25.748800000002348
fixed_8,3177,contention_steady,8,27.08780000000388,0.4472000000106391,26.640599999993242
fixed_8,3178,contention_steady,8,22.20650000001001,1.0155000000082737,21.191000000001736
fixed_8,3179,contention_steady,8,25.44120000000305,1.5476999999890495,23.893500000014
fixed_8,3180,contention_steady,8,20.935600000001386,0.7146000000091135,20.220999999992273
fixed_8,3181,contention_steady,8,29.551099999991948,3.097799999991935,26.453300000000013
fixed_8,3182,contention_steady,8,18.31130000000769,1.9209000000017795,16.39040000000591
fixed_8,3183,contention_steady,8,15.552199999987693,2.2783999999944626,13.27379999999323
fixed_8,3184,contention_steady,8,16.68619999999521,0.3744999999923948,16.311700000002816
fixed_8,3185,contention_steady,8,28.874899999991044,1.00750000000005,27.867399999990994
fixed_8,3186,contention_steady,8,20.87660000000824,0.4209000000088281,20.45569999999941
fixed_8,3187,contention_steady,8,34.30759999999111,1.0319000000009737,33.27569999999014
fixed_8,3188,contention_steady,8,31.085799999999608,0.4294999999956417,30.656300000003966
fixed_8,3189,contention_steady,8,29.496500000007586,1.3734000000056312,28.123100000001955
fixed_8,3190,contention_steady,8,39.679399999997145,0.5773000000033335,39.10209999999381
fixed_8,3191,contention_steady,8,15.000499999999306,0.9703000000058637,14.030199999993442
fixed_8,3192,contention_steady,8,53.90210000000195,0.42299999999784177,53.47910000000411
fixed_8,3193,contention_steady,8,13.411700000006022,0.4992000000072494,12.912499999998772
fixed_8,3194,contention_steady,8,29.396999999988793,0.46309999999039064,28.933899999998403
fixed_8,3195,contention_steady,8,17.816100000004553,0.6678999999962798,17.148200000008273
fixed_8,3196,contention_steady,8,34.50960000000691,0.7085000000017772,33.801100000005135
fixed_8,3197,contention_steady,8,14.94609999998886,1.2996999999899117,13.646399999998948
fixed_8,3198,contention_steady,8,13.464300000009644,0.6831999999974414,12.781100000012202
fixed_8,3199,contention_steady,8,22.28680000000338,0.4645000000067512,21.82229999999663
fixed_8,3200,contention_steady,8,35.19599999999912,0.41109999999378033,34.78490000000534
fixed_8,3201,contention_steady,8,23.175199999997176,0.8164999999991096,22.358699999998066
fixed_8,3202,contention_steady,8,20.698000000010097,0.6319000000019059,20.06610000000819
fixed_8,3203,contention_steady,8,17.099299999998152,0.44350000000292766,16.655799999995224
fixed_8,3204,contention_steady,8,25.585100000000693,1.1535000000009177,24.431599999999776
fixed_8,3205,contention_steady,8,20.067600000004404,0.8420999999998457,19.22550000000456
fixed_8,3206,contention_steady,8,31.898299999994606,0.9210000000052787,30.977299999989327
fixed_8,3207,contention_steady,8,47.244399999996745,0.3823999999923444,46.8620000000044
fixed_8,3208,contention_steady,8,21.23090000000616,5.103500000004146,16.127400000002012
fixed_8,3209,contention_steady,8,28.076299999995058,0.3106999999999971,27.76559999999506
fixed_8,3210,contention_steady,8,16.0977000000031,0.5137999999931253,15.583900000009976
fixed_8,3211,contention_steady,8,41.27519999998697,0.45919999999455285,40.815999999992414
fixed_8,3212,contention_steady,8,13.323200000002089,0.6726999999955297,12.65050000000656
fixed_8,3213,contention_steady,8,11.391199999991386,0.3174999999941974,11.073699999997189
fixed_8,3214,contention_steady,8,44.23989999999378,0.6471999999888567,43.592700000004925
fixed_8,3215,contention_steady,8,14.619699999997238,0.4714999999890779,14.14820000000816
fixed_8,3216,contention_steady,8,41.920999999987885,23.154599999998027,18.766399999989858
fixed_8,3217,contention_steady,8,28.983800000006,0.5985000000094942,28.385299999996505
fixed_8,3218,contention_steady,8,18.805000000000405,0.6250999999934947,18.17990000000691
fixed_8,3219,contention_steady,8,19.373200000003976,0.601600000010194,18.771599999993782
fixed_8,3220,contention_steady,8,12.764799999999354,0.4890999999958012,12.275700000003553
fixed_8,3221,contention_steady,8,17.13340000000585,0.4811999999958516,16.652200000009998
fixed_8,3222,contention_steady,8,23.522300000010432,0.48450000001309945,23.037799999997333
fixed_8,3223,contention_steady,8,38.23469999998963,0.35739999999861993,37.87729999999101
fixed_8,3224,contention_steady,8,20.160200000006512,2.755399999998076,17.404800000008436
fixed_8,3225,contention_steady,8,55.92770000001224,0.5100000000055616,55.417700000006676
fixed_8,3226,contention_steady,8,17.820700000001466,0.641000000001668,17.179699999999798
fixed_8,3227,contention_steady,8,48.351900000000114,0.3322999999966214,48.01960000000349
fixed_8,3228,contention_steady,8,13.128199999997037,0.3355999999996584,12.792599999997378
fixed_8,3229,contention_steady,8,24.539599999997108,2.2857999999956746,22.253800000001434
fixed_8,3230,contention_steady,8,19.174599999999486,0.695999999990704,18.478600000008782
fixed_8,3231,contention_steady,8,36.74829999999929,0.6434999999953561,36.104800000003934
fixed_8,3232,contention_steady,8,47.29990000001294,0.6383000000056427,46.6616000000073
fixed_8,3233,contention_steady,8,23.538700000003132,0.7339999999942393,22.804700000008893
fixed_8,3234,contention_steady,8,20.42350000000681,0.9238000000095781,19.499699999997233
fixed_8,3235,contention_steady,8,48.11000000000831,1.3761000000016566,46.733900000006656
fixed_8,3236,contention_steady,8,18.142499999996176,0.8033999999952357,17.33910000000094
fixed_8,3237,contention_steady,8,29.46529999999825,9.642200000001822,19.82309999999643
fixed_8,3238,contention_steady,8,35.57320000000175,4.052100000009773,31.521099999991975
fixed_8,3239,contention_steady,8,24.099300000003154,0.4825999999980013,23.616700000005153
fixed_8,3240,contention_steady,8,27.822200000002795,0.4549000000082515,27.367299999994543
fixed_8,3241,contention_steady,8,12.850200000002587,0.41670000000237906,12.433500000000208
fixed_8,3242,contention_steady,8,32.09599999999568,0.29339999998967414,31.80260000000601
fixed_8,3243,contention_steady,8,20.581500000005803,3.3549000000050455,17.226600000000758
fixed_8,3244,contention_steady,8,22.915600000004588,1.3045000000033724,21.611100000001215
fixed_8,3245,contention_steady,8,11.51700000001199,0.6802999999990789,10.836700000012911
fixed_8,3246,contention_steady,8,12.39569999999901,0.36729999999352003,12.02840000000549
fixed_8,3247,contention_steady,8,32.66399999999692,0.3574999999926831,32.306500000004235
fixed_8,3248,contention_steady,8,17.45160000000112,0.6051000000013573,16.846499999999764
fixed_8,3249,contention_steady,8,15.781000000004042,0.8736999999996442,14.907300000004398
fixed_8,3250,contention_steady,8,15.23879999999167,1.6604999999998427,13.578299999991827
fixed_8,3251,contention_steady,8,40.895100000000184,0.46810000000618857,40.426999999993996
fixed_8,3252,contention_steady,8,12.350699999998938,0.5390000000033979,11.81169999999554
fixed_8,3253,contention_steady,8,33.880499999995095,2.9315000000025293,30.948999999992566
fixed_8,3254,contention_steady,8,22.584600000001842,9.405900000004408,13.178699999997434
fixed_8,3255,contention_steady,8,11.085800000003587,0.384600000003843,10.701199999999744
fixed_8,3256,contention_steady,8,39.895000000001346,0.4116000000067288,39.48339999999462
fixed_8,3257,contention_steady,8,13.829599999994002,0.5903999999929965,13.239200000001006
fixed_8,3258,contention_steady,8,25.820700000011243,1.7855000000110977,24.035200000000145
fixed_8,3259,contention_steady,8,18.160000000008836,3.7946000000061986,14.365400000002637
fixed_8,3260,contention_steady,8,14.265600000001655,0.5666999999931477,13.698900000008507
fixed_8,3261,contention_steady,8,30.41880000000674,0.5188000000089232,29.899999999997817
fixed_8,3262,contention_steady,8,20.177500000002624,0.49289999999757583,19.684600000005048
fixed_8,3263,contention_steady,8,15.489200000004644,1.1147000000022445,14.3745000000024
fixed_8,3264,contention_steady,8,48.732199999989234,0.8579999999938082,47.874199999995426
fixed_8,3265,contention_steady,8,15.979799999996658,2.808000000001698,13.17179999999496
fixed_8,3266,contention_steady,8,39.568099999996775,1.2234000000006517,38.34469999999612
fixed_8,3267,contention_steady,8,13.397199999999998,2.3599000000018577,11.03729999999814
fixed_8,3268,contention_steady,8,14.559400000010214,0.48139999999818883,14.078000000012025
fixed_8,3269,contention_steady,8,16.365600000000313,0.48540000000230066,15.880199999998013
fixed_8,3270,contention_steady,8,14.539999999996667,0.4960999999923388,14.043900000004328
fixed_8,3271,contention_steady,8,49.66629999999839,0.4792999999949643,49.18700000000342
fixed_8,3272,contention_steady,8,39.72560000001124,0.44710000000236505,39.278500000008876
fixed_8,3273,contention_steady,8,12.607500000001437,0.392800000000193,12.214700000001244
fixed_8,3274,contention_steady,8,33.43060000000264,0.9476000000034901,32.48299999999915
fixed_8,3275,contention_steady,8,16.66869999999676,0.3166999999990594,16.3519999999977
fixed_8,3276,contention_steady,8,22.56279999998867,0.4067999999932681,22.1559999999954
fixed_8,3277,contention_steady,8,14.03070000000639,0.30859999999677257,13.722100000009618
fixed_8,3278,contention_steady,8,36.5829000000133,0.41830000000686596,36.16460000000643
fixed_8,3279,contention_steady,8,16.42309999999725,0.4828000000003385,15.94029999999691
fixed_8,3280,contention_steady,8,24.90609999999549,2.2519999999985885,22.6540999999969
fixed_8,3281,contention_steady,8,14.037600000008865,0.4860000000093123,13.551599999999553
fixed_8,3282,contention_steady,8,16.43590000000472,0.6124000000085061,15.823499999996216
fixed_8,3283,contention_steady,8,17.70360000000437,0.8930999999989808,16.81050000000539
fixed_8,3284,contention_steady,8,29.16609999999764,0.5580999999921232,28.608000000005518
fixed_8,3285,contention_steady,8,20.489999999995234,0.842300000002183,19.64769999999305
fixed_8,3286,contention_steady,8,19.523800000001756,0.33820000000162054,19.185600000000136
fixed_8,3287,contention_steady,8,12.18409999999892,0.4940000000033251,11.690099999995596
fixed_8,3288,contention_steady,8,16.4185999999944,0.5156999999940126,15.902900000000386
fixed_8,3289,contention_steady,8,25.560200000001032,0.518499999998312,25.04170000000272
fixed_8,3290,contention_steady,8,13.655500000012921,0.411800000009066,13.243700000003855
fixed_8,3291,contention_steady,8,20.395300000004113,0.29279999999687334,20.10250000000724
fixed_8,3292,contention_steady,8,11.250500000002717,0.4823000000016009,10.768200000001116
fixed_8,3293,contention_steady,8,13.552999999987492,0.4475999999868918,13.1054000000006
fixed_8,3294,contention_steady,8,14.207100000007244,0.43510000000424043,13.772000000003004
fixed_8,3295,contention_steady,8,10.415800000004083,0.8466999999967584,9.569100000007325
fixed_8,3296,contention_steady,8,16.75540000000808,0.9093999999976177,15.846000000010463
fixed_8,3297,contention_steady,8,11.747700000000805,0.21010000000387663,11.537599999996928
fixed_8,3298,contention_steady,8,12.188500000007707,0.3980000000041173,11.79050000000359
fixed_8,3299,contention_steady,8,14.29569999999103,0.21699999999214015,14.07869999999889
change_aware,0,normal,8,5.3803999999928465,0.27769999999804895,5.1026999999947975
change_aware,1,normal,8,6.816300000011211,0.2394000000123242,6.576899999998886
change_aware,2,normal,8,6.136799999993059,0.2006999999935033,5.936099999999556
change_aware,3,normal,8,11.222399999994082,0.15100000000245473,11.071399999991627
change_aware,4,normal,8,5.819099999996524,0.3273999999890975,5.491700000007427
change_aware,5,normal,8,10.420199999998658,0.22400000000288856,10.19619999999577
change_aware,6,normal,8,6.44080000000713,0.32319999999685933,6.11760000001027
change_aware,7,normal,8,9.30169999999464,0.25610000000142463,9.045599999993215
change_aware,8,normal,8,6.093400000011684,0.34760000001199387,5.74579999999969
change_aware,9,normal,8,10.325399999999263,0.5018999999890639,9.823500000010199
change_aware,10,normal,8,6.505599999997003,0.26400000000137425,6.241599999995628
change_aware,11,normal,8,9.548899999998639,0.37539999999580687,9.173500000002832
change_aware,12,normal,8,8.379000000005021,0.332000000000221,8.0470000000048
change_aware,13,normal,8,9.081399999999462,0.21049999999434021,8.870900000005122
change_aware,14,normal,8,5.616599999996197,0.2858000000003358,5.330799999995861
change_aware,15,normal,8,9.585299999997687,0.18499999998766725,9.40030000001002
change_aware,16,normal,8,8.390800000000809,0.33469999999624633,8.056100000004562
change_aware,17,normal,8,8.394699999996647,0.22459999999568936,8.170100000000957
change_aware,18,normal,8,5.890300000004345,0.3174999999941974,5.572800000010147
change_aware,19,normal,8,7.0446000000004005,1.012399999993363,6.0322000000070375
change_aware,20,normal,8,10.0876999999997,0.15809999999305546,9.929600000006644
change_aware,21,normal,8,7.211000000012291,0.5609000000106334,6.6501000000016575
change_aware,22,normal,8,9.996299999997404,0.19160000000795208,9.804699999989452
change_aware,23,normal,8,7.124599999997372,1.1741000000000668,5.950499999997305
change_aware,24,normal,8,9.73030000000108,0.17839999999580414,9.551900000005276
change_aware,25,normal,8,5.96789999998748,0.26819999999361244,5.699699999993868
change_aware,26,normal,8,10.618800000003148,0.13239999999825613,10.486400000004892
change_aware,27,normal,8,5.547399999997538,0.32859999998891,5.218800000008628
change_aware,28,normal,8,11.125899999996136,0.2797000000072103,10.846199999988926
change_aware,29,normal,8,6.758899999994128,0.33299999999769625,6.425899999996432
change_aware,30,normal,8,9.360700000001998,0.2576999999917007,9.103000000010297
change_aware,31,normal,8,8.459599999994794,0.31009999999298543,8.149500000001808
change_aware,32,normal,8,9.906799999995997,0.1661999999953423,9.740600000000654
change_aware,33,normal,8,7.752799999991566,0.30049999999448573,7.452299999997081
change_aware,34,normal,8,9.106100000010997,0.35429999999792017,8.751800000013077
change_aware,35,normal,8,7.036799999994514,0.6124999999883585,6.424300000006156
change_aware,36,normal,8,9.159399999987272,0.2156999999982645,8.943699999989008
change_aware,37,normal,8,5.990299999993454,0.34229999999979555,5.647999999993658
change_aware,38,normal,8,11.18649999999377,0.19999999999242846,10.986500000001342
change_aware,39,normal,8,5.458000000004404,0.3319000000061578,5.126099999998246
change_aware,40,normal,8,11.628100000010022,0.20640000001037606,11.421699999999646
change_aware,41,normal,8,6.130999999996334,0.43619999999577885,5.694800000000555
change_aware,42,normal,8,9.10960000000216,0.24879999999427582,8.860800000007885
change_aware,43,normal,8,5.876400000005333,0.26200000000642376,5.614399999998909
change_aware,44,normal,8,11.0875999999962,0.286699999989537,10.800900000006664
change_aware,45,normal,8,6.092899999998735,0.27930000000253585,5.8135999999962
change_aware,46,normal,8,11.421999999996046,0.3971000000007052,11.024899999995341
change_aware,47,normal,8,5.689099999997893,0.2553000000062866,5.4337999999916065
change_aware,48,normal,8,10.0814999999983,0.2514000000104488,9.830099999987851
change_aware,49,normal,8,6.340100000002735,0.3093999999919106,6.030700000010825
change_aware,50,normal,8,9.451799999993682,0.3539000000074566,9.097899999986225
change_aware,51,normal,8,8.742699999999104,0.3140000000030341,8.42869999999607
change_aware,52,normal,8,7.756499999999278,0.24659999999698812,7.50990000000229
change_aware,53,normal,8,14.17279999999721,0.3181000000012091,13.854699999996
change_aware,54,normal,8,5.580000000009022,0.32480000000134623,5.255200000007676
change_aware,55,normal,8,10.539800000003652,0.20539999999868996,10.334400000004962
change_aware,56,normal,8,6.33400000000961,0.2818000000104348,6.052199999999175
change_aware,57,normal,8,10.536400000006552,0.1809000000037031,10.355500000002849
change_aware,58,normal,8,6.3188999999965745,0.3531999999921709,5.965700000004404
change_aware,59,normal,8,10.953799999995795,0.1871999999991658,10.766599999996629
change_aware,60,normal,8,5.856200000010858,0.2859000000086098,5.5703000000022485
change_aware,61,normal,8,9.681699999987359,0.2441999999973632,9.437499999989996
change_aware,62,normal,8,8.39340000000277,2.4879000000055385,5.905499999997232
change_aware,63,normal,8,8.560599999995588,0.2537000000017997,8.306899999993789
change_aware,64,normal,8,6.522900000007326,0.4094000000094411,6.1134999999978845
change_aware,65,normal,8,10.137899999989486,0.18609999999341653,9.95179999999607
change_aware,66,normal,8,10.793000000006714,0.31300000000555883,10.480000000001155
change_aware,67,normal,8,6.7923000000007505,0.22940000000915006,6.5628999999916005
change_aware,68,normal,8,8.758299999996666,0.2403000000015254,8.51799999999514
change_aware,69,normal,8,7.354599999999323,0.20399999999654028,7.1506000000027825
change_aware,70,normal,8,13.782200000008515,0.45260000000268974,13.329600000005826
change_aware,71,normal,8,6.088300000001823,0.3525999999993701,5.735700000002453
change_aware,72,normal,8,6.001100000005977,0.27719999999931133,5.723900000006665
change_aware,73,normal,8,7.239999999995916,0.17669999999725405,7.063299999998662
change_aware,74,normal,8,6.846600000002923,0.28369999999711126,6.562900000005811
change_aware,75,normal,8,9.861799999995924,0.22219999999606443,9.63959999999986
change_aware,76,normal,8,7.020199999999477,0.2989000000042097,6.721299999995267
change_aware,77,normal,8,9.528700000004164,0.18350000000566524,9.3451999999985
change_aware,78,normal,8,6.177899999997294,0.3383999999897469,5.839500000007547
change_aware,79,normal,8,9.025800000003414,0.2477000000027374,8.778100000000677
change_aware,80,normal,8,6.311799999991763,0.30619999999714764,6.005599999994615
change_aware,81,normal,8,10.950199999996357,0.21319999999036554,10.737000000005992
change_aware,82,normal,8,5.984500000010939,0.27959999999893625,5.704900000012003
change_aware,83,normal,8,10.570700000002375,0.2616000000017493,10.309100000000626
change_aware,84,normal,8,7.321799999999712,0.30530000000794644,7.016499999991765
change_aware,85,normal,8,8.50330000000099,0.19690000000593955,8.306399999995051
change_aware,86,normal,8,8.351400000009335,0.3623000000061438,7.989100000003191
change_aware,87,normal,8,8.745199999992792,1.3643000000058692,7.380899999986923
change_aware,88,normal,8,5.9303000000028305,0.28929999999149913,5.641000000011331
change_aware,89,normal,8,8.299699999994914,1.1649000000062415,7.134799999988672
change_aware,90,normal,8,8.628900000005046,0.2378000000078373,8.39109999999721
change_aware,91,normal,8,22.40370000001235,8.988500000000954,13.415200000011396
change_aware,92,normal,8,8.41680000000622,0.2503999999987627,8.166400000007457
change_aware,93,normal,8,9.693200000000957,0.3815000000031432,9.311699999997813
change_aware,94,normal,8,7.908700000001545,0.26760000000081163,7.641100000000733
change_aware,95,normal,8,9.360599999993724,0.2903999999972484,9.070199999996476
change_aware,96,normal,8,6.5096000000011145,0.23579999999867596,6.2738000000024385
change_aware,97,normal,8,9.548199999997564,0.3358000000019956,9.212399999995569
change_aware,98,normal,8,6.249199999999178,0.438100000010877,5.811099999988301
change_aware,99,normal,8,10.586400000008211,0.36080000000993095,10.22559999999828
change_aware,100,normal,8,5.914899999993395,0.3492000000022699,5.565699999991125
change_aware,101,normal,8,10.415600000001746,0.17529999999510437,10.240300000006641
change_aware,102,normal,8,5.365100000005896,0.30019999999808533,5.06490000000781
change_aware,103,normal,8,9.89669999999876,0.17809999999940374,9.718599999999356
change_aware,104,normal,8,7.945900000009942,0.24460000000203763,7.701300000007905
change_aware,105,normal,8,9.535799999994765,0.1795999999956166,9.356199999999149
change_aware,106,normal,8,5.698300000005929,0.2862000000050102,5.412100000000919
change_aware,107,normal,8,27.48670000001141,18.616600000001426,8.870100000009984
change_aware,108,normal,8,7.54720000000475,0.33439999999984593,7.212800000004904
change_aware,109,normal,8,9.577800000002412,0.194699999994441,9.383100000007971
change_aware,110,normal,8,9.827999999998838,0.2403999999955886,9.587600000003249
change_aware,111,normal,8,7.249799999996753,0.277800000006323,6.97199999999043
change_aware,112,normal,8,6.705900000000042,0.2933000000098218,6.412599999990221
change_aware,113,normal,8,8.635599999990973,0.17299999998954263,8.46260000000143
change_aware,114,normal,8,14.14400000000171,0.31930000000102154,13.82470000000069
change_aware,115,normal,8,18.644800000004125,12.295500000007564,6.3492999999965605
change_aware,116,normal,8,5.388199999998733,0.22549999999910142,5.1626999999996315
change_aware,117,normal,8,11.327100000002588,0.17850000000407817,11.14859999999851
change_aware,118,normal,8,6.229000000004703,0.4753999999991265,5.7536000000055765
change_aware,119,normal,8,9.420899999994958,0.3695999999990818,9.051299999995877
change_aware,120,normal,8,5.172299999998131,0.22549999999910142,4.94679999999903
change_aware,121,normal,8,11.929499999993709,0.22439999999335214,11.705100000000357
change_aware,122,normal,8,6.768899999997302,0.35769999999502033,6.411200000002282
change_aware,123,normal,8,24.602200000003904,13.457200000004832,11.144999999999072
change_aware,124,normal,8,7.127000000011208,0.3163000000085958,6.810700000002612
change_aware,125,normal,8,9.980200000001105,0.19660000000953914,9.783599999991566
change_aware,126,normal,8,5.9539999999884685,0.4297999999920421,5.524199999996426
change_aware,127,normal,8,15.790300000006141,0.14840000000049258,15.641900000005649
change_aware,128,normal,8,11.03840000000389,0.2931000000074846,10.745299999996405
change_aware,129,normal,8,8.85250000000326,0.31789999999887186,8.534600000004389
change_aware,130,normal,8,10.071500000009337,0.32480000000134623,9.74670000000799
change_aware,131,normal,8,5.364299999996547,0.3363999999947964,5.02790000000175
change_aware,132,normal,8,9.06040000000985,0.17990000000622786,8.880500000003622
change_aware,133,normal,8,8.096899999998186,0.4899999999992133,7.606899999998973
change_aware,134,normal,8,9.945999999999344,0.20179999999925258,9.744200000000092
change_aware,135,normal,8,7.770400000012501,0.26530000000946075,7.50510000000304
change_aware,136,normal,8,8.105999999997948,0.17750000000660293,7.928499999991345
change_aware,137,normal,8,6.883299999998371,0.2704999999991742,6.612799999999197
change_aware,138,normal,8,9.227199999997993,0.3331000000059703,8.894099999992022
change_aware,139,normal,8,16.122100000004025,6.871900000007258,9.250199999996767
change_aware,140,normal,8,5.0410999999996875,0.28530000000159816,4.755799999998089
change_aware,141,normal,8,4.963899999992805,0.1590999999905307,4.804800000002274
change_aware,142,normal,8,6.931199999996807,0.14710000000661694,6.78409999999019
change_aware,143,normal,8,6.451699999999505,0.2884999999963611,6.163200000003144
change_aware,144,normal,8,10.72960000000478,0.19949999999369084,10.530100000011089
change_aware,145,normal,8,6.8033000000014,0.2733999999975367,6.529900000003863
change_aware,146,normal,8,9.09010000000876,0.20100000000411455,8.889100000004646
change_aware,147,normal,8,16.218699999996034,11.585199999998963,4.6334999999970705
change_aware,148,normal,8,5.136400000012031,0.2192000000036387,4.917200000008393
change_aware,149,normal,8,11.184800000009432,0.1529999999974052,11.031800000012026
change_aware,150,normal,8,14.82289999999864,0.2992000000006101,14.52369999999803
change_aware,151,normal,8,4.936499999999455,0.2734999999915999,4.663000000007855
change_aware,152,normal,8,5.330799999995861,0.16019999999627998,5.170599999999581
change_aware,153,normal,8,7.70540000000608,0.3219000000029837,7.383500000003096
change_aware,154,normal,8,5.679499999999393,0.31189999999980955,5.367599999999584
change_aware,155,normal,8,13.31589999999494,5.901999999991858,7.413900000003082
change_aware,156,normal,8,11.876200000003223,0.21710000000041418,11.659100000002809
change_aware,157,normal,8,6.042199999996001,0.26629999999272513,5.775900000003276
change_aware,158,normal,8,11.377300000006585,0.13649999999643114,11.240800000010154
change_aware,159,normal,8,6.6656999999992195,0.28159999999388674,6.384100000005333
change_aware,160,normal,8,11.693100000002232,0.16359999999338015,11.529500000008852
change_aware,161,normal,8,5.702799999994568,0.38309999999341926,5.3197000000011485
change_aware,162,normal,8,8.287200000012263,0.19440000001225144,8.092800000000011
change_aware,163,normal,8,8.427499999996257,0.7730999999893129,7.6544000000069445
change_aware,164,normal,8,8.391599999995947,0.1675000000034288,8.224099999992518
change_aware,165,normal,8,6.225600000007603,0.31359999999835964,5.912000000009243
change_aware,166,normal,8,10.531999999997765,0.14840000000049258,10.383599999997273
change_aware,167,normal,8,5.72150000000704,0.4784999999998263,5.243000000007214
change_aware,168,normal,8,11.280200000001628,0.16109999999969205,11.119100000001936
change_aware,169,normal,8,6.288899999987052,0.25109999999983756,6.0377999999872145
change_aware,170,normal,8,10.807799999994927,0.2609000000006745,10.546899999994253
change_aware,171,normal,8,7.5818999999910375,2.0515999999872747,5.530300000003763
change_aware,172,normal,8,7.20760000000098,0.2734999999915999,6.93410000000938
change_aware,173,normal,8,6.411100000008219,0.25859999999511274,6.152500000013106
change_aware,174,normal,8,10.939499999992108,0.141299999995681,10.798199999996427
change_aware,175,normal,8,14.657200000002035,0.26340000000857344,14.393799999993462
change_aware,176,normal,8,5.657799999994495,0.8306999999945219,4.827099999999973
change_aware,177,normal,8,12.463000000010993,0.17950000000155342,12.28350000000944
change_aware,178,normal,8,7.873699999990436,0.24029999998731455,7.633400000003121
change_aware,179,normal,8,8.135199999998122,1.6175999999887836,6.517600000009338
change_aware,180,normal,8,6.832200000005173,0.2539999999982001,6.578200000006973
change_aware,181,normal,8,9.600599999998849,0.16689999999641714,9.433700000002432
change_aware,182,normal,8,6.878400000005058,0.6769000000019787,6.2015000000030795
change_aware,183,normal,8,9.738699999999767,0.263799999999037,9.47490000000073
change_aware,184,normal,8,5.825700000002598,0.2348999999952639,5.590800000007334
change_aware,185,normal,8,9.612699999991037,0.29329999999561096,9.319399999995426
change_aware,186,normal,8,6.730199999992692,0.29149999998878684,6.438700000003905
change_aware,187,normal,8,14.461999999994646,9.074699999999325,5.387299999995321
change_aware,188,normal,8,4.61850000000652,0.2342000000083999,4.38429999999812
change_aware,189,normal,8,7.839799999999286,0.3221999999993841,7.517599999999902
change_aware,190,normal,8,7.427899999996157,0.6915000000020655,6.736399999994092
change_aware,191,normal,8,9.443500000003269,0.1869000000027654,9.256600000000503
change_aware,192,normal,8,5.626200000008907,0.27850000000739783,5.34770000000151
change_aware,193,normal,8,9.982900000011341,0.1519000000058668,9.831000000005474
change_aware,194,normal,8,6.570199999998749,1.2501000000071372,5.320099999991612
change_aware,195,normal,8,27.30019999999911,18.374199999996677,8.926000000002432
change_aware,196,normal,8,5.908300000001532,0.25490000000161217,5.65339999999992
change_aware,197,normal,8,10.345299999997337,0.3150000000005093,10.030299999996828
change_aware,198,normal,8,5.031999999999925,0.3241999999943346,4.707800000005591
change_aware,199,normal,8,10.768200000001116,0.9251000000034537,9.843099999997662
change_aware,200,normal,8,6.090999999997848,0.44589999998834173,5.645100000009506
change_aware,201,normal,8,10.754000000005703,0.17119999999692936,10.582800000008774
change_aware,202,normal,8,5.632399999996096,0.2827999999936992,5.349600000002397
change_aware,203,normal,8,11.536100000000715,2.471200000002227,9.064899999998488
change_aware,204,normal,8,7.19150000000468,0.2570999999988999,6.93440000000578
change_aware,205,normal,8,9.393299999999272,0.2800000000036107,9.113299999995661
change_aware,206,normal,8,7.441300000010642,0.25060000000109994,7.190700000009542
change_aware,207,normal,8,8.514500000003977,0.1888999999977159,8.325600000006261
change_aware,208,normal,8,8.193200000008005,0.25229999999965,7.940900000008355
change_aware,209,normal,8,8.298999999993839,0.20219999998971616,8.096800000004123
change_aware,210,normal,8,6.588699999994674,0.2885999999904243,6.3001000000042495
change_aware,211,normal,8,10.065600000004338,0.3913999999980433,9.674200000006294
change_aware,212,normal,8,7.9171999999942955,0.40799999999308056,7.509200000001215
change_aware,213,normal,8,8.525800000001027,0.21910000000957552,8.306699999991451
change_aware,214,normal,8,7.320199999995225,0.25990000000319924,7.060299999992026
change_aware,215,normal,8,9.161200000008307,0.20270000000266464,8.958500000005643
change_aware,216,normal,8,6.636999999997784,0.3260000000011587,6.310999999996625
change_aware,217,normal,8,9.401299999993284,0.18419999999252923,9.217100000000755
change_aware,218,normal,8,6.897899999998458,0.2918999999934613,6.606000000004997
change_aware,219,normal,8,9.572800000000825,0.23509999999760112,9.337700000003224
change_aware,220,normal,8,7.6229999999952724,0.29460000000369746,7.328399999991575
change_aware,221,normal,8,9.980999999996243,0.20209999999565298,9.77890000000059
change_aware,222,normal,8,6.120199999998022,0.3519999999923584,5.768200000005663
change_aware,223,normal,8,9.160600000001295,0.18649999999809097,8.974100000003205
change_aware,224,normal,8,8.283900000009226,0.3827000000029557,7.90120000000627
change_aware,225,normal,8,8.508300000002578,0.21750000000508862,8.290799999997489
change_aware,226,normal,8,5.481099999997241,0.4203999999958796,5.060700000001361
change_aware,227,normal,8,10.572199999998588,0.20810000000892614,10.364099999989662
change_aware,228,normal,8,5.610399999994797,0.3210999999936348,5.2893000000011625
change_aware,229,normal,8,11.020400000006703,0.17950000000155342,10.84090000000515
change_aware,230,normal,8,6.576899999998886,0.3473000000013826,6.229599999997504
change_aware,231,normal,8,9.909399999997959,0.21149999999181546,9.697900000006143
change_aware,232,normal,8,5.654800000002069,0.3128999999972848,5.3419000000047845
change_aware,233,normal,8,11.320800000007125,0.1867000000004282,11.134100000006697
change_aware,234,normal,8,5.756599999998002,0.3742999999900576,5.382300000007945
change_aware,235,normal,8,10.399299999988898,0.31829999998933545,10.080999999999563
change_aware,236,normal,8,5.851100000000997,0.25570000001096105,5.595399999990036
change_aware,237,normal,8,10.11880000000076,0.13369999999213178,9.985100000008629
change_aware,238,normal,8,6.604700000011121,0.34740000000965665,6.2573000000014645
change_aware,239,normal,8,10.235999999991918,0.16879999999730444,10.067199999994614
change_aware,240,normal,8,7.679300000006606,0.3654000000068436,7.313899999999762
change_aware,241,normal,8,7.805699999991589,0.1986999999985528,7.606999999993036
change_aware,242,normal,8,5.595999999997048,0.26319999999202537,5.332800000005022
change_aware,243,normal,8,10.389900000006946,0.18750000000977707,10.20239999999717
change_aware,244,normal,8,6.416999999999007,0.3891000000066924,6.027899999992314
change_aware,245,normal,8,9.69500000000778,0.1622999999995045,9.532700000008276
change_aware,246,normal,8,5.566400000006411,0.3399000000001706,5.22650000000624
change_aware,247,normal,8,11.880000000004998,0.254800000007549,11.625199999997449
change_aware,248,normal,8,5.706900000006954,0.3894000000030928,5.317500000003861
change_aware,249,normal,8,9.78200000000129,0.2666000000033364,9.515399999997953
change_aware,250,normal,8,5.443400000004317,0.3482000000047947,5.095199999999522
change_aware,251,normal,8,11.332600000002913,0.33410000000344553,10.998499999999467
change_aware,252,normal,8,5.89809999999602,0.3035999999951855,5.594500000000835
change_aware,253,normal,8,10.687300000000732,0.2140999999937776,10.473200000006955
change_aware,254,normal,8,8.320800000007011,0.33260000000723267,7.988199999999779
change_aware,255,normal,8,9.289499999994177,0.4349999999959664,8.854499999998211
change_aware,256,normal,8,7.209899999992331,0.35909999999717,6.850799999995161
change_aware,257,normal,8,7.5145999999932656,0.22739999999998872,7.287199999993277
change_aware,258,normal,8,7.091600000009635,0.2928000000110842,6.7987999999985504
change_aware,259,normal,8,10.672199999987697,0.4449999999991405,10.227199999988557
change_aware,260,normal,8,6.6936999999995805,0.27920000000847267,6.414499999991108
change_aware,261,normal,8,10.550999999992428,0.18079999999542906,10.370199999996998
change_aware,262,normal,8,6.313300000002187,0.28230000000917244,6.030999999993014
change_aware,263,normal,8,8.332499999994525,0.1759999999961792,8.156499999998346
change_aware,264,normal,8,6.011299999997277,0.40959999999756747,5.60169999999971
change_aware,265,normal,8,8.635699999999247,0.2160999999887281,8.419600000010519
change_aware,266,normal,8,6.727499999996667,0.3399999999942338,6.387500000002433
change_aware,267,normal,8,9.231599999992568,0.23779999999362644,8.993799999998942
change_aware,268,normal,8,5.561099999994212,0.23919999999577612,5.321899999998436
change_aware,269,normal,8,10.289000000000215,0.4032999999878939,9.88570000001232
change_aware,270,normal,8,5.287100000003875,0.5352000000016233,4.7519000000022515
change_aware,271,normal,8,9.991200000001754,0.21870000000490109,9.772499999996853
change_aware,272,normal,8,6.859599999998522,0.4555000000010523,6.40409999999747
change_aware,273,normal,8,11.133100000009222,0.1748000000105776,10.958299999998644
change_aware,274,normal,8,5.802799999997887,0.2917000000053349,5.5110999999925525
change_aware,275,normal,8,10.191700000007131,0.24659999999698812,9.945100000010143
change_aware,276,normal,8,6.807600000001912,0.2762000000018361,6.531400000000076
change_aware,277,normal,8,9.75970000000359,0.18099999999776628,9.578700000005824
change_aware,278,normal,8,4.9728999999985035,0.2846999999945865,4.688200000003917
change_aware,279,normal,8,10.279599999989841,0.22389999999461452,10.055699999995227
change_aware,280,normal,8,5.810199999999099,0.23629999999741358,5.573900000001686
change_aware,281,normal,8,11.670800000004533,0.1754999999974416,11.495300000007092
change_aware,282,normal,8,6.017200000002276,0.308200000006309,5.708999999995967
change_aware,283,normal,8,10.04700000000014,0.16630000000361633,9.880699999996523
change_aware,284,normal,8,6.1226000000118574,0.3054000000020096,5.817200000009848
change_aware,285,normal,8,10.528300000004265,0.21040000000027703,10.317900000003988
change_aware,286,normal,8,6.181400000002668,0.2895000000080472,5.891899999994621
change_aware,287,normal,8,10.642099999998322,0.2323000000075126,10.40979999999081
change_aware,288,normal,8,5.307799999997087,0.3208999999912976,4.9869000000057895
change_aware,289,normal,8,11.66280000001052,0.1786000000123522,11.484199999998168
change_aware,290,normal,8,6.86659999999506,0.2729999999928623,6.593600000002198
change_aware,291,normal,8,9.692099999995207,0.23209999999096453,9.460000000004243
change_aware,292,normal,8,8.13769999999181,0.2851999999933241,7.852499999998486
change_aware,293,normal,8,7.751599999991754,0.461799999996515,7.289799999995239
change_aware,294,normal,8,7.595099999988975,0.33339999998815983,7.261700000000815
change_aware,295,normal,8,10.364100000003873,0.39950000000033015,9.964600000003543
change_aware,296,normal,8,5.7240000000007285,0.6022000000029948,5.121799999997734
change_aware,297,normal,8,9.295800000003851,0.2627000000074986,9.033099999996352
change_aware,298,normal,8,5.814200000003211,0.32260000000405853,5.491599999999153
change_aware,299,normal,8,10.334999999997763,0.22899999999026477,10.106000000007498
change_aware,300,contention_detect,8,12.910500000003822,0.5557000000067092,12.354799999997113
change_aware,301,contention_detect,8,9.451299999994944,0.774100000000999,8.677199999993945
change_aware,302,contention_detect,8,11.79079999999999,0.43979999999521624,11.351000000004774
change_aware,303,contention_detect,8,23.081899999993993,0.4751000000027261,22.606799999991267
change_aware,304,contention_detect,8,21.234999999990123,0.927699999991205,20.307299999998918
change_aware,305,contention_detect,8,11.732399999999643,0.6522999999987178,11.080100000000925
change_aware,306,contention_detect,8,42.52320000000509,2.874500000004332,39.64870000000076
change_aware,307,contention_detect,8,16.418200000003935,0.939299999998866,15.47890000000507
change_aware,308,contention_detect,8,39.68460000000107,0.7264999999989641,38.958100000002105
change_aware,309,contention_detect,8,24.749099999993973,1.252399999998488,23.496699999995485
change_aware,310,contention_detect,8,14.609699999994064,0.71649999999579,13.893199999998274
change_aware,311,contention_detect,8,22.00050000000431,0.637000000011767,21.36349999999254
change_aware,312,contention_detect,8,10.901200000006384,0.43540000000064083,10.465800000005743
change_aware,313,contention_detect,8,49.25390000001073,0.9868000000068378,48.26710000000389
change_aware,314,contention_detect,8,17.445299999991448,0.7440999999914766,16.70119999999997
change_aware,315,contention_detect,8,37.936500000000706,0.834900000000971,37.101599999999735
change_aware,316,contention_detect,8,13.303899999996815,0.7112999999918657,12.59260000000495
change_aware,317,contention_detect,8,18.710100000006946,0.6762000000009039,18.033900000006042
change_aware,318,contention_detect,8,16.064400000004753,0.384600000003843,15.67980000000091
change_aware,319,contention_detect,8,34.19900000000098,0.6079999999997199,33.59100000000126
change_aware,320,contention_detect,8,13.154900000003522,0.38210000001015487,12.772799999993367
change_aware,321,contention_detect,8,30.817100000007258,0.45580000001166354,30.361299999995595
change_aware,322,contention_detect,8,23.134699999999953,0.5761999999975842,22.55850000000237
change_aware,323,contention_detect,8,47.48049999999182,0.3416999999927839,47.13879999999904
change_aware,324,contention_detect,8,18.917700000002924,0.3298999999969965,18.587800000005927
change_aware,325,contention_detect,8,18.58220000001154,0.48510000000590026,18.09710000000564
change_aware,326,contention_detect,8,13.360599999998612,0.47800000000108867,12.882599999997524
change_aware,327,contention_detect,8,25.92060000000629,3.527700000006462,22.392899999999827
change_aware,328,contention_detect,8,17.683100000013496,0.7032000000037897,16.979900000009707
change_aware,329,contention_detect,8,20.00049999999476,0.4411999999973659,19.559299999997393
change_aware,330,contention_detect,8,19.02549999999792,0.7420999999965261,18.283400000001393
change_aware,331,contention_detect,8,18.653499999999212,0.3375000000005457,18.315999999998667
change_aware,332,contention_detect,8,28.12549999998737,3.943599999999492,24.181899999987877
change_aware,333,contention_detect,8,35.231500000008964,0.6345000000038681,34.597000000005096
change_aware,334,contention_detect,8,18.575799999993592,0.4335999999938167,18.142199999999775
change_aware,335,contention_detect,8,18.191400000006297,0.5763999999999214,17.615000000006376
change_aware,336,contention_detect,8,14.203199999997196,0.6781999999958543,13.525000000001342
change_aware,337,contention_detect,8,42.41070000000491,0.594200000008982,41.816499999995926
change_aware,338,contention_detect,8,16.47680000000662,0.4519999999956781,16.02480000001094
change_aware,339,contention_detect,8,39.963600000007204,18.945099999996273,21.01850000001093
change_aware,340,contention_detect,8,24.96909999999275,0.7616999999981999,24.20739999999455
change_aware,341,contention_detect,8,15.867900000003488,0.4836000000096874,15.3842999999938
change_aware,342,contention_detect,8,20.892599999996264,0.7439999999974134,20.14859999999885
change_aware,343,contention_detect,8,23.142599999999902,0.4177999999939175,22.724800000005985
change_aware,344,contention_detect,8,13.568300000002864,0.41630000001191547,13.151999999990949
change_aware,345,contention_detect,8,28.970399999991514,0.576799999990385,28.39360000000113
change_aware,346,contention_detect,8,40.77829999999949,2.6866999999981545,38.091600000001336
change_aware,347,contention_detect,8,17.841900000007627,0.5100999999996247,17.331800000008002
change_aware,348,contention_detect,8,48.67950000000576,0.3273000000092452,48.352199999996515
change_aware,349,contention_detect,8,18.33249999999964,0.5666999999931477,17.765800000006493
change_aware,350,contention_detect,8,28.339299999998957,0.3564000000011447,27.982899999997812
change_aware,351,contention_detect,8,18.41890000000035,1.176000000000954,17.242899999999395
change_aware,352,contention_detect,8,55.35229999999558,0.588299999989772,54.76400000000581
change_aware,353,contention_detect,8,17.713299999996934,0.5749999999977717,17.138299999999163
change_aware,354,contention_detect,8,13.159000000001697,0.5287000000038233,12.630299999997874
change_aware,355,contention_detect,8,45.60390000000325,8.814700000002063,36.78920000000119
change_aware,356,contention_detect,8,34.826999999992836,0.9548000000023649,33.87219999999047
change_aware,357,contention_detect,8,29.10700000001043,0.7315000000005512,28.37550000000988
change_aware,358,contention_detect,8,16.74270000000888,0.5973000000096818,16.1453999999992
change_aware,359,contention_detect,8,28.73440000000471,0.6884000000013657,28.046000000003346
change_aware,360,contention_probe,6,9.92890000000557,0.003199999980552093,9.925700000025017
change_aware,361,contention_probe,6,10.371000000020558,0.36660000000665605,10.004400000013902
change_aware,362,contention_probe,6,13.773600000007491,0.31090000001654516,13.462699999990946
change_aware,363,contention_probe,6,51.51309999999398,33.555899999981875,17.957200000012108
change_aware,364,contention_probe,6,33.90519999999242,0.568700000002309,33.33649999999011
change_aware,365,contention_probe,6,314.9073999999814,303.7999999999954,11.107399999986
change_aware,366,contention_probe,6,13.352999999995063,0.301600000000235,13.051399999994828
change_aware,367,contention_probe,6,15.528400000022202,0.632100000018454,14.896300000003748
change_aware,368,contention_probe,6,7.483100000001741,0.5520000000274194,6.931099999974322
change_aware,369,contention_probe,6,25.4457000000059,0.22490000000630062,25.2207999999996
change_aware,370,contention_probe,6,31.946300000015526,0.42160000000990294,31.524700000005623
change_aware,371,contention_probe,6,27.211300000004712,0.45719999999960237,26.75410000000511
change_aware,372,contention_probe,6,10.861999999974614,0.3846999999836953,10.477299999990919
change_aware,373,contention_probe,6,30.691799999999603,0.3580999999996948,30.333699999999908
change_aware,374,contention_probe,6,19.754100000000108,0.37919999999758147,19.374900000002526
change_aware,375,contention_probe,6,45.85699999998383,10.008699999985993,35.848299999997835
change_aware,376,contention_probe,6,30.839599999978873,0.8919999999932315,29.94759999998564
change_aware,377,contention_probe,6,16.63190000002146,0.9645000000091386,15.667400000012321
change_aware,378,contention_probe,6,35.53999999999746,0.7667999999796393,34.77320000001782
change_aware,379,contention_probe,6,14.344700000009425,0.6021000000089316,13.742600000000493
change_aware,380,contention_probe,6,49.00929999999448,2.5832999999977346,46.42599999999675
change_aware,381,contention_probe,6,17.35579999999004,0.5548000000032971,16.800999999986743
change_aware,382,contention_probe,6,32.84940000000347,0.465200000007826,32.384199999995644
change_aware,383,contention_probe,6,19.570700000002716,0.454399999995303,19.116300000007413
change_aware,384,contention_probe,6,63.143499999995356,4.77619999998069,58.367300000014666
change_aware,385,contention_probe,6,25.5168999999853,0.5993999999986954,24.917499999986603
change_aware,386,contention_probe,6,11.556900000016412,0.4378000000144766,11.119100000001936
change_aware,387,contention_probe,6,38.627800000000434,0.5738000000121701,38.053999999988264
change_aware,388,contention_probe,6,18.3627000000115,1.2137999999879412,17.14890000002356
change_aware,389,contention_probe,6,22.165199999989227,0.9006999999883192,21.264500000000908
change_aware,390,contention_probe,6,29.416199999985793,0.5467999999950734,28.86939999999072
change_aware,391,contention_probe,6,30.16709999999989,1.8967999999972562,28.270300000002635
change_aware,392,contention_probe,6,31.70120000001475,0.3987000000051921,31.30250000000956
change_aware,393,contention_probe,6,16.563600000012002,1.2788999999884254,15.284700000023577
change_aware,394,contention_probe,6,13.066299999991315,1.0494999999934862,12.01679999999783
change_aware,395,contention_probe,6,25.298999999989746,0.621300000005931,24.677699999983815
change_aware,396,contention_probe,6,27.78960000000552,0.8550000000013824,26.93460000000414
change_aware,397,contention_probe,6,21.64510000000064,0.3221999999993841,21.322900000001255
change_aware,398,contention_probe,6,22.626500000001215,0.9115999999949054,21.71490000000631
change_aware,399,contention_probe,6,11.522299999995766,0.29370000001449625,11.22859999998127
change_aware,400,contention_probe,6,17.99570000000017,1.4061999999910313,16.58950000000914
change_aware,401,contention_probe,6,16.390000000001237,0.45589999999151587,15.934100000009721
change_aware,402,contention_probe,6,29.280699999986837,0.620299999980034,28.660400000006803
change_aware,403,contention_probe,6,12.1024000000034,0.7341999999823656,11.368200000021034
change_aware,404,contention_probe,6,31.627299999996694,0.47979999999370193,31.147500000002992
change_aware,405,contention_probe,6,30.31569999998851,0.36209999998959574,29.953599999998914
change_aware,406,contention_probe,6,14.689199999992297,0.507900000002337,14.18129999998996
change_aware,407,contention_probe,6,14.706900000021506,0.5412000000148964,14.16570000000661
change_aware,408,contention_probe,6,34.063300000013896,17.1150000000182,16.948299999995697
change_aware,409,contention_probe,6,20.959099999998898,0.8124000000009346,20.146699999997963
change_aware,410,contention_probe,6,17.474200000009432,0.3925000000037926,17.08170000000564
change_aware,411,contention_probe,6,23.731100000020433,1.6514000000142914,22.07970000000614
change_aware,412,contention_probe,6,35.828799999990224,0.7889999999974862,35.03979999999274
change_aware,413,contention_probe,6,23.65109999999504,1.1398999999983062,22.511199999996734
change_aware,414,contention_probe,6,24.693799999994326,0.5869999999958964,24.10679999999843
change_aware,415,contention_probe,6,23.75620000000822,0.6628000000148404,23.09339999999338
change_aware,416,contention_probe,6,12.166400000012345,0.3451000000040949,11.82130000000825
change_aware,417,contention_probe,6,14.766500000007454,0.5936999999960335,14.17280000001142
change_aware,418,contention_probe,6,15.767500000009704,0.54810000000316,15.219400000006544
change_aware,419,contention_probe,6,58.5563999999863,40.68200000000388,17.874399999982415
change_aware,420,contention_steady,8,9.03359999998088,0.001900000000887303,9.031699999979992
change_aware,421,contention_steady,8,13.43510000000947,0.6152999999926578,12.819800000016812
change_aware,422,contention_steady,8,67.81800000001681,52.34950000001959,15.46849999999722
change_aware,423,contention_steady,8,14.640799999995124,0.5215999999848009,14.119200000010323
change_aware,424,contention_steady,8,174.45360000002097,161.6120000000194,12.841600000001563
change_aware,425,contention_steady,8,10.591399999981377,0.3937999999834574,10.19759999999792
change_aware,426,contention_steady,8,13.765200000023015,0.47280000001137523,13.29240000001164
change_aware,427,contention_steady,8,16.409999999979163,0.5913999999904718,15.818599999988692
change_aware,428,contention_steady,8,18.265899999988733,5.171499999988782,13.09439999999995
change_aware,429,contention_steady,8,17.32180000001904,0.620600000019067,16.70119999999997
change_aware,430,contention_steady,8,33.61639999999966,1.2219999999842912,32.39440000001537
change_aware,431,contention_steady,8,36.13060000000701,0.5425999999886244,35.58800000001838
change_aware,432,contention_steady,8,19.167400000014823,0.47130000001516237,18.69609999999966
change_aware,433,contention_steady,8,26.1786000000086,0.6831999999974414,25.49540000001116
change_aware,434,contention_steady,8,23.64829999999074,0.4671000000087133,23.181199999982027
change_aware,435,contention_steady,8,27.81100000001402,3.203299999995579,24.60770000001844
change_aware,436,contention_steady,8,16.145300000005136,0.37860000000478067,15.766700000000355
change_aware,437,contention_steady,8,29.963799999990215,1.0340000000041982,28.929799999986017
change_aware,438,contention_steady,8,33.951099999995904,0.5533000000070842,33.39779999998882
change_aware,439,contention_steady,8,23.223800000010897,0.27140000000258624,22.95240000000831
change_aware,440,contention_steady,8,17.278500000003305,0.43610000000171567,16.84240000000159
change_aware,441,contention_steady,8,12.642599999992399,0.419899999997142,12.222699999995257
change_aware,442,contention_steady,8,17.155000000002474,0.43880000001195185,16.716199999990522
change_aware,443,contention_steady,8,34.129100000001245,0.277900000014597,33.85119999998665
change_aware,444,contention_steady,8,16.28779999998642,0.43119999997998093,15.856600000006438
change_aware,445,contention_steady,8,35.38430000000403,0.7123000000035518,34.67200000000048
change_aware,446,contention_steady,8,17.059000000017477,0.4377000000204134,16.621299999997063
change_aware,447,contention_steady,8,20.96370000001002,0.5542000000104963,20.409499999999525
change_aware,448,contention_steady,8,31.02739999999926,0.594300000017256,30.433099999982005
change_aware,449,contention_steady,8,17.507700000010118,0.4403000000081647,17.067400000001953
change_aware,450,contention_steady,8,12.14960000001497,1.2892000000022108,10.86040000001276
change_aware,451,contention_steady,8,32.85809999999856,0.44080000000690234,32.417299999991656
change_aware,452,contention_steady,8,29.040599999973438,0.7693999999958123,28.271199999977625
change_aware,453,contention_steady,8,19.832900000011477,1.4993000000060874,18.33360000000539
change_aware,454,contention_steady,8,18.64669999997659,0.42279999999550455,18.223899999981086
change_aware,455,contention_steady,8,31.951399999996966,0.5232999999975618,31.428099999999404
change_aware,456,contention_steady,8,34.904100000005656,0.6982000000164135,34.20589999998924
change_aware,457,contention_steady,8,23.835999999988644,0.4142999999885433,23.4217000000001
change_aware,458,contention_steady,8,16.02640000001543,0.47470000001226254,15.551700000003166
change_aware,459,contention_steady,8,27.24859999997875,1.2806999999952495,25.9678999999835
change_aware,460,contention_steady,8,18.32600000000184,2.6421999999968193,15.683800000005022
change_aware,461,contention_steady,8,16.145099999988588,1.4797999999984768,14.665299999990111
change_aware,462,contention_steady,8,37.76909999999134,0.45280000000502696,37.31629999998631
change_aware,463,contention_steady,8,22.271399999993946,0.4268999999794687,21.844500000014477
change_aware,464,contention_steady,8,25.173799999976154,0.8368999999959215,24.336899999980233
change_aware,465,contention_steady,8,24.09380000000283,0.7913999999971111,23.30240000000572
change_aware,466,contention_steady,8,37.75920000001065,0.8485000000177934,36.91069999999286
change_aware,467,contention_steady,8,20.988899999991872,0.48219999999332686,20.506699999998546
change_aware,468,contention_steady,8,25.294500000001108,0.29879999999593565,24.995700000005172
change_aware,469,contention_steady,8,36.12139999998476,0.7919999999899119,35.32939999999485
change_aware,470,contention_steady,8,14.425999999986061,1.027999999990925,13.397999999995136
change_aware,471,contention_steady,8,39.295400000014524,0.3752000000076805,38.920200000006844
change_aware,472,contention_steady,8,17.31560000001764,0.45360000001437584,16.862000000003263
change_aware,473,contention_steady,8,11.382999999995036,1.2836999999876753,10.09930000000736
change_aware,474,contention_steady,8,44.164800000004334,0.3797999999903823,43.78500000001395
change_aware,475,contention_steady,8,11.71390000001793,0.7907000000102471,10.923200000007682
change_aware,476,contention_steady,8,11.091200000009849,0.2920999999957985,10.79910000001405
change_aware,477,contention_steady,8,60.50949999999489,0.23479999998698986,60.2747000000079
change_aware,478,contention_steady,8,7.034500000003163,0.36270000001081826,6.671799999992345
change_aware,479,contention_steady,8,62.99210000000244,0.2721999999835134,62.719900000018924
change_aware,480,contention_steady,8,12.185399999992796,0.40250000000696673,11.78289999998583
change_aware,481,contention_steady,8,61.43240000000105,0.267100000002074,61.16529999999898
change_aware,482,contention_steady,8,21.954300000004423,0.36860000000160653,21.585700000002817
change_aware,483,contention_steady,8,9.976300000005267,0.46039999998015446,9.515900000025113
change_aware,484,contention_steady,8,41.033599999991566,0.22400000000288856,40.80959999998868
change_aware,485,contention_steady,8,14.651899999989837,0.30129999998962376,14.350600000000213
change_aware,486,contention_steady,8,7.497800000010102,0.5775000000198816,6.92029999999022
change_aware,487,contention_steady,8,43.81489999997257,0.20159999999691536,43.61329999997565
change_aware,488,contention_steady,8,17.22359999999412,0.4576000000042768,16.765999999989845
change_aware,489,contention_steady,8,50.253300000008494,0.6303000000116299,49.622999999996864
change_aware,490,contention_steady,8,22.247600000014245,10.979700000007142,11.267900000007103
change_aware,491,contention_steady,8,54.331600000011804,0.7724000000166598,53.559199999995144
change_aware,492,contention_steady,8,22.08279999999263,0.6881000000191762,21.394699999973454
change_aware,493,contention_steady,8,64.33490000000575,1.4775999999869782,62.85730000001877
change_aware,494,contention_steady,8,12.710800000007794,0.8056000000067343,11.90520000000106
change_aware,495,contention_steady,8,64.71949999999538,0.4136000000016793,64.3058999999937
change_aware,496,contention_steady,8,9.820899999994026,0.27640000001838416,9.544499999975642
change_aware,497,contention_steady,8,39.751799999976356,0.8176999999989221,38.934099999977434
change_aware,498,contention_steady,8,14.946699999995872,0.6965000000036525,14.250199999992219
change_aware,499,contention_steady,8,40.36160000001132,0.5810000000110449,39.78060000000028
change_aware,500,contention_steady,8,16.91470000000095,0.5041999999946256,16.410500000006323
change_aware,501,contention_steady,8,15.902699999998049,0.6717999999921176,15.230900000005931
change_aware,502,contention_steady,8,16.11919999999145,0.6028999999898588,15.516300000001593
change_aware,503,contention_steady,8,50.033500000012054,0.5409000000042852,49.49260000000777
change_aware,504,contention_steady,8,16.60929999999894,0.7200999999952273,15.889200000003711
change_aware,505,contention_steady,8,49.52230000000668,0.6609000000139531,48.86139999999273
change_aware,506,contention_steady,8,53.47200000002772,0.6985000000270247,52.773500000000695
change_aware,507,contention_steady,8,18.25259999998252,0.43739999998138046,17.81520000000114
change_aware,508,contention_steady,8,27.838099999996757,0.40110000000481705,27.43699999999194
change_aware,509,contention_steady,8,19.1571999999951,0.6977999999833173,18.459400000011783
change_aware,510,contention_steady,8,14.51860000000238,0.6029000000182805,13.9156999999841
change_aware,511,contention_steady,8,16.360500000018874,0.7723000000225966,15.588199999996277
change_aware,512,contention_steady,8,16.084199999994553,0.7690999999852011,15.315100000009352
change_aware,513,contention_steady,8,33.409199999994144,0.4084999999918182,33.000700000002325
change_aware,514,contention_steady,8,22.626400000007152,0.8672000000160551,21.759199999991097
change_aware,515,contention_steady,8,43.32840000000715,0.7527000000209227,42.57569999998623
change_aware,516,contention_steady,8,16.421800000017583,0.6281000000001313,15.793700000017452
change_aware,517,contention_steady,8,37.17069999999012,0.730399999980591,36.44030000000953
change_aware,518,contention_steady,8,15.549399999997604,0.31350000000429645,15.235899999993308
change_aware,519,contention_steady,8,15.436800000003359,0.20369999998592903,15.23310000001743
change_aware,520,contention_steady,8,40.28070000001094,0.6301000000235035,39.650599999987435
change_aware,521,contention_steady,8,13.091400000007525,0.42480000001887674,12.666599999988648
change_aware,522,contention_steady,8,42.87589999998431,0.3829000000052929,42.49299999997902
change_aware,523,contention_steady,8,23.052199999995082,0.515199999995275,22.536999999999807
change_aware,524,contention_steady,8,32.065200000005234,0.41390000001229055,31.651299999992943
change_aware,525,contention_steady,8,13.712699999985034,0.2716999999847758,13.441000000000258
change_aware,526,contention_steady,8,34.2250000000206,0.4364000000123269,33.78860000000827
change_aware,527,contention_steady,8,17.840199999994866,0.7104999999967276,17.129699999998138
change_aware,528,contention_steady,8,16.966800000005833,0.2505999999868891,16.716200000018944
change_aware,529,contention_steady,8,45.86499999999205,0.28100000000108594,45.583999999990965
change_aware,530,contention_steady,8,16.167500000022983,0.4174000000034539,15.750100000019529
change_aware,531,contention_steady,8,39.37809999999331,0.7574999999917509,38.62060000000156
change_aware,532,contention_steady,8,9.85209999998915,0.5175000000008367,9.334599999988313
change_aware,533,contention_steady,8,34.17869999998402,0.5476999999984855,33.630999999985534
change_aware,534,contention_steady,8,15.06109999999694,0.4344999999830179,14.626600000013923
change_aware,535,contention_steady,8,9.573399999993626,0.35359999998263447,9.219800000010991
change_aware,536,contention_steady,8,41.27270000000749,0.5337999999994736,40.738900000008016
change_aware,537,contention_steady,8,16.28439999998932,0.3673999999875832,15.917000000001735
change_aware,538,contention_steady,8,19.512700000007044,0.49169999999776337,19.02100000000928
change_aware,539,contention_steady,8,30.641399999979058,0.347599999997783,30.293799999981275
change_aware,540,contention_steady,8,33.070500000007996,0.5055999999967753,32.56490000001122
change_aware,541,contention_steady,8,20.578600000021652,0.9939000000258602,19.58469999999579
change_aware,542,contention_steady,8,35.717799999986255,0.40619999998625644,35.3116
change_aware,543,contention_steady,8,43.140699999980825,0.6042999999920085,42.53639999998882
change_aware,544,contention_steady,8,17.159099999986438,0.5214999999907377,16.6375999999957
change_aware,545,contention_steady,8,18.23870000001193,0.4806000000030508,17.75810000000888
change_aware,546,contention_steady,8,12.36489999999435,0.4901000000074873,11.874799999986863
change_aware,547,contention_steady,8,18.108900000015637,0.49710000001823573,17.6117999999974
change_aware,548,contention_steady,8,39.80830000000424,0.4834000000073502,39.32489999999689
change_aware,549,contention_steady,8,9.99759999999128,0.33790000000522014,9.65969999998606
change_aware,550,contention_steady,8,39.891000000011445,0.5780000000186192,39.312999999992826
change_aware,551,contention_steady,8,17.96660000002248,0.28040000000828513,17.686200000014196
change_aware,552,contention_steady,8,14.984900000001744,0.35570000000006985,14.629200000001674
change_aware,553,contention_steady,8,27.352600000000393,0.5272999999874628,26.82530000001293
change_aware,554,contention_steady,8,13.254399999993893,0.5634999999983847,12.690899999995509
change_aware,555,contention_steady,8,41.84250000000134,0.38559999998710737,41.45690000001423
change_aware,556,contention_steady,8,32.457999999991216,0.5376999999953114,31.920299999995905
change_aware,557,contention_steady,8,17.267200000020466,0.9670999999968899,16.300100000023576
change_aware,558,contention_steady,8,32.44179999998664,0.8511000000055446,31.590699999981098
change_aware,559,contention_steady,8,16.253500000004806,0.542400000000498,15.711100000004308
change_aware,560,contention_steady,8,34.80869999998504,1.3577999999938584,33.45089999999118
change_aware,561,contention_steady,8,17.352500000015425,0.5613000000153079,16.791200000000117
change_aware,562,contention_steady,8,24.894900000020925,0.34110000001419394,24.55380000000673
change_aware,563,contention_steady,8,14.329099999997652,0.3387999999802105,13.990300000017442
change_aware,564,contention_steady,8,45.5979000000184,0.2942000000132339,45.303700000005165
change_aware,565,contention_steady,8,14.385199999992437,0.5925999999760734,13.792600000016364
change_aware,566,contention_steady,8,13.396900000003598,0.4129000000148153,12.983999999988782
change_aware,567,contention_steady,8,18.001499999996895,0.4015000000094915,17.599999999987403
change_aware,568,contention_steady,8,32.23400000001675,0.5261000000018612,31.707900000014888
change_aware,569,contention_steady,8,15.862400000003163,0.6026000000076692,15.259799999995494
change_aware,570,contention_steady,8,40.699899999992795,0.8465999999884843,39.85330000000431
change_aware,571,contention_steady,8,11.48000000000593,0.9091999999952805,10.57080000001065
change_aware,572,contention_steady,8,48.84229999998979,0.6185000000016316,48.22379999998816
change_aware,573,contention_steady,8,34.96519999998782,0.462599999991653,34.502599999996164
change_aware,574,contention_steady,8,16.412800000011885,0.7074000000102387,15.705400000001646
change_aware,575,contention_steady,8,24.856200000016315,1.0596000000191452,23.79659999999717
change_aware,576,contention_steady,8,97.15980000001423,0.5437000000085845,96.61610000000564
change_aware,577,contention_steady,8,10.64969999998766,0.3892999999948188,10.260399999992842
change_aware,578,contention_steady,8,29.42820000001234,0.3251999999918098,29.10300000002053
change_aware,579,contention_steady,8,19.034500000003618,0.4940000000033251,18.540500000000293
change_aware,580,contention_steady,8,43.68420000000128,0.4262000000210264,43.25799999998026
change_aware,581,contention_steady,8,13.881099999991875,0.8265000000164946,13.05459999997538
change_aware,582,contention_steady,8,41.55099999999834,0.6674999999916054,40.883500000006734
change_aware,583,contention_steady,8,13.940399999995634,0.6788999999969292,13.261499999998705
change_aware,584,contention_steady,8,24.47689999999625,0.6286999999929321,23.848200000003317
change_aware,585,contention_steady,8,11.388299999993023,0.6033999999885964,10.784900000004427
change_aware,586,contention_steady,8,15.83999999999719,0.43960000002130073,15.400399999975889
change_aware,587,contention_steady,8,36.22089999998934,0.4223999999908301,35.79849999999851
change_aware,588,contention_steady,8,44.15140000000406,2.285400000005211,41.86599999999885
change_aware,589,contention_steady,8,19.526099999978896,0.5305999999904998,18.995499999988397
change_aware,590,contention_steady,8,32.91559999999549,0.43679999998857966,32.47880000000691
change_aware,591,contention_steady,8,14.78649999998538,0.6486000000052172,14.137899999980164
change_aware,592,contention_steady,8,33.32340000000045,0.7058999999856042,32.61750000001484
change_aware,593,contention_steady,8,9.278200000011338,0.7012000000088392,8.5770000000025
change_aware,594,contention_steady,8,16.709800000000996,0.3955999999902815,16.314200000010715
change_aware,595,contention_steady,8,46.09919999998624,34.87039999998842,11.228799999997818
change_aware,596,contention_steady,8,16.14570000000981,1.2894000000187589,14.856299999991052
change_aware,597,contention_steady,8,51.57629999999358,0.517800000011448,51.05849999998213
change_aware,598,contention_steady,8,8.69230000000698,0.2781999999967866,8.414100000010194
change_aware,599,contention_steady,8,36.18699999998398,0.4212999999992917,35.76569999998469
change_aware,600,contention_steady,8,53.82949999997777,28.394099999985656,25.435399999992114
change_aware,601,contention_steady,8,40.01340000002074,0.4230000000120526,39.590400000008685
change_aware,602,contention_steady,8,13.235199999996894,0.42469999999639185,12.810500000000502
change_aware,603,contention_steady,8,35.051299999992125,0.4677999999955773,34.58349999999655
change_aware,604,contention_steady,8,19.898999999981015,0.4415999999878295,19.457399999993186
change_aware,605,contention_steady,8,52.988200000015695,0.7726000000047861,52.21560000001091
change_aware,606,contention_steady,8,19.81549999999288,0.4447999999968033,19.370699999996077
change_aware,607,contention_steady,8,26.141199999983655,3.781599999996388,22.359599999987267
change_aware,608,contention_steady,8,21.264799999983097,1.6956999999990785,19.56909999998402
change_aware,609,contention_steady,8,48.02760000001172,0.36280000000488144,47.664800000006835
change_aware,610,contention_steady,8,15.310900000002903,0.35750000000689397,14.953399999996009
change_aware,611,contention_steady,8,16.082899999986466,0.576899999998659,15.505999999987807
change_aware,612,contention_steady,8,19.316900000006854,0.3938000000118791,18.923099999994974
change_aware,613,contention_steady,8,13.504100000005792,0.3803999999831831,13.123700000022609
change_aware,614,contention_steady,8,48.449099999999135,0.2915999999970609,48.157500000002074
change_aware,615,contention_steady,8,37.190299999991794,0.6047999999907461,36.58550000000105
change_aware,616,contention_steady,8,7.550500000007787,0.36210000001801745,7.18839999998977
change_aware,617,contention_steady,8,15.96010000000092,0.3561000000047443,15.603999999996176
change_aware,618,contention_steady,8,24.702300000001287,0.36539999999263273,24.336900000008654
change_aware,619,contention_steady,8,14.019199999978582,0.48909999998159037,13.530099999996992
change_aware,620,contention_steady,8,9.79699999999184,0.3950999999915439,9.401900000000296
change_aware,621,contention_steady,8,57.214600000008886,0.42420000002607594,56.79039999998281
change_aware,622,contention_steady,8,8.151300000008632,0.33389999998689746,7.817400000021735
change_aware,623,contention_steady,8,15.615599999989627,0.3912999999897693,15.224299999999857
change_aware,624,contention_steady,8,6.315799999981664,0.4056999999875188,5.910099999994145
change_aware,625,contention_steady,8,11.814300000025924,0.2735000000200216,11.540800000005902
change_aware,626,contention_steady,8,43.99540000000002,0.18420000000674008,43.81119999999328
change_aware,627,contention_steady,8,9.273399999983667,0.4820999999992637,8.791299999984403
change_aware,628,contention_steady,8,12.653700000015533,0.4136000000016793,12.240100000013854
change_aware,629,contention_steady,8,33.31320000000915,0.5090999999879386,32.80410000002121
change_aware,630,contention_steady,8,8.881999999999834,1.023900000006961,7.858099999992874
change_aware,631,contention_steady,8,9.098099999988563,0.24999999999408828,8.848099999994474
change_aware,632,contention_steady,8,30.67509999999629,0.8131999999818618,29.86190000001443
change_aware,633,contention_steady,8,8.160800000013069,0.37320000001273,7.787600000000339
change_aware,634,contention_steady,8,40.67720000000463,0.29620000000818436,40.38099999999645
change_aware,635,contention_steady,8,15.527099999985694,1.0541000000046097,14.472999999981084
change_aware,636,contention_steady,8,39.15760000001001,0.7623999999850639,38.39520000002494
change_aware,637,contention_steady,8,13.581000000016274,0.29360000002043307,13.287399999995841
change_aware,638,contention_steady,8,38.09540000000311,0.511200000005374,37.584199999997736
change_aware,639,contention_steady,8,9.807500000022173,0.25030000000469954,9.557200000017474
change_aware,640,contention_steady,8,16.23180000001412,0.67720000001259,15.554600000001528
change_aware,641,contention_steady,8,35.34249999998451,19.922199999996337,15.420299999988174
change_aware,642,contention_steady,8,15.899599999983138,0.37489999999706924,15.524699999986069
change_aware,643,contention_steady,8,54.15980000000786,40.30130000001009,13.858499999997775
change_aware,644,contention_steady,8,45.8567999999957,0.46939999998585336,45.38740000000985
change_aware,645,contention_steady,8,15.11500000000865,0.9762999999907152,14.138700000017934
change_aware,646,contention_steady,8,13.774100000006229,0.5682999999976346,13.205800000008594
change_aware,647,contention_steady,8,34.88360000000057,22.725899999983312,12.157700000017257
change_aware,648,contention_steady,8,16.52480000001333,0.37030000001436747,16.15449999999896
change_aware,649,contention_steady,8,41.23660000001905,0.2575000000035743,40.97910000001548
change_aware,650,contention_steady,8,13.391999999981863,0.24319999999988795,13.148799999981975
change_aware,651,contention_steady,8,14.630800000020372,0.3766000000098302,14.254200000010542
change_aware,652,contention_steady,8,29.07909999998992,0.40419999999130596,28.674899999998615
change_aware,653,contention_steady,8,10.553500000014537,0.5766000000164695,9.976899999998068
change_aware,654,contention_steady,8,43.33919999999125,0.5900999999823853,42.749100000008866
change_aware,655,contention_steady,8,15.562600000009752,0.3385999999920841,15.224000000017668
change_aware,656,contention_steady,8,15.542600000003404,0.5763000000058582,14.966299999997545
change_aware,657,contention_steady,8,26.658999999995103,0.5093999999985499,26.149599999996553
change_aware,658,contention_steady,8,49.079199999994216,1.1998999999889293,47.87930000000529
change_aware,659,contention_steady,8,10.967299999975921,0.474799999977904,10.492499999998017
change_aware,660,contention_steady,8,23.71579999999085,0.4318999999952666,23.283899999995583
change_aware,661,contention_steady,8,8.683599999983471,0.43739999998138046,8.24620000000209
change_aware,662,contention_steady,8,14.061800000007452,1.7356000000177119,12.32619999998974
change_aware,663,contention_steady,8,57.26949999998965,0.44850000000451473,56.82099999998513
change_aware,664,contention_steady,8,16.88759999998979,0.4021999999963555,16.485399999993433
change_aware,665,contention_steady,8,11.858799999998837,0.2875999999787382,11.571200000020099
change_aware,666,contention_steady,8,76.45660000000021,0.3254000000083579,76.13119999999185
change_aware,667,contention_steady,8,56.19459999999776,0.4897000000028129,55.70489999999495
change_aware,668,contention_steady,8,14.486900000008518,0.2651000000071235,14.221800000001394
change_aware,669,contention_steady,8,18.03529999997977,3.5182000000020253,14.517099999977745
change_aware,670,contention_steady,8,62.919100000016215,47.40359999999555,15.515500000020666
change_aware,671,contention_steady,8,19.908099999980777,0.4916000000037002,19.416499999977077
change_aware,672,contention_steady,8,88.57110000002422,0.5509000000074593,88.02020000001676
change_aware,673,contention_steady,8,12.500000000017053,0.4045000000019172,12.095500000015136
change_aware,674,contention_steady,8,34.09880000000953,0.3119000000140204,33.78689999999551
change_aware,675,contention_steady,8,13.061800000002677,0.4046999999900436,12.657100000012633
change_aware,676,contention_steady,8,34.723299999996016,0.8339999999975589,33.88929999999846
change_aware,677,contention_steady,8,13.070799999979954,0.5031999999971504,12.567599999982804
change_aware,678,contention_steady,8,74.69249999999761,0.4953000000114116,74.1971999999862
change_aware,679,contention_steady,8,10.688100000010081,0.22770000001059998,10.460399999999481
change_aware,680,contention_steady,8,13.806500000015376,0.2762000000018361,13.53030000001354
change_aware,681,contention_steady,8,64.00310000000786,0.6708000000230641,63.3322999999848
change_aware,682,contention_steady,8,10.15240000000972,0.336099999998396,9.816300000011324
change_aware,683,contention_steady,8,9.247299999998404,0.47969999999963875,8.767599999998765
change_aware,684,contention_steady,8,65.0590000000193,52.464400000019396,12.5945999999999
change_aware,685,contention_steady,8,10.38320000000681,0.384700000012117,9.998499999994692
change_aware,686,contention_steady,8,77.63249999999289,2.62299999999982,75.00949999999307
change_aware,687,contention_steady,8,13.161699999983512,0.3494999999986703,12.812199999984841
change_aware,688,contention_steady,8,119.28739999999038,0.3846999999836953,118.90270000000669
change_aware,689,contention_steady,8,12.72510000001148,0.29680000000098516,12.428300000010495
change_aware,690,contention_steady,8,7.757799999978943,0.4097999999999047,7.347999999979038
change_aware,691,contention_steady,8,16.26490000001013,4.71289999998703,11.5520000000231
change_aware,692,contention_steady,8,11.38679999999681,0.2589999999997872,11.127799999997023
change_aware,693,contention_steady,8,5.985600000002478,0.39350000000126784,5.59210000000121
change_aware,694,contention_steady,8,80.83489999998505,0.2178999999955522,80.6169999999895
change_aware,695,contention_steady,8,10.973200000023553,0.46059999999670254,10.51260000002685
change_aware,696,contention_steady,8,20.922600000005787,0.22290000001135013,20.699699999994436
change_aware,697,contention_steady,8,179.07220000000734,167.66509999999357,11.40710000001377
change_aware,698,contention_steady,8,51.12139999999954,0.6157999999913955,50.505600000008144
change_aware,699,contention_steady,8,13.101299999988214,0.48909999998159037,12.612200000006624
change_aware,700,contention_steady,8,10.478199999994331,0.45110000002068773,10.027099999973643
change_aware,701,contention_steady,8,42.93029999999476,0.4859000000010383,42.44439999999372
change_aware,702,contention_steady,8,11.062600000002476,0.48479999998107814,10.577800000021398
change_aware,703,contention_steady,8,12.390900000013971,0.19610000001080152,12.19480000000317
change_aware,704,contention_steady,8,69.029200000017,0.34290000002101806,68.68629999999598
change_aware,705,contention_steady,8,177.9104000000018,166.73180000000798,11.178599999993821
change_aware,706,contention_steady,8,14.695700000004308,0.524999999981901,14.170700000022407
change_aware,707,contention_steady,8,55.03509999999778,0.36330000000361906,54.671799999994164
change_aware,708,contention_steady,8,22.495099999986223,0.3476999999918462,22.147399999994377
change_aware,709,contention_steady,8,38.76439999999093,0.3930000000025302,38.3713999999884
change_aware,710,contention_steady,8,18.13949999998954,0.6417999999825952,17.497700000006944
change_aware,711,contention_steady,8,18.22510000002353,1.095399999996971,17.12970000002656
change_aware,712,contention_steady,8,22.219599999999673,0.2762000000018361,21.943399999997837
change_aware,713,contention_steady,8,11.991499999993493,0.6203000000084558,11.371199999985038
change_aware,714,contention_steady,8,43.74870000000897,0.3317000000038206,43.417000000005146
change_aware,715,contention_steady,8,19.463599999994585,0.9203999999840562,18.54320000001053
change_aware,716,contention_steady,8,19.842499999981555,0.29569999998102503,19.54680000000053
change_aware,717,contention_steady,8,11.07089999999289,0.38000000000693035,10.690899999985959
change_aware,718,contention_steady,8,30.600399999997308,0.3586999999924956,30.241700000004812
change_aware,719,contention_steady,8,36.41460000000052,15.165400000000773,21.249199999999746
change_aware,720,contention_steady,8,13.34810000000175,0.24750000000040018,13.10060000000135
change_aware,721,contention_steady,8,52.910800000006475,0.5945999999994456,52.31620000000703
change_aware,722,contention_steady,8,15.964100000019243,0.3445000000112941,15.61960000000795
change_aware,723,contention_steady,8,48.18629999999757,0.6009999999889715,47.5853000000086
change_aware,724,contention_steady,8,9.5737999999983,0.8436000000244803,8.73019999997382
change_aware,725,contention_steady,8,44.68710000000442,0.3169000000013966,44.370200000003024
change_aware,726,contention_steady,8,19.88159999999084,0.515199999995275,19.366399999995565
change_aware,727,contention_steady,8,44.670800000005784,0.33530000001746885,44.335499999988315
change_aware,728,contention_steady,8,15.004199999992807,0.6143999999892458,14.38980000000356
change_aware,729,contention_steady,8,86.66249999998854,79.08390000000054,7.5785999999880005
change_aware,730,contention_steady,8,17.643500000019685,0.41250000001014087,17.231000000009544
change_aware,731,contention_steady,8,47.097199999996064,0.24980000000596192,46.8473999999901
change_aware,732,contention_steady,8,13.87529999999515,0.36910000000034415,13.506199999994806
change_aware,733,contention_steady,8,42.44489999999246,0.6844999999771062,41.76040000001535
change_aware,734,contention_steady,8,31.57379999998966,0.41830000000686596,31.155499999982794
change_aware,735,contention_steady,8,58.13399999999547,13.646300000004885,44.48769999999058
change_aware,736,contention_steady,8,15.537200000011353,0.34690000001091903,15.190300000000434
change_aware,737,contention_steady,8,26.83859999999072,0.5772999999749118,26.261300000015808
change_aware,738,contention_steady,8,11.10510000000886,0.267100000002074,10.838000000006787
change_aware,739,contention_steady,8,54.54330000000596,0.7595999999807646,53.78370000002519
change_aware,740,contention_steady,8,9.562999999985777,0.4677999999955773,9.0951999999902
change_aware,741,contention_steady,8,15.340699999995877,1.864600000004657,13.47609999999122
change_aware,742,contention_steady,8,50.50410000001193,0.5044000000111737,49.99970000000076
change_aware,743,contention_steady,8,8.085899999997537,0.6799999999884676,7.405900000009069
change_aware,744,contention_steady,8,32.05019999998626,0.3241000000002714,31.72609999998599
change_aware,745,contention_steady,8,10.99659999999858,0.897299999991219,10.09930000000736
change_aware,746,contention_steady,8,46.04129999998463,0.5074999999976626,45.53379999998697
change_aware,747,contention_steady,8,33.35409999999683,1.1503000000061547,32.20379999999068
change_aware,748,contention_steady,8,16.173199999997223,0.633499999992182,15.539700000005041
change_aware,749,contention_steady,8,15.731299999998782,0.7626999999956752,14.968600000003107
change_aware,750,contention_steady,8,25.620500000002266,0.43170000000714026,25.188799999995126
change_aware,751,contention_steady,8,11.136300000003985,0.4207000000064909,10.715599999997494
change_aware,752,contention_steady,8,47.48950000001173,0.6136000000083186,46.87590000000341
change_aware,753,contention_steady,8,16.494399999999132,0.6027999999957956,15.891600000003336
change_aware,754,contention_steady,8,11.637499999977763,0.4971999999838772,11.140299999993886
change_aware,755,contention_steady,8,43.19879999999898,0.9198000000196771,42.278999999979305
change_aware,756,contention_steady,8,12.030600000002778,0.22920000000681284,11.801399999995965
change_aware,757,contention_steady,8,33.81770000001438,0.6620999999995547,33.15560000001483
change_aware,758,contention_steady,8,15.779500000007829,0.7596000000091863,15.019899999998643
change_aware,759,contention_steady,8,37.2639999999933,1.1910000000057153,36.07299999998759
change_aware,760,contention_steady,8,11.785200000019813,0.3860000000202035,11.39919999999961
change_aware,761,contention_steady,8,48.66340000000946,0.48480000000949985,48.17859999999996
change_aware,762,contention_steady,8,16.11689999998589,0.43869999998946696,15.678199999996423
change_aware,763,contention_steady,8,59.595999999999094,0.6185000000016316,58.97749999999746
change_aware,764,contention_steady,8,14.281100000005154,0.4634999999950651,13.817600000010088
change_aware,765,contention_steady,8,19.789300000013554,0.6039000000157557,19.1853999999978
change_aware,766,contention_steady,8,46.32119999999418,0.49939999999537577,45.8217999999988
change_aware,767,contention_steady,8,11.134900000001835,0.267100000002074,10.867799999999761
change_aware,768,contention_steady,8,49.512300000003506,0.621300000005931,48.890999999997575
change_aware,769,contention_steady,8,17.6242000000002,0.5838999999809857,17.040300000019215
change_aware,770,contention_steady,8,37.14420000000018,0.8942000000047301,36.24999999999545
change_aware,771,contention_steady,8,15.000299999996969,0.3877999999986059,14.612499999998363
change_aware,772,contention_steady,8,29.685000000000628,1.191399999981968,28.49360000001866
change_aware,773,contention_steady,8,21.6637999999989,0.7604999999841766,20.903300000014724
change_aware,774,contention_steady,8,30.394000000001142,1.377400000023954,29.01659999997719
change_aware,775,contention_steady,8,13.41730000001462,0.2627000000074986,13.154600000007122
change_aware,776,contention_steady,8,27.16829999999959,0.6655999999907181,26.502700000008872
change_aware,777,contention_steady,8,11.540800000005902,0.4281999999875552,11.112600000018347
change_aware,778,contention_steady,8,10.34709999998995,0.3178000000048087,10.029299999985142
change_aware,779,contention_steady,8,22.72809999999481,1.1097999999947206,21.61830000000009
change_aware,780,contention_steady,8,11.429399999997258,0.32239999998751045,11.107000000009748
change_aware,781,contention_steady,8,18.37940000001481,0.3664000000185297,18.012999999996282
change_aware,782,contention_steady,8,14.160899999978938,0.5341999999757263,13.626700000003211
change_aware,783,contention_steady,8,15.57270000000699,0.2625999999850137,15.310100000021976
change_aware,784,contention_steady,8,26.984200000015335,0.38460000001805383,26.59959999999728
change_aware,785,contention_steady,8,23.985499999980675,4.258999999990465,19.72649999999021
change_aware,786,contention_steady,8,32.79779999999732,21.78749999998786,11.010300000009465
change_aware,787,contention_steady,8,42.06060000001344,32.47989999999845,9.580700000014986
change_aware,788,contention_steady,8,17.690200000004097,0.38829999999734355,17.301900000006754
change_aware,789,contention_steady,8,15.995799999984683,0.3849000000002434,15.61089999998444
change_aware,790,contention_steady,8,32.124600000003056,0.6390000000067175,31.48559999999634
change_aware,791,contention_steady,8,17.364399999991065,1.0709999999960473,16.293399999995017
change_aware,792,contention_steady,8,14.656900000005635,0.2939000000026226,14.363000000003012
change_aware,793,contention_steady,8,15.766100000007555,0.5546000000151707,15.211499999992384
change_aware,794,contention_steady,8,20.76990000000478,0.4198000000030788,20.350100000001703
change_aware,795,contention_steady,8,52.47040000000425,41.736200000002555,10.734200000001692
change_aware,796,contention_steady,8,11.08560000000125,0.33020000000760774,10.755399999993642
change_aware,797,contention_steady,8,54.12409999999568,0.4697999999905278,53.65430000000515
change_aware,798,contention_steady,8,11.068300000005138,0.33579999998778476,10.732500000017353
change_aware,799,contention_steady,8,51.89250000000811,0.7932999999979984,51.099200000010114
change_aware,800,contention_steady,8,14.753200000001243,0.42730000001256485,14.325899999988678
change_aware,801,contention_steady,8,49.599000000000615,0.319000000018832,49.27999999998178
change_aware,802,contention_steady,8,16.867400000023736,0.48090000001366207,16.386500000010074
change_aware,803,contention_steady,8,36.77849999999694,1.2165999999922406,35.5619000000047
change_aware,804,contention_steady,8,18.98060000002033,0.3188999999963471,18.661700000023984
change_aware,805,contention_steady,8,45.68520000000831,0.5159000000105607,45.16929999999775
change_aware,806,contention_steady,8,14.296199999989767,1.231799999999339,13.064399999990428
change_aware,807,contention_steady,8,47.48929999999518,0.37560000001235494,47.11369999998283
change_aware,808,contention_steady,8,15.483500000016193,0.6281000000001313,14.855400000016061
change_aware,809,contention_steady,8,53.20290000000227,0.3898000000219781,52.813099999980295
change_aware,810,contention_steady,8,23.54510000000687,0.46739999999090287,23.077700000015966
change_aware,811,contention_steady,8,12.663000000003422,0.5137999999931253,12.149200000010296
change_aware,812,contention_steady,8,22.83769999999663,0.4473999999845546,22.390300000012076
change_aware,813,contention_steady,8,24.688300000008212,0.271099999991975,24.417200000016237
change_aware,814,contention_steady,8,33.297099999998636,0.5296000000214462,32.76749999997719
change_aware,815,contention_steady,8,37.77750000000424,26.6736000000094,11.103899999994837
change_aware,816,contention_steady,8,13.868000000002212,0.5208999999979369,13.347100000004275
change_aware,817,contention_steady,8,14.746500000001106,0.31079999999406027,14.435700000007046
change_aware,818,contention_steady,8,14.751600000010967,0.5269000000112101,14.224699999999757
change_aware,819,contention_steady,8,33.471399999996265,0.7291999999949894,32.742200000001276
change_aware,820,contention_steady,8,29.06070000000227,0.9531000000038148,28.107599999998456
change_aware,821,contention_steady,8,10.004800000018577,0.3952000000140288,9.609600000004548
change_aware,822,contention_steady,8,48.58070000000225,0.3406000000154563,48.240099999986796
change_aware,823,contention_steady,8,14.332400000000689,0.6982999999820549,13.634100000018634
change_aware,824,contention_steady,8,12.92739999999526,0.3029000000083215,12.624499999986938
change_aware,825,contention_steady,8,38.928199999986646,0.316400000002659,38.61179999998399
change_aware,826,contention_steady,8,11.466600000005656,0.4370999999991909,11.029500000006465
change_aware,827,contention_steady,8,34.247800000002826,0.3747000000089429,33.87309999999388
change_aware,828,contention_steady,8,14.685599999978649,0.40809999998714375,14.277499999991505
change_aware,829,contention_steady,8,22.259599999983948,0.3604999999993197,21.899099999984628
change_aware,830,contention_steady,8,18.56670000000804,0.8129999999937354,17.753700000014305
change_aware,831,contention_steady,8,12.296999999989566,1.0221999999942,11.274799999995366
change_aware,832,contention_steady,8,45.175199999988536,0.3618000000074062,44.81339999998113
change_aware,833,contention_steady,8,37.02720000001136,1.10440000000267,35.92280000000869
change_aware,834,contention_steady,8,12.387500000016871,0.3459000000134438,12.041600000003427
change_aware,835,contention_steady,8,9.804800000011937,0.4661000000112381,9.3387000000007
change_aware,836,contention_steady,8,42.48250000000553,1.362499999999045,41.120000000006485
change_aware,837,contention_steady,8,38.834100000002536,0.6588999999905809,38.175200000011955
change_aware,838,contention_steady,8,11.191100000019105,0.30209999999897263,10.889000000020133
change_aware,839,contention_steady,8,22.606900000027963,0.307500000019445,22.299400000008518
change_aware,840,contention_steady,8,35.31420000001617,23.46400000001836,11.850199999997812
change_aware,841,contention_steady,8,11.670699999996259,0.653199999987919,11.01750000000834
change_aware,842,contention_steady,8,42.826200000007475,0.28080000001295957,42.545399999994515
change_aware,843,contention_steady,8,16.79690000000278,0.6204000000025189,16.17650000000026
change_aware,844,contention_steady,8,16.62820000001375,0.6924000000196884,15.93579999999406
change_aware,845,contention_steady,8,8.786400000019512,0.40250000000696673,8.383900000012545
change_aware,846,contention_steady,8,7.560799999993151,0.24080000000026303,7.319999999992888
change_aware,847,contention_steady,8,19.112599999999702,0.23229999999330175,18.8803000000064
change_aware,848,contention_steady,8,18.16130000000271,0.37610000001109256,17.78519999999162
change_aware,849,contention_steady,8,45.4373999999973,0.26930000001357257,45.168099999983724
change_aware,850,contention_steady,8,15.158099999979413,0.5128999999897133,14.6451999999897
change_aware,851,contention_steady,8,25.253699999979062,0.37869999999884385,24.87499999998022
change_aware,852,contention_steady,8,12.724499999990257,0.5526999999858617,12.171800000004396
change_aware,853,contention_steady,8,15.069699999997965,0.33129999999914617,14.73839999999882
change_aware,854,contention_steady,8,46.122199999985014,0.6643999999766947,45.45780000000832
change_aware,855,contention_steady,8,29.668799999996054,0.529999999997699,29.138799999998355
change_aware,856,contention_steady,8,8.936000000005606,0.7936000000086096,8.142399999996996
change_aware,857,contention_steady,8,12.260999999995192,0.34919999998805906,11.911800000007133
change_aware,858,contention_steady,8,36.36670000000208,0.42859999999222964,35.938100000009854
change_aware,859,contention_steady,8,29.079400000000533,0.5802999999957592,28.499100000004773
change_aware,860,contention_steady,8,32.30869999998731,0.5429999999932988,31.765699999994013
change_aware,861,contention_steady,8,49.96329999997329,0.4766999999787913,49.486599999994496
change_aware,862,contention_steady,8,20.89670000000865,0.4646000000150252,20.432099999993625
change_aware,863,contention_steady,8,31.139700000011317,0.31240000001275803,30.82729999999856
change_aware,864,contention_steady,8,15.082000000006701,0.4596999999932905,14.62230000001341
change_aware,865,contention_steady,8,40.423599999996895,0.6274000000132673,39.79619999998363
change_aware,866,contention_steady,8,10.605600000019422,0.34290000002101806,10.262699999998404
change_aware,867,contention_steady,8,16.729600000019218,1.9047000000114167,14.824900000007801
change_aware,868,contention_steady,8,31.40060000001199,0.38190000000781765,31.018700000004173
change_aware,869,contention_steady,8,15.279899999995905,0.25289999999245083,15.027000000003454
change_aware,870,contention_steady,8,39.12540000001741,0.4734999999982392,38.65190000001917
change_aware,871,contention_steady,8,12.159599999989723,0.3490999999939959,11.810499999995727
change_aware,872,contention_steady,8,34.17029999999954,7.889500000004546,26.280799999994997
change_aware,873,contention_steady,8,14.821500000010701,0.3404999999929714,14.48100000001773
change_aware,874,contention_steady,8,16.518800000000056,0.7657000000165226,15.753099999983533
change_aware,875,contention_steady,8,17.767000000020516,0.5832000000225435,17.183799999997973
change_aware,876,contention_steady,8,52.32169999999314,0.8069000000148208,51.51479999997832
change_aware,877,contention_steady,8,18.395999999995638,0.38379999998028325,18.012200000015355
change_aware,878,contention_steady,8,60.35959999999818,1.9532000000026528,58.40639999999553
change_aware,879,contention_steady,8,16.00840000000403,0.4332000000033531,15.575200000000677
change_aware,880,contention_steady,8,53.49150000000691,41.83349999999564,11.65800000001127
change_aware,881,contention_steady,8,14.911399999988362,0.35130000000549444,14.560099999982867
change_aware,882,contention_steady,8,22.488800000019182,3.4249000000272645,19.063899999991918
change_aware,883,contention_steady,8,13.482100000004493,0.3407000000095195,13.141399999994974
change_aware,884,contention_steady,8,35.54520000000139,6.2196000000085405,29.325599999992846
change_aware,885,contention_steady,8,15.151099999997086,0.34990000000334476,14.801199999993742
change_aware,886,contention_steady,8,33.06020000002263,0.7107000000132757,32.34950000000936
change_aware,887,contention_steady,8,23.347199999989243,0.40110000000481705,22.946099999984426
change_aware,888,contention_steady,8,37.66850000002364,0.6500000000073669,37.018500000016274
change_aware,889,contention_steady,8,13.804199999981392,0.4543000000012398,13.349899999980153
change_aware,890,contention_steady,8,20.36559999999099,0.3776000000073054,19.987999999983685
change_aware,891,contention_steady,8,31.42569999999978,0.5329000000244832,30.892799999975296
change_aware,892,contention_steady,8,26.26190000000861,0.40880000000242944,25.85310000000618
change_aware,893,contention_steady,8,13.650500000011334,0.3849000000002434,13.26560000001109
change_aware,894,contention_steady,8,42.93450000000121,0.3087999999991098,42.6257000000021
change_aware,895,contention_steady,8,14.642299999991337,0.534200000004148,14.10809999998719
change_aware,896,contention_steady,8,36.41880000000697,0.5114999999875636,35.907300000019404
change_aware,897,contention_steady,8,13.851000000016711,0.8608999999921707,12.99010000002454
change_aware,898,contention_steady,8,22.460599999988062,0.8205999999972846,21.639999999990778
change_aware,899,contention_steady,8,10.074799999983952,0.35879999998655876,9.715999999997393
change_aware,900,contention_steady,8,10.017799999985755,0.46179999998230414,9.55600000000345
change_aware,901,contention_steady,8,41.96389999998473,0.5432000000098469,41.420699999974886
change_aware,902,contention_steady,8,20.15169999998534,0.738599999976941,19.4131000000084
change_aware,903,contention_steady,8,26.731900000015685,0.7428000000118118,25.989100000003873
change_aware,904,contention_steady,8,38.86790000001383,0.979499999999689,37.888400000014144
change_aware,905,contention_steady,8,22.9481000000078,1.5326000000186468,21.41549999998915
change_aware,906,contention_steady,8,35.04100000000676,1.1738999999977295,33.86710000000903
change_aware,907,contention_steady,8,13.656100000019933,0.31470000001831977,13.341400000001613
change_aware,908,contention_steady,8,36.2615999999889,0.7575999999858141,35.50400000000309
change_aware,909,contention_steady,8,26.765299999993886,0.7521999999937634,26.013100000000122
change_aware,910,contention_steady,8,24.399099999982354,0.43180000000120344,23.96729999998115
change_aware,911,contention_steady,8,35.67109999997342,4.048799999992525,31.622299999980896
change_aware,912,contention_steady,8,15.724599999998645,0.48799999999005195,15.236600000008593
change_aware,913,contention_steady,8,30.88270000000648,0.32310000000279615,30.559600000003684
change_aware,914,contention_steady,8,15.594199999981129,0.290100000000848,15.30409999998028
change_aware,915,contention_steady,8,16.09009999998534,0.5204999999932625,15.569599999992079
change_aware,916,contention_steady,8,19.73300000000222,0.4974000000004253,19.235600000001796
change_aware,917,contention_steady,8,28.894699999995055,0.41780000000812834,28.476899999986927
change_aware,918,contention_steady,8,26.882799999981444,4.510099999976092,22.372700000005352
change_aware,919,contention_steady,8,42.47580000000539,0.6743000000142274,41.801499999991165
change_aware,920,contention_steady,8,29.63700000000813,0.5087000000116859,29.128299999996443
change_aware,921,contention_steady,8,34.743099999985816,0.6297999999844706,34.113300000001345
change_aware,922,contention_steady,8,21.97200000000521,0.4262000000210264,21.545799999984183
change_aware,923,contention_steady,8,25.03660000002128,0.765200000017785,24.271400000003496
change_aware,924,contention_steady,8,25.199799999995776,0.6204000000025189,24.579399999993257
change_aware,925,contention_steady,8,13.698000000005095,0.5586999999991349,13.13930000000596
change_aware,926,contention_steady,8,37.426199999998744,0.3815999999972064,37.04460000000154
change_aware,927,contention_steady,8,10.1003999999989,0.3700999999978194,9.73030000000108
change_aware,928,contention_steady,8,34.7748000000081,0.353500000016993,34.421299999991106
change_aware,929,contention_steady,8,45.787999999987505,0.3106999999999971,45.47729999998751
change_aware,930,contention_steady,8,15.289599999988468,0.8290999999758242,14.460500000012644
change_aware,931,contention_steady,8,20.360299999993003,0.7382999999947515,19.621999999998252
change_aware,932,contention_steady,8,15.845200000001114,0.3138000000149077,15.531399999986206
change_aware,933,contention_steady,8,49.86059999998815,0.41970000000901564,49.44089999997914
change_aware,934,contention_steady,8,21.956899999992174,0.4223999999908301,21.534500000001344
change_aware,935,contention_steady,8,47.211900000007745,0.6064000000094438,46.6054999999983
change_aware,936,contention_steady,8,21.969699999999648,0.8724000000199794,21.09729999997967
change_aware,937,contention_steady,8,47.23809999998707,16.84609999998088,30.392000000006192
change_aware,938,contention_steady,8,12.12359999999535,0.4455999999777305,11.678000000017619
change_aware,939,contention_steady,8,30.08599999998296,0.3638000000023567,29.722199999980603
change_aware,940,contention_steady,8,16.42370000001847,0.5301000000201839,15.893599999998287
change_aware,941,contention_steady,8,43.14220000000546,0.46359999998912826,42.67860000001633
change_aware,942,contention_steady,8,12.047700000010764,0.48219999999332686,11.565500000017437
change_aware,943,contention_steady,8,10.954700000013418,0.3894000000173037,10.565299999996114
change_aware,944,contention_steady,8,43.70140000000333,0.49050000001216176,43.21089999999117
change_aware,945,contention_steady,8,9.45680000000948,0.6526000000235399,8.80419999998594
change_aware,946,contention_steady,8,63.07720000000927,0.3673999999875832,62.70980000002169
change_aware,947,contention_steady,8,24.171199999983628,0.7176999999956024,23.453499999988026
change_aware,948,contention_steady,8,25.58220000000233,0.4696999999964646,25.112500000005866
change_aware,949,contention_steady,8,14.39400000001001,0.3265999999939595,14.06740000001605
change_aware,950,contention_steady,8,43.739900000019816,0.5269000000112101,43.213000000008606
change_aware,951,contention_steady,8,25.41210000001115,0.6647000000157277,24.747399999995423
change_aware,952,contention_steady,8,54.652600000025586,0.6458000000009179,54.00680000002467
change_aware,953,contention_steady,8,39.47360000000799,0.32320000002528104,39.15039999998271
change_aware,954,contention_steady,8,14.11969999998064,1.007399999991776,13.112299999988863
change_aware,955,contention_steady,8,16.423299999985375,0.2441000000033,16.179199999982075
change_aware,956,contention_steady,8,40.77000000000908,0.4500000000007276,40.32000000000835
change_aware,957,contention_steady,8,16.97889999999802,0.7726999999988493,16.20619999999917
change_aware,958,contention_steady,8,16.816599999998516,0.6236000000114927,16.192999999987023
change_aware,959,contention_steady,8,35.34949999999526,0.4834000000073502,34.86609999998791
change_aware,960,contention_steady,8,19.06080000000543,0.3477000000202679,18.71309999998516
change_aware,961,contention_steady,8,11.841199999992114,0.44080000000690234,11.400399999985211
change_aware,962,contention_steady,8,24.829899999986083,4.91969999998787,19.910199999998213
change_aware,963,contention_steady,8,28.99600000000646,0.9858999999892148,28.010100000017246
change_aware,964,contention_steady,8,17.300000000005866,4.497600000007651,12.802399999998215
change_aware,965,contention_steady,8,45.16010000000392,3.36830000000532,41.7917999999986
change_aware,966,contention_steady,8,13.870099999991226,0.3726999999855707,13.497400000005655
change_aware,967,contention_steady,8,32.64010000000894,0.7467000000076496,31.893400000001293
change_aware,968,contention_steady,8,34.344400000009045,0.40609999999219326,33.93830000001685
change_aware,969,contention_steady,8,18.093500000020413,0.536800000020321,17.55670000000009
change_aware,970,contention_steady,8,54.20459999999139,0.5778999999961343,53.62669999999525
change_aware,971,contention_steady,8,12.196600000009994,0.35379999999918255,11.842800000010811
change_aware,972,contention_steady,8,36.700699999983044,0.2663999999867883,36.434299999996256
change_aware,973,contention_steady,8,11.141600000001972,0.5885999999861724,10.5530000000158
change_aware,974,contention_steady,8,20.234500000015032,0.9900999999956639,19.24440000001937
change_aware,975,contention_steady,8,29.978499999998576,0.5115999999816268,29.46690000001695
change_aware,976,contention_steady,8,19.10809999998264,0.1967999999976655,18.911299999984976
change_aware,977,contention_steady,8,19.947299999984125,0.2978999999925236,19.6493999999916
change_aware,978,contention_steady,8,14.399300000007997,0.5622999999843614,13.837000000023636
change_aware,979,contention_steady,8,45.3967999999918,0.6367000000011558,44.76009999999064
change_aware,980,contention_steady,8,14.976499999988846,0.48419999998827734,14.492300000000569
change_aware,981,contention_steady,8,28.630000000021028,0.5098999999972875,28.12010000002374
change_aware,982,contention_steady,8,19.300899999990406,0.49690000000168766,18.80399999998872
change_aware,983,contention_steady,8,19.185800000002473,0.7157999999947151,18.470000000007758
change_aware,984,contention_steady,8,14.75650000000428,0.49320000002239794,14.263299999981882
change_aware,985,contention_steady,8,40.232900000006566,0.43940000000475266,39.79350000000181
change_aware,986,contention_steady,8,41.09650000000897,2.7704000000028373,38.326100000006136
change_aware,987,contention_steady,8,15.1791999999773,0.4596999999932905,14.71949999998401
change_aware,988,contention_steady,8,33.50649999998723,0.536600000003773,32.969899999983454
change_aware,989,contention_steady,8,17.10009999999329,0.5217000000072858,16.578399999986004
change_aware,990,contention_steady,8,57.31760000000463,0.46679999999810207,56.85080000000653
change_aware,991,contention_steady,8,14.681000000024369,0.8542000000204553,13.826800000003914
change_aware,992,contention_steady,8,42.80769999999734,0.3260000000011587,42.48169999999618
change_aware,993,contention_steady,8,10.819200000014462,1.093800000006695,9.725400000007767
change_aware,994,contention_steady,8,13.74619999998572,0.5845999999962714,13.161599999989448
change_aware,995,contention_steady,8,12.394699999987324,0.2920999999957985,12.102599999991526
change_aware,996,contention_steady,8,17.516300000011142,0.4686000000049262,17.047700000006216
change_aware,997,contention_steady,8,49.88290000000006,0.32509999999774664,49.55780000000232
change_aware,998,contention_steady,8,11.763500000000704,0.23099999998521525,11.532500000015489
change_aware,999,contention_steady,8,9.168700000003582,0.41530000001444023,8.753399999989142
change_aware,1000,contention_steady,8,40.99210000001108,0.4712000000210992,40.52089999998998
change_aware,1001,contention_steady,8,8.072599999991326,0.3565000000094187,7.716099999981907
change_aware,1002,contention_steady,8,7.973499999991418,0.6146000000057938,7.358899999985624
change_aware,1003,contention_steady,8,8.221099999985881,0.31540000000518376,7.905699999980698
change_aware,1004,contention_steady,8,48.875199999997676,0.5837000000212811,48.291499999976395
change_aware,1005,contention_steady,8,14.920299999999997,0.34410000000661967,14.576199999993378
change_aware,1006,contention_steady,8,47.41349999997624,0.5492999999887616,46.86419999998748
change_aware,1007,contention_steady,8,16.978699999981473,0.43309999998086823,16.545600000000604
change_aware,1008,contention_steady,8,32.243200000010575,0.5525999999917985,31.690600000018776
change_aware,1009,contention_steady,8,18.00529999999867,0.6078000000115935,17.397499999987076
change_aware,1010,contention_steady,8,40.53300000001059,0.48100000000772525,40.05200000000286
change_aware,1011,contention_steady,8,23.60250000000974,0.5017000000009375,23.100800000008803
change_aware,1012,contention_steady,8,50.81229999998982,0.7951999999988857,50.01709999999093
change_aware,1013,contention_steady,8,14.900799999992387,0.8507000000008702,14.050099999991517
change_aware,1014,contention_steady,8,31.471600000003264,13.89169999998785,17.579900000015414
change_aware,1015,contention_steady,8,42.063100000007125,0.45719999999960237,41.60590000000752
change_aware,1016,contention_steady,8,11.100200000015548,0.47140000000922555,10.628800000006322
change_aware,1017,contention_steady,8,47.01829999999063,0.5515000000002601,46.46679999999037
change_aware,1018,contention_steady,8,16.886699999986376,0.5058999999789648,16.38080000000741
change_aware,1019,contention_steady,8,21.494899999993322,0.4686000000049262,21.026299999988396
change_aware,1020,contention_steady,8,15.611100000000988,0.5084999999951378,15.10260000000585
change_aware,1021,contention_steady,8,46.238899999991645,1.06089999999881,45.177999999992835
change_aware,1022,contention_steady,8,15.23000000000252,0.4385000000013406,14.791500000001179
change_aware,1023,contention_steady,8,24.914999999992915,0.5898000000001957,24.32519999999272
change_aware,1024,contention_steady,8,25.41430000002265,3.593000000023494,21.821299999999155
change_aware,1025,contention_steady,8,33.67670000000089,0.5741999999884229,33.10250000001247
change_aware,1026,contention_steady,8,16.078800000002502,1.4630999999951655,14.615700000007337
change_aware,1027,contention_steady,8,31.956400000012763,1.3166999999896234,30.63970000002314
change_aware,1028,contention_steady,8,36.76819999998315,0.43180000000120344,36.33639999998195
change_aware,1029,contention_steady,8,30.712799999975005,0.37689999999201973,30.335899999982985
change_aware,1030,contention_steady,8,23.41009999997823,0.6938999999874795,22.71619999999075
change_aware,1031,contention_steady,8,39.70949999998652,0.684399999983043,39.02510000000348
change_aware,1032,contention_steady,8,30.210099999976592,0.9696999999846412,29.24039999999195
change_aware,1033,contention_steady,8,15.153300000008585,0.5907000000036078,14.562600000004977
change_aware,1034,contention_steady,8,13.31419999999639,0.5165999999974247,12.797599999998965
change_aware,1035,contention_steady,8,15.832100000011451,0.33080000000040855,15.501300000011042
change_aware,1036,contention_steady,8,13.54530000000409,0.2934999999979482,13.251800000006142
change_aware,1037,contention_steady,8,33.90949999999293,0.34869999998932144,33.56080000000361
change_aware,1038,contention_steady,8,29.55340000002593,0.44450000001461376,29.108900000011317
change_aware,1039,contention_steady,8,16.405700000007073,0.7427000000177486,15.662999999989324
change_aware,1040,contention_steady,8,36.35779999999045,10.125899999991361,26.231899999999087
change_aware,1041,contention_steady,8,35.62039999999911,0.32569999999054744,35.29470000000856
change_aware,1042,contention_steady,8,21.51939999998831,4.529499999989639,16.98989999999867
change_aware,1043,contention_steady,8,18.016100000011193,0.4628000000082011,17.55330000000299
change_aware,1044,contention_steady,8,27.62740000000008,1.072399999998197,26.555000000001883
change_aware,1045,contention_steady,8,18.464000000022907,0.36210000001801745,18.10190000000489
change_aware,1046,contention_steady,8,15.29189999999403,0.8915999999885571,14.400300000005473
change_aware,1047,contention_steady,8,23.349100000018552,0.4576000000042768,22.891500000014275
change_aware,1048,contention_steady,8,55.002400000006446,1.665800000012041,53.336599999994405
change_aware,1049,contention_steady,8,21.027300000014293,0.6292000000200915,20.3980999999942
change_aware,1050,contention_steady,8,19.8641000000066,0.4614000000060514,19.40270000000055
change_aware,1051,contention_steady,8,28.7761999999816,0.4959000000042124,28.280299999977387
change_aware,1052,contention_steady,8,20.735299999984136,0.3386999999861473,20.39659999999799
change_aware,1053,contention_steady,8,15.89140000001521,0.6484000000170909,15.24299999999812
change_aware,1054,contention_steady,8,23.461400000002186,0.3854999999930442,23.075900000009142
change_aware,1055,contention_steady,8,21.61119999999528,0.4671000000087133,21.144099999986565
change_aware,1056,contention_steady,8,14.862999999991189,0.39899999998738167,14.464000000003807
change_aware,1057,contention_steady,8,30.323199999997996,0.4755999999872529,29.847600000010743
change_aware,1058,contention_steady,8,17.545699999999442,0.3810000000044056,17.164699999995037
change_aware,1059,contention_steady,8,18.993700000009994,0.57269999999221,18.421000000017784
change_aware,1060,contention_steady,8,18.375000000020236,0.752699999992501,17.622300000027735
change_aware,1061,contention_steady,8,44.07589999999573,0.35180000000423206,43.724099999991495
change_aware,1062,contention_steady,8,15.791800000016565,0.7166999999981272,15.075100000018438
change_aware,1063,contention_steady,8,19.858499999998003,0.7425000000012005,19.115999999996802
change_aware,1064,contention_steady,8,30.997000000013486,0.27760000000398577,30.7194000000095
change_aware,1065,contention_steady,8,40.825899999987314,0.6974000000070646,40.12849999998025
change_aware,1066,contention_steady,8,8.699000000007118,0.6826000000046406,8.016400000002477
change_aware,1067,contention_steady,8,19.427100000001474,0.3835999999921569,19.043500000009317
change_aware,1068,contention_steady,8,26.617000000015878,5.206900000018777,21.4100999999971
change_aware,1069,contention_steady,8,37.18289999997637,0.47719999997752893,36.70569999999884
change_aware,1070,contention_steady,8,16.885000000002037,0.3757000000064181,16.50929999999562
change_aware,1071,contention_steady,8,56.56940000000077,0.5635999999924479,56.00580000000832
change_aware,1072,contention_steady,8,14.159600000027694,0.3374000000064825,13.822200000021212
change_aware,1073,contention_steady,8,46.47860000000037,0.3567999999916083,46.12180000000876
change_aware,1074,contention_steady,8,15.90640000000576,0.5567999999982476,15.349600000007513
change_aware,1075,contention_steady,8,29.795100000001185,1.513599999981352,28.281500000019832
change_aware,1076,contention_steady,8,16.07309999999984,0.43759999999792853,15.635500000001912
change_aware,1077,contention_steady,8,18.754400000005944,0.3355000000055952,18.41890000000035
change_aware,1078,contention_steady,8,17.123300000008612,0.32120000000190885,16.802100000006703
change_aware,1079,contention_steady,8,43.977500000011105,4.044700000008561,39.932800000002544
change_aware,1080,contention_steady,8,52.99489999998741,0.6209000000012566,52.373999999986154
change_aware,1081,contention_steady,8,25.15919999999028,0.42540000001167755,24.7337999999786
change_aware,1082,contention_steady,8,34.314499999993586,0.44950000000199,33.864999999991596
change_aware,1083,contention_steady,8,11.75209999999538,0.5327000000079352,11.219399999987445
change_aware,1084,contention_steady,8,46.27350000001229,1.3178000000095835,44.95570000000271
change_aware,1085,contention_steady,8,44.06240000000139,0.43949999999881584,43.62290000000257
change_aware,1086,contention_steady,8,18.478300000026593,1.4720000000068012,17.00630000001979
change_aware,1087,contention_steady,8,15.05430000000274,0.5945000000053824,14.459799999997358
change_aware,1088,contention_steady,8,24.299399999989646,8.469600000012178,15.829799999977467
change_aware,1089,contention_steady,8,20.706700000005185,0.40309999999976753,20.303600000005417
change_aware,1090,contention_steady,8,25.886299999996254,9.953999999993357,15.932300000002897
change_aware,1091,contention_steady,8,20.77609999997776,1.0203999999873758,19.755699999990384
change_aware,1092,contention_steady,8,17.606000000000677,0.3662999999960448,17.239700000004632
change_aware,1093,contention_steady,8,20.21840000000452,0.6247000000030312,19.59370000000149
change_aware,1094,contention_steady,8,32.89200000000392,0.6709000000171272,32.22109999998679
change_aware,1095,contention_steady,8,22.491400000006934,0.6477000000018052,21.84370000000513
change_aware,1096,contention_steady,8,45.3454000000022,0.5438999999967109,44.80150000000549
change_aware,1097,contention_steady,8,10.288400000007414,0.5163000000152351,9.772099999992179
change_aware,1098,contention_steady,8,10.61350000000516,0.39800000001832814,10.215499999986832
change_aware,1099,contention_steady,8,38.97290000000453,0.2768999999887001,38.69600000001583
change_aware,1100,contention_steady,8,9.0528000000063,0.26929999998515086,8.78350000002115
change_aware,1101,contention_steady,8,23.617099999995617,0.31430000001364533,23.30279999998197
change_aware,1102,contention_steady,8,14.98789999999417,0.36910000000034415,14.618799999993826
change_aware,1103,contention_steady,8,12.262500000019827,0.5768000000045959,11.685700000015231
change_aware,1104,contention_steady,8,49.11910000001285,0.5486000000018976,48.57050000001095
change_aware,1105,contention_steady,8,35.30280000001085,0.5168000000139727,34.785999999996875
change_aware,1106,contention_steady,8,31.623099999990245,4.8584999999832235,26.76460000000702
change_aware,1107,contention_steady,8,46.82409999998072,8.298300000006975,38.52579999997374
change_aware,1108,contention_steady,8,16.618700000009312,0.41720000001532753,16.201499999993985
change_aware,1109,contention_steady,8,17.751500000002807,4.030999999997675,13.720500000005131
change_aware,1110,contention_steady,8,18.665200000015147,1.302500000008422,17.362700000006726
change_aware,1111,contention_steady,8,48.562699999990855,29.707199999990053,18.855500000000802
change_aware,1112,contention_steady,8,14.927299999982324,0.4883999999947264,14.438899999987598
change_aware,1113,contention_steady,8,35.098799999985886,0.6776999999829059,34.42110000000298
change_aware,1114,contention_steady,8,16.96050000001037,0.9789000000068881,15.981600000003482
change_aware,1115,contention_steady,8,17.043200000017578,0.6634000000076412,16.379800000009936
change_aware,1116,contention_steady,8,38.79549999999199,0.40179999999168103,38.39370000000031
change_aware,1117,contention_steady,8,17.628199999990102,0.4939999999749034,17.1342000000152
change_aware,1118,contention_steady,8,13.714399999997795,0.4092000000071039,13.305199999990691
change_aware,1119,contention_steady,8,26.62440000000288,0.43740000000980217,26.186999999993077
change_aware,1120,contention_steady,8,16.4346999999907,0.682799999992767,15.751899999997931
change_aware,1121,contention_steady,8,17.184600000007322,4.407499999985021,12.777100000022301
change_aware,1122,contention_steady,8,42.10159999999519,0.4352999999923668,41.66630000000282
change_aware,1123,contention_steady,8,30.418700000012677,0.46810000000618857,29.95060000000649
change_aware,1124,contention_steady,8,56.57930000000988,0.5466000000069471,56.03270000000293
change_aware,1125,contention_steady,8,35.61189999999215,0.6973000000130014,34.914599999979146
change_aware,1126,contention_steady,8,16.195799999991323,0.8441999999888594,15.351600000002463
change_aware,1127,contention_steady,8,29.989499999999225,0.5007000000034623,29.488799999995763
change_aware,1128,contention_steady,8,15.93180000000416,1.3824000000113301,14.54939999999283
change_aware,1129,contention_steady,8,42.35149999999521,0.36990000000969303,41.98159999998552
change_aware,1130,contention_steady,8,13.355200000006562,0.4837999999836029,12.871400000022959
change_aware,1131,contention_steady,8,35.46679999999469,1.1293000000023312,34.33749999999236
change_aware,1132,contention_steady,8,11.392900000004147,0.4677000000015141,10.925200000002633
change_aware,1133,contention_steady,8,40.98909999999023,0.5216000000132226,40.46749999997701
change_aware,1134,contention_steady,8,43.13960000001771,0.6504000000120413,42.48920000000567
change_aware,1135,contention_steady,8,18.71760000000222,1.8239999999991596,16.89360000000306
change_aware,1136,contention_steady,8,43.50720000002184,0.5495000000053096,42.95770000001653
change_aware,1137,contention_steady,8,15.609800000021323,1.1092000000019198,14.500600000019404
change_aware,1138,contention_steady,8,39.713899999981095,0.5291999999883501,39.184699999992745
change_aware,1139,contention_steady,8,14.999299999999494,0.33840000000395776,14.660899999995536
change_aware,1140,contention_steady,8,15.81680000001029,0.3606000000218046,15.456199999988485
change_aware,1141,contention_steady,8,18.312899999983756,0.42729999998414314,17.885599999999613
change_aware,1142,contention_steady,8,33.54609999999525,0.40110000000481705,33.14499999999043
change_aware,1143,contention_steady,8,12.391400000012709,0.39100000000757973,12.00040000000513
change_aware,1144,contention_steady,8,39.8603999999807,0.8473999999978332,39.01299999998287
change_aware,1145,contention_steady,8,23.195299999997587,2.6791999999886684,20.51610000000892
change_aware,1146,contention_steady,8,57.445400000005975,0.591700000001083,56.85370000000489
change_aware,1147,contention_steady,8,16.18750000000091,0.5473000000222328,15.640199999978677
change_aware,1148,contention_steady,8,48.874600000004875,0.7295999999996639,48.14500000000521
change_aware,1149,contention_steady,8,13.186399999995047,0.5644000000017968,12.62199999999325
change_aware,1150,contention_steady,8,47.17390000001842,0.6266999999979816,46.54720000002044
change_aware,1151,contention_steady,8,46.02169999998296,0.3558999999881962,45.66579999999476
change_aware,1152,contention_steady,8,20.640099999980066,0.5601999999953478,20.07989999998472
change_aware,1153,contention_steady,8,24.616300000019464,0.7968000000175834,23.81950000000188
change_aware,1154,contention_steady,8,24.298200000004044,1.7247000000111257,22.57349999999292
change_aware,1155,contention_steady,8,16.799000000020214,2.500100000020211,14.298900000000003
change_aware,1156,contention_steady,8,19.0662000000259,0.2801000000260956,18.786099999999806
change_aware,1157,contention_steady,8,37.85440000001472,3.5225999999966007,34.33180000001812
change_aware,1158,contention_steady,8,23.635999999982005,0.3534999999885713,23.282499999993433
change_aware,1159,contention_steady,8,42.08380000000034,0.732099999993352,41.351700000006986
change_aware,1160,contention_steady,8,13.878299999987576,1.5024999999866395,12.375800000000936
change_aware,1161,contention_steady,8,29.517400000003136,0.42099999998868043,29.096400000014455
change_aware,1162,contention_steady,8,14.267899999993006,0.33840000000395776,13.929499999989048
change_aware,1163,contention_steady,8,34.56710000000385,0.35570000000006985,34.21140000000378
change_aware,1164,contention_steady,8,13.893700000011222,0.3899000000160413,13.50379999999518
change_aware,1165,contention_steady,8,45.312799999976505,0.7386999999994259,44.57409999997708
change_aware,1166,contention_steady,8,13.905300000004672,0.559600000002547,13.345700000002125
change_aware,1167,contention_steady,8,18.650400000012723,0.28480000000286054,18.365600000009863
change_aware,1168,contention_steady,8,20.573600000005854,0.3949999999974807,20.178600000008373
change_aware,1169,contention_steady,8,39.960800000017116,0.5826999999953841,39.37810000002173
change_aware,1170,contention_steady,8,34.776399999998375,0.5313000000057855,34.24509999999259
change_aware,1171,contention_steady,8,12.369299999988925,0.9332999999855929,11.436000000003332
change_aware,1172,contention_steady,8,16.68620000000942,0.4987000000085118,16.18750000000091
change_aware,1173,contention_steady,8,29.50140000001511,10.804600000000164,18.696800000014946
change_aware,1174,contention_steady,8,37.74989999999434,0.8312999999873227,36.91860000000702
change_aware,1175,contention_steady,8,10.409100000003946,0.7361000000116746,9.672999999992271
change_aware,1176,contention_steady,8,17.187899999981937,0.9931999999821528,16.194699999999784
change_aware,1177,contention_steady,8,35.52329999999415,0.5018999999890639,35.02140000000509
change_aware,1178,contention_steady,8,12.612500000017235,0.644300000004705,11.96820000001253
change_aware,1179,contention_steady,8,41.36850000000436,0.3376000000230306,41.03089999998133
change_aware,1180,contention_steady,8,9.40030000001002,0.8563000000094689,8.544000000000551
change_aware,1181,contention_steady,8,45.264199999991206,0.2599999999972624,45.00419999999394
change_aware,1182,contention_steady,8,13.228499999996757,0.6207999999787717,12.607700000017985
change_aware,1183,contention_steady,8,15.039000000001579,0.9173999999916305,14.121600000009948
change_aware,1184,contention_steady,8,23.108499999977994,1.9051999999817326,21.20329999999626
change_aware,1185,contention_steady,8,20.976300000000947,0.4442000000040025,20.532099999996944
change_aware,1186,contention_steady,8,29.6916000000067,11.081499999988864,18.610100000017837
change_aware,1187,contention_steady,8,22.01830000001337,0.3528000000017073,21.66550000001166
change_aware,1188,contention_steady,8,19.628799999992452,0.6479999999839947,18.980800000008458
change_aware,1189,contention_steady,8,12.499100000013641,0.3188000000022839,12.180300000011357
change_aware,1190,contention_steady,8,36.676100000022416,0.365700000003244,36.31040000001917
change_aware,1191,contention_steady,8,17.353099999979804,1.7919999999946867,15.561099999985117
change_aware,1192,contention_steady,8,44.97630000000186,1.0024000000043998,43.97389999999746
change_aware,1193,contention_steady,8,10.27360000000499,0.2806999999904747,9.992900000014515
change_aware,1194,contention_steady,8,32.051100000018096,0.4736000000207241,31.57749999999737
change_aware,1195,contention_steady,8,15.1362000000006,0.4436999999768432,14.692500000023756
change_aware,1196,contention_steady,8,39.06259999999406,1.7961000000070726,37.26649999998699
change_aware,1197,contention_steady,8,12.902700000012146,2.880199999992783,10.022500000019363
change_aware,1198,contention_steady,8,8.636200000012195,0.37880000002132874,8.257399999990866
change_aware,1199,contention_steady,8,31.46189999998228,0.5683999999916978,30.89349999999058
change_aware,1200,contention_steady,8,8.789400000011938,0.3494999999986703,8.439900000013267
change_aware,1201,contention_steady,8,33.57750000000692,0.8211999999900854,32.756300000016836
change_aware,1202,contention_steady,8,24.444299999998975,6.077199999992899,18.367100000006076
change_aware,1203,contention_steady,8,18.50489999998217,0.42199999998615567,18.082899999996016
change_aware,1204,contention_steady,8,43.14020000001051,28.36820000001694,14.771999999993568
change_aware,1205,contention_steady,8,33.697900000021264,0.5234000000200467,33.17450000000122
change_aware,1206,contention_steady,8,11.636300000020583,0.423200000000179,11.213100000020404
change_aware,1207,contention_steady,8,32.22249999998894,0.703399999991916,31.519099999997024
change_aware,1208,contention_steady,8,15.788499999985106,3.8169000000038977,11.971599999981208
change_aware,1209,contention_steady,8,14.288499999992155,0.25529999999207575,14.033200000000079
change_aware,1210,contention_steady,8,44.3903999999975,3.5473000000081356,40.84309999998936
change_aware,1211,contention_steady,8,13.095599999985552,1.4295999999944797,11.665999999991072
change_aware,1212,contention_steady,8,13.733400000006668,0.5290999999942869,13.204300000012381
change_aware,1213,contention_steady,8,30.04899999999111,0.636100000008355,29.412899999982756
change_aware,1214,contention_steady,8,50.4048000000239,0.46320000001287553,49.94160000001102
change_aware,1215,contention_steady,8,8.680900000001657,0.26880000001483495,8.412099999986822
change_aware,1216,contention_steady,8,17.651200000017297,0.48230000001581175,17.168900000001486
change_aware,1217,contention_steady,8,46.574800000001915,0.3389000000026954,46.23589999999922
change_aware,1218,contention_steady,8,14.556299999981093,0.45989999998141684,14.096399999999676
change_aware,1219,contention_steady,8,61.14389999999048,0.5717999999887979,60.57210000000168
change_aware,1220,contention_steady,8,14.602899999999863,0.2862000000050102,14.316699999994853
change_aware,1221,contention_steady,8,30.342699999977185,0.336099999998396,30.00659999997879
change_aware,1222,contention_steady,8,16.502599999995482,0.3579999999772099,16.144600000018272
change_aware,1223,contention_steady,8,47.136199999982864,0.6522999999845069,46.48389999999836
change_aware,1224,contention_steady,8,17.341700000002902,0.70999999999799,16.631700000004912
change_aware,1225,contention_steady,8,12.406699999985449,0.6989000000032775,11.707799999982171
change_aware,1226,contention_steady,8,14.59969999999089,0.686999999999216,13.912699999991673
change_aware,1227,contention_steady,8,52.733100000011746,31.910400000015215,20.82269999999653
change_aware,1228,contention_steady,8,31.185099999987642,0.3782999999941694,30.806799999993473
change_aware,1229,contention_steady,8,17.9518999999857,1.0274999999921874,16.92439999999351
change_aware,1230,contention_steady,8,53.65310000001955,0.3708000000131051,53.282300000006444
change_aware,1231,contention_steady,8,14.86160000001746,0.3400000000226555,14.521599999994805
change_aware,1232,contention_steady,8,46.57240000000229,0.9618000000273241,45.610599999974966
change_aware,1233,contention_steady,8,9.84300000001781,0.48290000000861255,9.360100000009197
change_aware,1234,contention_steady,8,62.85050000002457,22.871400000013864,39.9791000000107
change_aware,1235,contention_steady,8,20.570800000001555,0.25079999997501545,20.32000000002654
change_aware,1236,contention_steady,8,10.716000000002168,0.38450000002399065,10.331499999978178
change_aware,1237,contention_steady,8,44.9085999999852,0.33059999998386047,44.57800000000134
change_aware,1238,contention_steady,8,9.524400000003652,0.4384000000072774,9.085999999996375
change_aware,1239,contention_steady,8,30.811999999997397,0.31079999999406027,30.501200000003337
change_aware,1240,contention_steady,8,13.929999999987785,0.5227999999988242,13.407199999988961
change_aware,1241,contention_steady,8,12.851200000000063,3.3704999999883967,9.480700000011666
change_aware,1242,contention_steady,8,33.33299999999895,23.11090000000604,10.222099999992906
change_aware,1243,contention_steady,8,18.38839999999209,0.4083000000036918,17.980099999988397
change_aware,1244,contention_steady,8,47.24570000001904,0.8404000000155065,46.405300000003535
change_aware,1245,contention_steady,8,18.646000000018148,0.27210000001787193,18.373900000000276
change_aware,1246,contention_steady,8,28.03370000000882,5.311599999998862,22.72210000000996
change_aware,1247,contention_steady,8,26.85239999999567,0.40050000001201624,26.451899999983652
change_aware,1248,contention_steady,8,38.903599999997596,19.703800000002047,19.199799999995548
change_aware,1249,contention_steady,8,51.74149999999145,0.6719000000146025,51.069599999976845
change_aware,1250,contention_steady,8,17.94480000000931,2.4376000000074782,15.50720000000183
change_aware,1251,contention_steady,8,21.376900000007026,3.57710000000111,17.799800000005916
change_aware,1252,contention_steady,8,18.723899999997684,0.5564999999876363,18.167400000010048
change_aware,1253,contention_steady,8,26.971700000018473,0.8308000000170068,26.140900000001466
change_aware,1254,contention_steady,8,19.823800000011715,0.9630000000129257,18.86079999999879
change_aware,1255,contention_steady,8,35.27370000000474,17.05910000001154,18.214599999993197
change_aware,1256,contention_steady,8,48.66400000000226,0.7864000000097349,47.877599999992526
change_aware,1257,contention_steady,8,23.753999999996722,1.0583000000110587,22.695699999985663
change_aware,1258,contention_steady,8,18.827500000014652,5.907500000006394,12.920000000008258
change_aware,1259,contention_steady,8,11.272399999995741,1.889899999980571,9.38250000001517
change_aware,1260,contention_steady,8,30.111000000005106,0.48799999999005195,29.623000000015054
change_aware,1261,contention_steady,8,36.86010000001261,0.9580000000255495,35.90209999998706
change_aware,1262,contention_steady,8,53.6201000000176,0.3862000000083299,53.23390000000927
change_aware,1263,contention_steady,8,38.61079999998651,0.6784999999922547,37.93229999999426
change_aware,1264,contention_steady,8,20.070100000026514,0.6782000000100652,19.39190000001645
change_aware,1265,contention_steady,8,36.53180000000589,0.5088000000057491,36.02300000000014
change_aware,1266,contention_steady,8,18.224400000008245,0.6319000000019059,17.59250000000634
change_aware,1267,contention_steady,8,19.49059999998326,0.35259999998515923,19.1379999999981
change_aware,1268,contention_steady,8,28.073599999999033,0.6798999999944044,27.39370000000463
change_aware,1269,contention_steady,8,24.348299999985556,0.5953999999803727,23.752900000005184
change_aware,1270,contention_steady,8,37.886200000002646,1.4787000000069384,36.40749999999571
change_aware,1271,contention_steady,8,15.774099999987357,0.5242000000009739,15.249899999986383
change_aware,1272,contention_steady,8,17.909400000007736,0.815400000021782,17.093999999985954
change_aware,1273,contention_steady,8,23.60419999999408,0.8546999999907712,22.74950000000331
change_aware,1274,contention_steady,8,15.21139999999832,0.6239999999877455,14.587400000010575
change_aware,1275,contention_steady,8,9.691800000013018,0.5489000000125088,9.142900000000509
change_aware,1276,contention_steady,8,21.403600000013512,0.2665000000092732,21.13710000000424
change_aware,1277,contention_steady,8,10.556900000011638,0.4966000000194981,10.06029999999214
change_aware,1278,contention_steady,8,28.9965000000052,0.8751999999958571,28.12130000000934
change_aware,1279,contention_steady,8,31.705299999998715,1.0547999999914737,30.65050000000724
change_aware,1280,contention_steady,8,11.994700000002467,0.6511999999929685,11.343500000009499
change_aware,1281,contention_steady,8,13.033299999989367,0.3025000000036471,12.73079999998572
change_aware,1282,contention_steady,8,36.201500000004216,0.4979999999932261,35.70350000001099
change_aware,1283,contention_steady,8,30.5622999999855,0.778799999977764,29.783500000007734
change_aware,1284,contention_steady,8,15.452600000003258,0.4559000000199376,14.99669999998332
change_aware,1285,contention_steady,8,31.389100000012604,2.361699999994471,29.027400000018133
change_aware,1286,contention_steady,8,24.463800000006586,0.9972000000004755,23.46660000000611
change_aware,1287,contention_steady,8,33.34730000000263,1.224500000006401,32.12279999999623
change_aware,1288,contention_steady,8,11.311100000000351,0.5156999999940126,10.795400000006339
change_aware,1289,contention_steady,8,31.70879999998988,0.3656000000091808,31.343199999980698
change_aware,1290,contention_steady,8,28.580199999993283,0.46999999997865416,28.11020000001463
change_aware,1291,contention_steady,8,9.621900000013284,0.6954000000121141,8.92650000000117
change_aware,1292,contention_steady,8,50.71120000002338,0.36540000002105444,50.34580000000233
change_aware,1293,contention_steady,8,13.977799999992158,0.7291000000009262,13.248699999991231
change_aware,1294,contention_steady,8,30.619900000004918,1.0417000000018106,29.578200000003108
change_aware,1295,contention_steady,8,18.246699999991733,0.47320000001604967,17.773499999975684
change_aware,1296,contention_steady,8,37.05519999999751,0.6601000000046042,36.39509999999291
change_aware,1297,contention_steady,8,17.006699999996044,0.8362000000090575,16.170499999986987
change_aware,1298,contention_steady,8,33.38020000001052,0.35250000001951776,33.027699999991
change_aware,1299,contention_steady,8,14.533099999994192,0.8770999999967444,13.655999999997448
change_aware,1300,contention_steady,8,14.085800000003701,0.3858999999977186,13.699900000005982
change_aware,1301,contention_steady,8,9.562400000021398,0.3680000000088057,9.194400000012592
change_aware,1302,contention_steady,8,30.17270000000849,0.4896000000087497,29.68309999999974
change_aware,1303,contention_steady,8,19.00349999999662,0.43120000000840264,18.572299999988218
change_aware,1304,contention_steady,8,48.66140000001451,0.6631000000254517,47.99829999998906
change_aware,1305,contention_steady,8,26.36849999998958,0.9331999999915297,25.43529999999805
change_aware,1306,contention_steady,8,8.624300000008134,0.7203000000117754,7.903999999996358
change_aware,1307,contention_steady,8,24.32890000000043,0.42600000000447835,23.902899999995952
change_aware,1308,contention_steady,8,50.51829999999313,0.3701999999918826,50.14810000000125
change_aware,1309,contention_steady,8,8.494299999995292,0.36899999997785926,8.125300000017432
change_aware,1310,contention_steady,8,18.25840000000767,0.5212000000085482,17.73719999999912
change_aware,1311,contention_steady,8,106.52350000000865,80.57619999999588,25.947300000012774
change_aware,1312,contention_steady,8,13.043699999997216,0.5257999999912499,12.517900000005966
change_aware,1313,contention_steady,8,16.11460000000875,0.7104000000026645,15.404200000006085
change_aware,1314,contention_steady,8,14.426700000001347,0.453700000008439,13.972999999992908
change_aware,1315,contention_steady,8,16.882300000020223,0.4501000000232125,16.43219999999701
change_aware,1316,contention_steady,8,16.087400000003527,0.3522000000089065,15.73519999999462
change_aware,1317,contention_steady,8,15.36930000000325,0.4629000000022643,14.906400000000986
change_aware,1318,contention_steady,8,15.215399999988222,0.4149000000097658,14.800499999978456
change_aware,1319,contention_steady,8,41.02239999997437,0.5845999999962714,40.4377999999781
change_aware,1320,contention_steady,8,17.902999999989788,0.5867999999793483,17.31620000001044
change_aware,1321,contention_steady,8,35.429300000004105,2.4997000000155367,32.92959999998857
change_aware,1322,contention_steady,8,15.72559999999612,0.41699999999877946,15.308599999997341
change_aware,1323,contention_steady,8,13.51139999999873,0.7211999999867658,12.790200000011964
change_aware,1324,contention_steady,8,31.362900000004856,6.308200000006536,25.05469999999832
change_aware,1325,contention_steady,8,32.507100000003675,0.46430000000441396,32.04279999999926
change_aware,1326,contention_steady,8,18.320100000011053,0.4951999999889267,17.824900000022126
change_aware,1327,contention_steady,8,33.753899999993564,1.9540000000120017,31.799899999981562
change_aware,1328,contention_steady,8,50.19780000000651,0.572000000005346,49.62580000000116
change_aware,1329,contention_steady,8,16.714300000018056,0.3976000000136537,16.316700000004403
change_aware,1330,contention_steady,8,27.314199999977973,0.6022000000029948,26.711999999974978
change_aware,1331,contention_steady,8,21.605800000003228,2.5578999999993357,19.047900000003892
change_aware,1332,contention_steady,8,64.7359000000165,0.507900000002337,64.22800000001416
change_aware,1333,contention_steady,8,15.505600000011555,0.31930000000102154,15.186300000010533
change_aware,1334,contention_steady,8,46.456699999993134,0.47910000000683794,45.977599999986296
change_aware,1335,contention_steady,8,17.885599999999613,0.8220999999934975,17.063500000006115
change_aware,1336,contention_steady,8,31.29609999999161,3.3349999999927604,27.96109999999885
change_aware,1337,contention_steady,8,16.28219999997782,0.7924999999886495,15.48969999998917
change_aware,1338,contention_steady,8,13.35710000000745,0.5117999999981748,12.845300000009274
change_aware,1339,contention_steady,8,16.04229999998097,0.3470999999990454,15.695199999981924
change_aware,1340,contention_steady,8,27.322900000001482,0.7699000000229717,26.55299999997851
change_aware,1341,contention_steady,8,16.76530000000298,0.5486000000018976,16.216700000001083
change_aware,1342,contention_steady,8,34.7804000000167,4.073900000008734,30.706500000007964
change_aware,1343,contention_steady,8,18.550700000020015,0.5291000000227086,18.021599999997306
change_aware,1344,contention_steady,8,13.935099999997647,1.4984000000026754,12.436699999994971
change_aware,1345,contention_steady,8,33.64559999999983,0.2977000000043972,33.347899999995434
change_aware,1346,contention_steady,8,15.66259999998465,0.6479999999839947,15.014600000000655
change_aware,1347,contention_steady,8,29.809199999988323,1.1043000000086067,28.704899999979716
change_aware,1348,contention_steady,8,37.87690000001476,0.8393999999896096,37.03750000002515
change_aware,1349,contention_steady,8,37.032699999997476,2.176599999984319,34.85610000001316
change_aware,1350,contention_steady,8,15.079500000013013,0.3925000000037926,14.68700000000922
change_aware,1351,contention_steady,8,31.055199999997285,0.45339999999782776,30.601799999999457
change_aware,1352,contention_steady,8,15.166300000004185,0.5087000000116859,14.657599999992499
change_aware,1353,contention_steady,8,34.94219999998904,9.732099999979482,25.21010000000956
change_aware,1354,contention_steady,8,13.750600000008717,0.4628000000082011,13.287800000000516
change_aware,1355,contention_steady,8,30.515200000024834,5.993799999998828,24.521400000026006
change_aware,1356,contention_steady,8,30.46879999999419,0.546399999990399,29.92240000000379
change_aware,1357,contention_steady,8,19.679999999993925,0.566099999986136,19.11390000000779
change_aware,1358,contention_steady,8,13.054500000009739,0.5941999999947711,12.460300000014968
change_aware,1359,contention_steady,8,10.531700000001365,0.5274000000099477,10.004299999991417
change_aware,1360,contention_steady,8,27.241099999997687,0.38309999999341926,26.858000000004267
change_aware,1361,contention_steady,8,16.3838999999939,0.27140000000258624,16.112499999991314
change_aware,1362,contention_steady,8,19.785399999989295,1.1482999999827825,18.637100000006512
change_aware,1363,contention_steady,8,28.13510000001429,1.2620000000254095,26.87309999998888
change_aware,1364,contention_steady,8,24.209299999995437,0.7352000000082626,23.474099999987175
change_aware,1365,contention_steady,8,12.532899999996516,0.9400999999797932,11.592800000016723
change_aware,1366,contention_steady,8,18.4434999999894,7.3347000000012486,11.10879999998815
change_aware,1367,contention_steady,8,16.1437999999805,0.4284000000041033,15.715399999976398
change_aware,1368,contention_steady,8,38.529500000009875,0.5372000000249955,37.99229999998488
change_aware,1369,contention_steady,8,12.802300000004152,0.6664000000000669,12.135900000004085
change_aware,1370,contention_steady,8,44.57089999999653,0.32450000000494583,44.24639999999158
change_aware,1371,contention_steady,8,33.600199999995084,0.7226999999829786,32.877500000012105
change_aware,1372,contention_steady,8,25.407099999995353,0.666600000016615,24.740499999978738
change_aware,1373,contention_steady,8,44.8554000000172,0.5498000000159209,44.30560000000128
change_aware,1374,contention_steady,8,17.765300000007755,0.41830000000686596,17.34700000000089
change_aware,1375,contention_steady,8,22.755399999994097,0.716600000004064,22.038799999990033
change_aware,1376,contention_steady,8,18.286200000005692,0.6395000000054551,17.646700000000237
change_aware,1377,contention_steady,8,30.314700000019457,2.0334000000161723,28.281300000003284
change_aware,1378,contention_steady,8,26.10229999999092,0.844699999987597,25.257600000003322
change_aware,1379,contention_steady,8,27.21349999998779,0.5772000000092703,26.63629999997852
change_aware,1380,contention_steady,8,14.931700000005321,0.706699999994953,14.225000000010368
change_aware,1381,contention_steady,8,27.016099999997323,0.5769999999927222,26.4391000000046
change_aware,1382,contention_steady,8,49.17729999999665,0.39970000000266737,48.77759999999398
change_aware,1383,contention_steady,8,13.385499999998274,0.9356000000195763,12.449899999978697
change_aware,1384,contention_steady,8,25.40249999998423,0.672199999996792,24.730299999987437
change_aware,1385,contention_steady,8,15.763300000003255,3.1175000000018827,12.645800000001373
change_aware,1386,contention_steady,8,32.32439999999315,0.5525999999917985,31.77180000000135
change_aware,1387,contention_steady,8,17.91320000000951,0.3976000000136537,17.515599999995857
change_aware,1388,contention_steady,8,37.779099999994514,0.648500000011154,37.13059999998336
change_aware,1389,contention_steady,8,20.342900000002828,3.605899999996609,16.73700000000622
change_aware,1390,contention_steady,8,20.604699999978493,0.6130999999811593,19.991599999997334
change_aware,1391,contention_steady,8,16.797900000000254,0.5874000000005708,16.210499999999683
change_aware,1392,contention_steady,8,36.93599999999719,0.9266000000138774,36.009399999983316
change_aware,1393,contention_steady,8,13.06500000001165,0.3738000000055308,12.69120000000612
change_aware,1394,contention_steady,8,51.62070000000085,0.5945999999994456,51.026100000001406
change_aware,1395,contention_steady,8,15.528200000005654,0.6490000000098917,14.879199999995762
change_aware,1396,contention_steady,8,20.62380000000985,0.714899999991303,19.908900000018548
change_aware,1397,contention_steady,8,11.909100000025319,0.33849999999802094,11.570600000027298
change_aware,1398,contention_steady,8,15.79420000001619,0.40309999999976753,15.391100000016422
change_aware,1399,contention_steady,8,16.354900000010275,0.5199999999945248,15.83490000001575
change_aware,1400,contention_steady,8,32.78489999999579,0.43879999998353014,32.34610000001226
change_aware,1401,contention_steady,8,17.360999999993965,0.5854000000056203,16.775599999988344
change_aware,1402,contention_steady,8,32.45640000000094,11.510000000015452,20.946399999985488
change_aware,1403,contention_steady,8,30.61629999999127,0.4270000000019536,30.189299999989316
change_aware,1404,contention_steady,8,18.34090000002675,0.5039000000124361,17.837000000014314
change_aware,1405,contention_steady,8,15.5860000000132,0.6693999999924927,14.916600000020708
change_aware,1406,contention_steady,8,33.98509999999533,0.9228999999777443,33.06220000001758
change_aware,1407,contention_steady,8,31.098100000008344,0.533500000017284,30.56459999999106
change_aware,1408,contention_steady,8,20.28619999998682,0.38770000000454274,19.898499999982278
change_aware,1409,contention_steady,8,14.995300000009593,0.25600000000736145,14.739300000002231
change_aware,1410,contention_steady,8,33.98569999998813,13.570799999996552,20.414899999991576
change_aware,1411,contention_steady,8,13.613499999991063,0.569399999989173,13.04410000000189
change_aware,1412,contention_steady,8,34.92210000001705,0.782299999997349,34.139800000019704
change_aware,1413,contention_steady,8,17.41880000000151,0.44910000002573724,16.969699999975774
change_aware,1414,contention_steady,8,47.512599999976146,0.6401999999923191,46.87239999998383
change_aware,1415,contention_steady,8,11.240000000015016,0.6335000000206037,10.606499999994412
change_aware,1416,contention_steady,8,9.324499999991076,0.294099999990749,9.030400000000327
change_aware,1417,contention_steady,8,22.480099999995673,0.5955000000028576,21.884599999992815
change_aware,1418,contention_steady,8,14.412300000003597,0.40480000001252847,14.007499999991069
change_aware,1419,contention_steady,8,16.443600000002334,0.301600000000235,16.1420000000021
change_aware,1420,contention_steady,8,13.779699999986406,0.3698999999812713,13.409800000005134
change_aware,1421,contention_steady,8,34.339299999999184,1.4410999999938667,32.89820000000532
change_aware,1422,contention_steady,8,19.675199999994675,0.3877999999986059,19.28739999999607
change_aware,1423,contention_steady,8,39.76789999998687,0.3700000000037562,39.39789999998311
change_aware,1424,contention_steady,8,38.60620000000381,0.5590000000097461,38.04719999999406
change_aware,1425,contention_steady,8,12.789900000001353,0.9413999999878797,11.848500000013473
change_aware,1426,contention_steady,8,15.483100000011518,0.2657999999939875,15.21730000001753
change_aware,1427,contention_steady,8,24.21730000000366,9.037500000005139,15.179799999998522
change_aware,1428,contention_steady,8,13.769499999995105,0.7713999999907628,12.998100000004342
change_aware,1429,contention_steady,8,40.1416999999924,0.5365000000097098,39.60519999998269
change_aware,1430,contention_steady,8,11.148499999990236,0.5307999999786261,10.61770000001161
change_aware,1431,contention_steady,8,36.74090000001229,0.45600000001400076,36.28489999999829
change_aware,1432,contention_steady,8,17.895799999990913,0.5423000000064349,17.35349999998448
change_aware,1433,contention_steady,8,30.224000000004025,0.743800000009287,29.48019999999474
change_aware,1434,contention_steady,8,28.17070000000399,0.49880000000257496,27.671900000001415
change_aware,1435,contention_steady,8,13.52610000000709,0.3628999999989446,13.163200000008146
change_aware,1436,contention_steady,8,26.020299999998997,0.5906000000095446,25.429699999989452
change_aware,1437,contention_steady,8,11.197000000009893,0.2704999999991742,10.92650000001072
change_aware,1438,contention_steady,8,18.188299999991386,0.40300000000570435,17.785299999985682
change_aware,1439,contention_steady,8,10.760800000014115,1.1771000000067033,9.583700000007411
change_aware,1440,contention_steady,8,47.1456999999873,0.31729999997764935,46.82840000000965
change_aware,1441,contention_steady,8,20.4330999999911,1.1525000000176533,19.280599999973447
change_aware,1442,contention_steady,8,17.34819999998649,0.518499999998312,16.82969999998818
change_aware,1443,contention_steady,8,17.199699999991935,2.006899999997813,15.192799999994122
change_aware,1444,contention_steady,8,24.501299999997173,0.40939999999523025,24.091900000001942
change_aware,1445,contention_steady,8,12.946099999993521,0.6380000000092423,12.308099999984279
change_aware,1446,contention_steady,8,31.629899999984445,0.49039999998967687,31.13949999999477
change_aware,1447,contention_steady,8,25.70140000000265,4.901300000000219,20.80010000000243
change_aware,1448,contention_steady,8,35.65230000000952,0.6223000000034062,35.03000000000611
change_aware,1449,contention_steady,8,16.236800000001494,1.0256000000197218,15.211199999981773
change_aware,1450,contention_steady,8,23.61239999999043,0.6821999999999662,22.930199999990464
change_aware,1451,contention_steady,8,10.675700000007282,0.3963999999996304,10.279300000007652
change_aware,1452,contention_steady,8,15.302399999995941,0.35090000000082,14.951499999995121
change_aware,1453,contention_steady,8,21.543299999990495,0.7624999999791271,20.780800000011368
change_aware,1454,contention_steady,8,30.639100000001918,0.5656000000158201,30.073499999986097
change_aware,1455,contention_steady,8,15.538099999986343,0.43379999999615393,15.10429999999019
change_aware,1456,contention_steady,8,44.411499999995385,0.46429999997599225,43.94720000001939
change_aware,1457,contention_steady,8,17.15970000000766,0.7870000000025357,16.372700000005125
change_aware,1458,contention_steady,8,13.63770000000386,0.4295999999897049,13.208100000014156
change_aware,1459,contention_steady,8,21.395600000005288,0.5136999999990621,20.881900000006226
change_aware,1460,contention_steady,8,22.521900000015194,0.8626999999989948,21.6592000000162
change_aware,1461,contention_steady,8,26.077000000015005,0.5002999999987878,25.576700000016217
change_aware,1462,contention_steady,8,15.659900000002835,0.41269999999826723,15.247200000004568
change_aware,1463,contention_steady,8,39.24890000001824,0.460300000014513,38.788600000003726
change_aware,1464,contention_steady,8,13.854600000001938,0.5612000000212447,13.293399999980693
change_aware,1465,contention_steady,8,15.503199999983508,0.7693000000017491,14.733899999981759
change_aware,1466,contention_steady,8,14.453699999990022,0.38900000001262924,14.064699999977393
change_aware,1467,contention_steady,8,17.533899999989444,0.5146999999965374,17.019199999992907
change_aware,1468,contention_steady,8,27.752200000008997,0.26679999999146276,27.485400000017535
change_aware,1469,contention_steady,8,29.06150000001162,0.5332000000066728,28.528300000004947
change_aware,1470,contention_steady,8,13.329200000015362,0.31150000000934597,13.017700000006016
change_aware,1471,contention_steady,8,15.486399999986133,0.45349999999189095,15.032899999994243
change_aware,1472,contention_steady,8,22.820099999989907,0.9698000000071261,21.85029999998278
change_aware,1473,contention_steady,8,19.011500000004844,0.5121000000087861,18.499399999996058
change_aware,1474,contention_steady,8,18.716399999988198,0.6187999999838212,18.097600000004377
change_aware,1475,contention_steady,8,37.0604999999955,0.7291999999949894,36.33130000000051
change_aware,1476,contention_steady,8,22.15169999999489,0.6906000000128643,21.461099999982025
change_aware,1477,contention_steady,8,19.106299999975818,0.5097999999748026,18.596500000001015
change_aware,1478,contention_steady,8,16.762600000021166,0.6257000000005064,16.13690000002066
change_aware,1479,contention_steady,8,20.430099999998674,1.5650999999934356,18.86500000000524
change_aware,1480,contention_steady,8,11.943800000011606,0.575300000008383,11.368500000003223
change_aware,1481,contention_steady,8,13.084400000025198,1.00350000002436,12.080900000000838
change_aware,1482,contention_steady,8,18.030500000008942,0.4417000000103144,17.588799999998628
change_aware,1483,contention_steady,8,39.73209999998062,0.6857999999851927,39.046299999995426
change_aware,1484,contention_steady,8,23.202800000007073,0.45789999998646636,22.744900000020607
change_aware,1485,contention_steady,8,10.715699999991557,0.80269999997995,9.913000000011607
change_aware,1486,contention_steady,8,14.677300000016658,0.4641000000162876,14.21320000000037
change_aware,1487,contention_steady,8,42.372700000015584,0.37610000001109256,41.99660000000449
change_aware,1488,contention_steady,8,20.780099999996082,0.6390000000067175,20.141099999989365
change_aware,1489,contention_steady,8,19.1182000000083,0.7967999999891617,18.32140000001914
change_aware,1490,contention_steady,8,9.233499999993455,1.0602999999775875,8.173200000015868
change_aware,1491,contention_steady,8,41.48039999998332,0.2321000000051754,41.248299999978144
change_aware,1492,contention_steady,8,22.826799999990044,0.38749999998799467,22.43930000000205
change_aware,1493,contention_steady,8,25.27849999998466,0.49569999998766434,24.782799999996996
change_aware,1494,contention_steady,8,13.523399999996855,0.4804999999805659,13.042900000016289
change_aware,1495,contention_steady,8,24.905899999993153,2.5404000000150972,22.365499999978056
change_aware,1496,contention_steady,8,18.97299999998836,0.876000000005206,18.096999999983154
change_aware,1497,contention_steady,8,14.97969999999782,0.6036999999992076,14.375999999998612
change_aware,1498,contention_steady,8,25.190199999997276,0.7664000000033866,24.42379999999389
change_aware,1499,contention_steady,8,14.49629999999047,0.47409999999104,14.02219999999943
change_aware,1500,contention_steady,8,24.709099999995487,0.6929999999840675,24.01610000001142
change_aware,1501,contention_steady,8,22.832200000010516,0.43830000001321423,22.393899999997302
change_aware,1502,contention_steady,8,21.546699999987595,0.721499999997377,20.825199999990218
change_aware,1503,contention_steady,8,11.186100000003307,0.41780000000812834,10.768299999995179
change_aware,1504,contention_steady,8,8.093999999999824,0.5806000000063705,7.513399999993453
change_aware,1505,contention_steady,8,47.797300000013365,0.8378999999933967,46.95940000001997
change_aware,1506,contention_steady,8,33.59869999999887,0.7999000000040724,32.7987999999948
change_aware,1507,contention_steady,8,16.545800000017152,1.9398000000023785,14.606000000014774
change_aware,1508,contention_steady,8,49.78390000002264,5.579000000011547,44.204900000011094
change_aware,1509,contention_steady,8,16.012499999987995,0.47849999998561543,15.53400000000238
change_aware,1510,contention_steady,8,23.808299999984683,0.7499999999822649,23.05830000000242
change_aware,1511,contention_steady,8,18.022199999990107,0.38069999999379434,17.641499999996313
change_aware,1512,contention_steady,8,27.06150000000207,1.8650000000093314,25.19649999999274
change_aware,1513,contention_steady,8,29.018699999994624,7.322700000003124,21.6959999999915
change_aware,1514,contention_steady,8,20.916599999992513,1.0474000000044725,19.86919999998804
change_aware,1515,contention_steady,8,16.13890000001561,0.38450000002399065,15.75439999999162
change_aware,1516,contention_steady,8,13.23029999997516,0.8159999999861611,12.414299999988998
change_aware,1517,contention_steady,8,8.806800000002113,0.5808000000229185,8.225999999979194
change_aware,1518,contention_steady,8,58.12220000001389,0.5772000000092703,57.54500000000462
change_aware,1519,contention_steady,8,20.831100000009428,0.8587000000090939,19.972400000000334
change_aware,1520,contention_steady,8,21.805999999997994,0.39910000000986656,21.406899999988127
change_aware,1521,contention_steady,8,19.832299999990255,0.6190000000003693,19.213299999989886
change_aware,1522,contention_steady,8,18.606699999992315,0.7557000000133485,17.850999999978967
change_aware,1523,contention_steady,8,17.796699999991006,0.620299999980034,17.176400000010972
change_aware,1524,contention_steady,8,16.054900000000316,3.56410000000551,12.490799999994806
change_aware,1525,contention_steady,8,8.739899999994805,0.4993000000013126,8.240599999993492
change_aware,1526,contention_steady,8,44.182900000009795,0.4974000000004253,43.68550000000937
change_aware,1527,contention_steady,8,23.949399999992238,1.0278000000027987,22.92159999998944
change_aware,1528,contention_steady,8,12.524200000001429,0.6422000000156913,11.881999999985737
change_aware,1529,contention_steady,8,13.099899999986064,0.34690000001091903,12.752999999975145
change_aware,1530,contention_steady,8,29.69949999999244,0.31099999998218664,29.388500000010254
change_aware,1531,contention_steady,8,16.423500000001923,0.6317000000137796,15.791799999988143
change_aware,1532,contention_steady,8,31.966400000015938,0.4032000000222524,31.563199999993685
change_aware,1533,contention_steady,8,24.155800000016825,0.49060000000622495,23.6652000000106
change_aware,1534,contention_steady,8,12.921599999998534,0.44710000000236505,12.47449999999617
change_aware,1535,contention_steady,8,29.658399999988205,0.9600999999861415,28.698300000002064
change_aware,1536,contention_steady,8,33.13620000000128,0.41699999999877946,32.7192000000025
change_aware,1537,contention_steady,8,38.42489999999543,0.7743000000175471,37.650599999977885
change_aware,1538,contention_steady,8,13.740800000022091,0.31600000002640627,13.424799999995685
change_aware,1539,contention_steady,8,16.061000000007652,3.6472999999830336,12.413700000024619
change_aware,1540,contention_steady,8,45.2918000000011,0.42419999999765423,44.86760000000345
change_aware,1541,contention_steady,8,34.98599999997509,0.9409999999832053,34.04499999999189
change_aware,1542,contention_steady,8,8.794999999992115,0.38440000000150576,8.410599999990609
change_aware,1543,contention_steady,8,8.460799999994606,0.37230000000931796,8.088499999985288
change_aware,1544,contention_steady,8,56.10179999999332,5.912700000010318,50.189099999983
change_aware,1545,contention_steady,8,13.756000000000768,0.47190000000796317,13.284099999992804
change_aware,1546,contention_steady,8,12.384899999972276,0.2620999999862761,12.122799999986
change_aware,1547,contention_steady,8,8.250000000003865,0.34039999999890824,7.909600000004957
change_aware,1548,contention_steady,8,15.415399999994861,0.20179999998504172,15.21360000000982
change_aware,1549,contention_steady,8,10.216200000002118,0.5791000000101576,9.63709999999196
change_aware,1550,contention_steady,8,27.06230000001142,0.3604999999993197,26.7018000000121
change_aware,1551,contention_steady,8,22.88599999999974,0.4787999999962267,22.407200000003513
change_aware,1552,contention_steady,8,50.64029999999775,0.4596999999932905,50.18060000000446
change_aware,1553,contention_steady,8,40.908099999995784,0.6061999999928958,40.30190000000289
change_aware,1554,contention_steady,8,43.978399999986095,0.33959999998955936,43.638799999996536
change_aware,1555,contention_steady,8,34.504900000001726,0.8462000000122316,33.658699999989494
change_aware,1556,contention_steady,8,13.545199999981605,0.29879999999593565,13.24639999998567
change_aware,1557,contention_steady,8,33.83099999999217,2.8537000000028456,30.977299999989327
change_aware,1558,contention_steady,8,25.497900000004847,0.5551000000139084,24.94279999999094
change_aware,1559,contention_steady,8,30.710800000008476,0.5558000000007723,30.155000000007703
change_aware,1560,contention_steady,8,9.923600000007582,0.6312999999806834,9.292300000026898
change_aware,1561,contention_steady,8,14.55789999999979,0.4575000000102136,14.100399999989577
change_aware,1562,contention_steady,8,22.61819999998238,0.6362999999964813,21.9818999999859
change_aware,1563,contention_steady,8,26.405100000005177,0.36780000002067936,26.037299999984498
change_aware,1564,contention_steady,8,20.559700000006842,0.5222000000060234,20.03750000000082
change_aware,1565,contention_steady,8,14.332400000000689,0.5920000000116943,13.740399999988995
change_aware,1566,contention_steady,8,30.65839999999298,1.4163999999823318,29.24200000001065
change_aware,1567,contention_steady,8,14.51439999999593,0.43880000001195185,14.075599999983979
change_aware,1568,contention_steady,8,17.51349999997842,0.910500000003367,16.602999999975054
change_aware,1569,contention_steady,8,20.644000000004326,0.6807999999978165,19.96320000000651
change_aware,1570,contention_steady,8,20.178900000018984,10.202300000003106,9.976600000015878
change_aware,1571,contention_steady,8,15.961099999998396,0.29289999997672567,15.66820000002167
change_aware,1572,contention_steady,8,25.879500000002054,3.8311999999791624,22.04830000002289
change_aware,1573,contention_steady,8,23.791600000009794,0.8238000000062584,22.967800000003535
change_aware,1574,contention_steady,8,17.747499999984484,1.7488999999955013,15.998599999988983
change_aware,1575,contention_steady,8,16.332099999999627,0.35710000000221953,15.974999999997408
change_aware,1576,contention_steady,8,9.887700000007271,0.3383000000098946,9.549399999997377
change_aware,1577,contention_steady,8,15.254800000008117,0.44779999998922904,14.807000000018888
change_aware,1578,contention_steady,8,26.312900000021955,0.43960000002130073,25.873300000000654
change_aware,1579,contention_steady,8,18.164800000022296,1.399399999996831,16.765400000025465
change_aware,1580,contention_steady,8,53.23609999999235,0.42740000000662803,52.80869999998572
change_aware,1581,contention_steady,8,24.68379999999115,1.8215999999995347,22.862199999991617
change_aware,1582,contention_steady,8,10.391200000015033,0.40690000000154214,9.98430000001349
change_aware,1583,contention_steady,8,30.427400000007765,4.746000000011463,25.6813999999963
change_aware,1584,contention_steady,8,17.946700000010196,0.6294000000082178,17.31730000000198
change_aware,1585,contention_steady,8,43.98219999998787,0.8562999999810472,43.12590000000682
change_aware,1586,contention_steady,8,25.08860000000368,1.0053999999968255,24.083200000006855
change_aware,1587,contention_steady,8,19.04279999999403,0.32179999999470965,18.72099999999932
change_aware,1588,contention_steady,8,15.53119999999808,0.6190000000003693,14.91219999999771
change_aware,1589,contention_steady,8,29.319299999997384,7.395699999989347,21.923600000008037
change_aware,1590,contention_steady,8,32.50589999998965,1.0017999999831773,31.504100000006474
change_aware,1591,contention_steady,8,17.114899999995714,0.43830000001321423,16.6765999999825
change_aware,1592,contention_steady,8,23.283399999996846,0.35760000000095715,22.92579999999589
change_aware,1593,contention_steady,8,11.200099999996382,0.3629999999930078,10.837100000003375
change_aware,1594,contention_steady,8,49.172400000003336,0.70180000000164,48.470600000001696
change_aware,1595,contention_steady,8,18.791800000002468,0.5859000000043579,18.20589999999811
change_aware,1596,contention_steady,8,48.95440000001372,0.3790000000094551,48.575400000004265
change_aware,1597,contention_steady,8,13.76709999999548,0.32960000001480694,13.437499999980673
change_aware,1598,contention_steady,8,17.01189999999997,0.5206000000157474,16.49129999998422
change_aware,1599,contention_steady,8,31.27399999999625,17.852599999997665,13.421399999998584
change_aware,1600,contention_steady,8,27.372700000000805,0.9483999999986281,26.424300000002177
change_aware,1601,contention_steady,8,11.930000000006658,0.5332000000066728,11.396799999999985
change_aware,1602,contention_steady,8,17.609999999990578,0.5829999999775737,17.027000000013004
change_aware,1603,contention_steady,8,30.68159999997988,0.4116999999723703,30.26990000000751
change_aware,1604,contention_steady,8,15.675700000002735,0.3906000000029053,15.28509999999983
change_aware,1605,contention_steady,8,31.060499999995272,0.5241000000069107,30.53639999998836
change_aware,1606,contention_steady,8,18.036199999983182,0.5132999999943877,17.522899999988795
change_aware,1607,contention_steady,8,14.719700000000557,0.3764000000217038,14.343299999978854
change_aware,1608,contention_steady,8,16.031400000002805,0.37669999997547166,15.654700000027333
change_aware,1609,contention_steady,8,19.121499999982916,0.38319999998748244,18.738299999995434
change_aware,1610,contention_steady,8,29.842599999994945,0.7549999999980628,29.087599999996883
change_aware,1611,contention_steady,8,26.291500000013457,1.043800000019246,25.24769999999421
change_aware,1612,contention_steady,8,25.702099999989514,0.6997999999782678,25.002300000011246
change_aware,1613,contention_steady,8,13.599900000002663,1.232700000002751,12.367199999999912
change_aware,1614,contention_steady,8,18.183800000002748,0.3925999999978558,17.791200000004892
change_aware,1615,contention_steady,8,25.937700000014274,0.6915000000162763,25.246199999997998
change_aware,1616,contention_steady,8,15.404200000006085,0.3404999999929714,15.063700000013114
change_aware,1617,contention_steady,8,30.47890000001985,1.4211000000159402,29.05780000000391
change_aware,1618,contention_steady,8,26.068600000002107,0.5395000000021355,25.52909999999997
change_aware,1619,contention_steady,8,13.263599999987719,0.5731999999909476,12.690399999996771
change_aware,1620,contention_steady,8,28.345699999988483,1.0497000000100343,27.29599999997845
change_aware,1621,contention_steady,8,10.867500000017571,0.3566000000034819,10.51090000001409
change_aware,1622,contention_steady,8,18.913100000020222,0.43870000001788867,18.474400000002333
change_aware,1623,contention_steady,8,44.13869999999065,22.488100000003897,21.650599999986753
change_aware,1624,contention_steady,8,25.30100000001312,0.6054000000119686,24.69560000000115
change_aware,1625,contention_steady,8,18.825399999997217,0.4027999999891563,18.42260000000806
change_aware,1626,contention_steady,8,37.35829999999396,0.4070999999896685,36.95120000000429
change_aware,1627,contention_steady,8,24.355099999979757,0.7206999999880281,23.63439999999173
change_aware,1628,contention_steady,8,25.471300000020847,3.8226000000065596,21.648700000014287
change_aware,1629,contention_steady,8,26.89140000001089,0.8060000000114087,26.08539999999948
change_aware,1630,contention_steady,8,11.483200000014904,0.8081000000004224,10.675100000014481
change_aware,1631,contention_steady,8,14.347200000003113,0.38699999998925705,13.960200000013856
change_aware,1632,contention_steady,8,38.688299999989795,4.1520000000048185,34.536299999984976
change_aware,1633,contention_steady,8,15.407399999986637,0.6436999999834825,14.763700000003155
change_aware,1634,contention_steady,8,16.372399999994514,0.35130000000549444,16.02109999998902
change_aware,1635,contention_steady,8,17.37469999997643,0.4882999999722415,16.886400000004187
change_aware,1636,contention_steady,8,28.05719999997791,0.4588999999839416,27.59829999999397
change_aware,1637,contention_steady,8,16.146899999995412,0.3504000000020824,15.79649999999333
change_aware,1638,contention_steady,8,19.244999999983747,0.2977000000043972,18.94729999997935
change_aware,1639,contention_steady,8,14.98250000000212,0.7653000000118482,14.217199999990271
change_aware,1640,contention_steady,8,48.44339999999647,0.5180999999936375,47.925300000002835
change_aware,1641,contention_steady,8,17.628000000001975,0.47900000001277476,17.1489999999892
change_aware,1642,contention_steady,8,19.93389999998385,0.31089999998812345,19.622999999995727
change_aware,1643,contention_steady,8,18.021800000013855,2.8957000000104927,15.126100000003362
change_aware,1644,contention_steady,8,25.550400000014406,2.9928000000154498,22.557599999998956
change_aware,1645,contention_steady,8,16.576200000002927,0.26440000002025954,16.311799999982668
change_aware,1646,contention_steady,8,32.56579999998621,4.076599999990549,28.489199999995662
change_aware,1647,contention_steady,8,19.99599999999191,0.3976000000136537,19.598399999978255
change_aware,1648,contention_steady,8,15.66230000000246,0.2934999999979482,15.368800000004512
change_aware,1649,contention_steady,8,14.289899999994304,0.5452999999988606,13.744599999995444
change_aware,1650,contention_steady,8,24.523199999975986,0.4244999999798438,24.098699999996143
change_aware,1651,contention_steady,8,20.98659999998631,0.39010000000416767,20.596499999982143
change_aware,1652,contention_steady,8,20.75060000001372,0.542400000000498,20.20820000001322
change_aware,1653,contention_steady,8,36.289099999976315,5.8158999999875505,30.473199999988765
change_aware,1654,contention_steady,8,12.064799999990328,0.46549999999001557,11.599300000000312
change_aware,1655,contention_steady,8,30.433399999992616,0.5788999999936095,29.854499999999007
change_aware,1656,contention_steady,8,16.64890000000696,0.4626999999857162,16.186200000021245
change_aware,1657,contention_steady,8,20.631299999990915,1.0285999999837259,19.60270000000719
change_aware,1658,contention_steady,8,12.13970000000586,0.30399999999985994,11.835700000006
change_aware,1659,contention_steady,8,18.9672999999857,0.47720000000595064,18.490099999979748
change_aware,1660,contention_steady,8,17.789600000014616,0.517800000011448,17.271800000003168
change_aware,1661,contention_steady,8,30.256400000013173,0.4878000000019256,29.768600000011247
change_aware,1662,contention_steady,8,20.796300000000656,0.6023999999911211,20.193900000009535
change_aware,1663,contention_steady,8,40.492200000016965,0.7769999999993615,39.7152000000176
change_aware,1664,contention_steady,8,17.009000000001606,0.41129999999611755,16.59770000000549
change_aware,1665,contention_steady,8,33.8265999999976,0.7069999999771426,33.119600000020455
change_aware,1666,contention_steady,8,21.319199999993543,0.5216999999788641,20.79750000001468
change_aware,1667,contention_steady,8,35.66150000000334,0.5380999999999858,35.12340000000336
change_aware,1668,contention_steady,8,23.389800000018113,0.3080000000181826,23.08179999999993
change_aware,1669,contention_steady,8,35.181800000003705,0.7887000000152966,34.39309999998841
change_aware,1670,contention_steady,8,28.056800000001658,0.49000000001342414,27.566799999988234
change_aware,1671,contention_steady,8,38.90460000002349,0.5627000000174576,38.341900000006035
change_aware,1672,contention_steady,8,33.89789999999948,0.7841000000041731,33.11379999999531
change_aware,1673,contention_steady,8,14.83279999999354,0.41899999999372994,14.41379999999981
change_aware,1674,contention_steady,8,19.45019999999431,0.5005999999809774,18.949600000013334
change_aware,1675,contention_steady,8,14.574000000010301,0.6952999999896292,13.878700000020672
change_aware,1676,contention_steady,8,31.993800000009287,0.4504999999994652,31.543300000009822
change_aware,1677,contention_steady,8,19.209899999992786,0.6743999999798689,18.535500000012917
change_aware,1678,contention_steady,8,31.363699999985784,1.4761999999848285,29.887500000000955
change_aware,1679,contention_steady,8,29.89159999998492,0.34919999998805906,29.54239999999686
change_aware,1680,contention_steady,8,16.99690000000942,0.4054000000053293,16.59150000000409
change_aware,1681,contention_steady,8,16.658699999993587,0.5037999999899512,16.154900000003636
change_aware,1682,contention_steady,8,27.325500000017655,6.210900000013453,21.114600000004202
change_aware,1683,contention_steady,8,31.80969999999661,0.697599999995191,31.11210000000142
change_aware,1684,contention_steady,8,11.643600000013521,0.35840000001030603,11.285200000003215
change_aware,1685,contention_steady,8,12.246699999991506,0.5185999999923752,11.72809999999913
change_aware,1686,contention_steady,8,14.762399999995068,0.5443000000013853,14.218099999993683
change_aware,1687,contention_steady,8,40.71189999999092,0.6778999999994539,40.033999999991465
change_aware,1688,contention_steady,8,34.535699999992175,9.55089999999359,24.984799999998586
change_aware,1689,contention_steady,8,30.698400000005677,0.34270000000447,30.355700000001207
change_aware,1690,contention_steady,8,12.856800000008661,0.9900000000016007,11.86680000000706
change_aware,1691,contention_steady,8,13.297899999997753,0.7942999999954736,12.50360000000228
change_aware,1692,contention_steady,8,22.81279999999697,9.902999999980011,12.909800000016958
change_aware,1693,contention_steady,8,33.21610000000419,0.41070000000331675,32.80540000000087
change_aware,1694,contention_steady,8,32.39999999999554,0.8451000000206932,31.55489999997485
change_aware,1695,contention_steady,8,28.843899999998257,0.5088999999998123,28.334999999998445
change_aware,1696,contention_steady,8,14.747400000004518,0.34030000000484506,14.407099999999673
change_aware,1697,contention_steady,8,25.06429999999682,0.7256999999754044,24.338600000021415
change_aware,1698,contention_steady,8,11.984400000017104,1.0911000000248805,10.893299999992223
change_aware,1699,contention_steady,8,20.132599999982403,0.4552000000046519,19.67739999997775
change_aware,1700,contention_steady,8,19.25520000000347,0.3642000000070311,18.89099999999644
change_aware,1701,contention_steady,8,29.7503999999833,0.9718999999961397,28.77849999998716
change_aware,1702,contention_steady,8,25.269899999983636,0.5563999999935731,24.713499999990063
change_aware,1703,contention_steady,8,17.491000000006807,0.4033000000163156,17.08769999999049
change_aware,1704,contention_steady,8,15.60129999998594,0.4371999999932541,15.164099999992686
change_aware,1705,contention_steady,8,9.903299999990622,0.5098999999972875,9.393399999993335
change_aware,1706,contention_steady,8,16.024099999981445,4.963699999990467,11.060399999990977
change_aware,1707,contention_steady,8,24.211500000006936,0.3636000000142303,23.847899999992705
change_aware,1708,contention_steady,8,34.12750000001097,0.6804000000215638,33.447099999989405
change_aware,1709,contention_steady,8,20.368300000001227,0.5903999999929965,19.77790000000823
change_aware,1710,contention_steady,8,37.0221000000015,0.474799999977904,36.5473000000236
change_aware,1711,contention_steady,8,16.518500000017866,0.5148000000190223,16.003699999998844
change_aware,1712,contention_steady,8,50.097100000016326,0.24630000001479857,49.85080000000153
change_aware,1713,contention_steady,8,16.061399999983905,0.6017000000042572,15.459699999979648
change_aware,1714,contention_steady,8,31.671499999987418,0.4346000000055028,31.236899999981915
change_aware,1715,contention_steady,8,13.603199999977278,0.3865999999845826,13.216599999992695
change_aware,1716,contention_steady,8,29.0518999999847,1.7698000000052616,27.282099999979437
change_aware,1717,contention_steady,8,15.19729999998276,0.7101999999861164,14.487099999996644
change_aware,1718,contention_steady,8,16.282599999982494,0.5478999999866119,15.734699999995883
change_aware,1719,contention_steady,8,19.40890000000195,0.7397000000253229,18.669199999976627
change_aware,1720,contention_steady,8,24.082099999986895,0.5404000000055476,23.541699999981347
change_aware,1721,contention_steady,8,13.989399999985608,0.38179999998533276,13.607600000000275
change_aware,1722,contention_steady,8,45.37769999998886,0.5313999999998487,44.846299999989014
change_aware,1723,contention_steady,8,15.225299999997333,0.5102000000078988,14.715099999989434
change_aware,1724,contention_steady,8,30.846099999990884,0.695199999995566,30.150899999995318
change_aware,1725,contention_steady,8,18.50909999998862,1.0905999999977212,17.4184999999909
change_aware,1726,contention_steady,8,13.405900000009296,0.4902999999956137,12.915600000013683
change_aware,1727,contention_steady,8,19.000500000004195,0.6677000000081534,18.33279999999604
change_aware,1728,contention_steady,8,24.9450999999965,0.5409000000042852,24.404199999992215
change_aware,1729,contention_steady,8,12.305400000002464,0.6563000000028296,11.649099999999635
change_aware,1730,contention_steady,8,43.598900000006324,0.4073000000062166,43.19160000000011
change_aware,1731,contention_steady,8,33.879600000005894,0.7913000000030479,33.088300000002846
change_aware,1732,contention_steady,8,8.657100000021956,0.6019000000208052,8.05520000000115
change_aware,1733,contention_steady,8,22.028300000016543,0.535900000016909,21.492399999999634
change_aware,1734,contention_steady,8,27.96449999999595,13.11049999998204,14.854000000013912
change_aware,1735,contention_steady,8,38.92260000000647,1.4275999999995292,37.49500000000694
change_aware,1736,contention_steady,8,17.500600000005306,0.6894999999929041,16.811100000012402
change_aware,1737,contention_steady,8,23.567900000017517,0.673200000022689,22.894699999994828
change_aware,1738,contention_steady,8,17.413899999979776,0.8284999999830234,16.585399999996753
change_aware,1739,contention_steady,8,28.731999999990876,1.0735999999837986,27.658400000007077
change_aware,1740,contention_steady,8,19.97850000000767,0.42540000001167755,19.553099999995993
change_aware,1741,contention_steady,8,15.473899999989271,0.48110000000178843,14.992799999987483
change_aware,1742,contention_steady,8,17.806900000010728,4.390100000023267,13.416799999987461
change_aware,1743,contention_steady,8,22.94820000000186,0.48979999999687607,22.458400000004985
change_aware,1744,contention_steady,8,16.985199999993483,0.3753000000017437,16.60989999999174
change_aware,1745,contention_steady,8,40.95920000000319,0.7798000000036609,40.17939999999953
change_aware,1746,contention_steady,8,12.182700000010982,0.4672999999968397,11.715400000014142
change_aware,1747,contention_steady,8,46.98580000001584,0.9124999999983174,46.073300000017525
change_aware,1748,contention_steady,8,15.344100000021399,0.7918999999958487,14.55220000002555
change_aware,1749,contention_steady,8,49.61360000001491,0.8313000000157444,48.78229999999917
change_aware,1750,contention_steady,8,14.962999999994508,0.8418000000176562,14.121199999976852
change_aware,1751,contention_steady,8,32.55210000000375,15.90500000000361,16.647100000000137
change_aware,1752,contention_steady,8,9.977599999984932,0.5083000000070115,9.46929999997792
change_aware,1753,contention_steady,8,30.907400000018015,0.5059000000073866,30.40150000001063
change_aware,1754,contention_steady,8,15.087399999998752,0.5113999999935004,14.576000000005251
change_aware,1755,contention_steady,8,43.0767000000003,0.3074999999910233,42.76920000000928
change_aware,1756,contention_steady,8,16.597300000000814,0.5119999999863012,16.085300000014513
change_aware,1757,contention_steady,8,42.92689999999766,0.6717999999921176,42.25510000000554
change_aware,1758,contention_steady,8,8.46119999999928,0.24470000002452252,8.216499999974758
change_aware,1759,contention_steady,8,24.993500000022095,0.3868000000011307,24.606700000020965
change_aware,1760,contention_steady,8,23.338400000000092,10.216399999990244,13.122000000009848
change_aware,1761,contention_steady,8,25.60169999998152,0.46239999997510495,25.139300000006415
change_aware,1762,contention_steady,8,10.318699999999126,0.6314999999972315,9.687200000001894
change_aware,1763,contention_steady,8,19.6538000000146,0.183999999990192,19.469800000024406
change_aware,1764,contention_steady,8,15.31080000000884,0.4620999999929154,14.848700000015924
change_aware,1765,contention_steady,8,20.147399999984827,0.6628999999804819,19.484500000004346
change_aware,1766,contention_steady,8,22.882100000003902,0.6630000000029668,22.219100000000935
change_aware,1767,contention_steady,8,15.266299999979083,0.7441999999855398,14.522099999993543
change_aware,1768,contention_steady,8,19.400600000011536,0.7520999999997002,18.648500000011836
change_aware,1769,contention_steady,8,27.577299999990146,0.476700000007213,27.100599999982933
change_aware,1770,contention_steady,8,8.708900000016229,0.48929999999813845,8.21960000001809
change_aware,1771,contention_steady,8,13.780499999995754,0.24940000000128748,13.531099999994467
change_aware,1772,contention_steady,8,22.984800000017458,0.8008000000074844,22.184000000009974
change_aware,1773,contention_steady,8,15.400300000010247,0.3982000000064545,15.002100000003793
change_aware,1774,contention_steady,8,60.48139999998625,0.3328999999894222,60.14849999999683
change_aware,1775,contention_steady,8,20.52409999998872,0.6452999999737585,19.878800000014962
change_aware,1776,contention_steady,8,45.67330000000425,0.5856999999878099,45.08760000001644
change_aware,1777,contention_steady,8,19.554300000010016,0.5280999999968117,19.026200000013205
change_aware,1778,contention_steady,8,38.77979999998615,0.6601999999986674,38.119599999987486
change_aware,1779,contention_steady,8,13.734499999998206,1.1810999999966043,12.553400000001602
change_aware,1780,contention_steady,8,29.22399999999925,0.6185000000016316,28.60549999999762
change_aware,1781,contention_steady,8,14.49009999998907,0.5719999999769243,13.918100000012146
change_aware,1782,contention_steady,8,34.36010000001488,0.5696999999997843,33.7904000000151
change_aware,1783,contention_steady,8,18.630999999999176,0.38689999999519387,18.244100000003982
change_aware,1784,contention_steady,8,19.965100000007396,0.7757000000196967,19.1893999999877
change_aware,1785,contention_steady,8,17.27130000000443,0.37320000001273,16.8980999999917
change_aware,1786,contention_steady,8,25.985800000000836,0.5015000000128111,25.484299999988025
change_aware,1787,contention_steady,8,16.80689999997753,2.618099999978085,14.188799999999446
change_aware,1788,contention_steady,8,21.02529999999092,3.485899999986941,17.53940000000398
change_aware,1789,contention_steady,8,20.350999999976693,0.46589999999469,19.885099999982003
change_aware,1790,contention_steady,8,41.03619999997932,0.40809999998714375,40.62809999999217
change_aware,1791,contention_steady,8,16.182600000007596,0.3817000000196913,15.800899999987905
change_aware,1792,contention_steady,8,38.34399999999505,0.5318999999985863,37.81209999999646
change_aware,1793,contention_steady,8,18.913999999995212,0.5936999999960335,18.32029999999918
change_aware,1794,contention_steady,8,29.763199999990775,0.2550000000098862,29.50819999998089
change_aware,1795,contention_steady,8,12.87400000001071,0.3960999999890191,12.477900000021691
change_aware,1796,contention_steady,8,22.097000000002254,0.7341999999823656,21.362800000019888
change_aware,1797,contention_steady,8,24.968300000011823,0.40300000000570435,24.56530000000612
change_aware,1798,contention_steady,8,23.32930000000033,1.1714999999981046,22.157800000002226
change_aware,1799,contention_steady,8,20.48030000000267,0.6922000000031403,19.78809999999953
change_aware,1800,contention_steady,8,21.21120000001042,0.7568000000048869,20.454400000005535
change_aware,1801,contention_steady,8,32.69460000001345,0.33320000000003347,32.36140000001342
change_aware,1802,contention_steady,8,27.236499999986563,0.5372999999906369,26.699199999995926
change_aware,1803,contention_steady,8,11.714999999981046,0.6596999999999298,11.055299999981116
change_aware,1804,contention_steady,8,27.968600000008337,0.44130000000563996,27.527300000002697
change_aware,1805,contention_steady,8,25.035900000005995,0.4564999999843167,24.57940000002168
change_aware,1806,contention_steady,8,28.182100000009314,0.29680000000098516,27.88530000000833
change_aware,1807,contention_steady,8,15.55159999998068,0.47209999999608954,15.079499999984591
change_aware,1808,contention_steady,8,22.482499999995298,0.6874999999979536,21.794999999997344
change_aware,1809,contention_steady,8,23.617000000001553,1.557999999988624,22.05900000001293
change_aware,1810,contention_steady,8,26.829699999979084,3.452899999984993,23.37679999999409
change_aware,1811,contention_steady,8,8.084799999977577,0.5452999999988606,7.539499999978716
change_aware,1812,contention_steady,8,18.80260000001499,0.47660000001314984,18.32600000000184
change_aware,1813,contention_steady,8,29.516499999999724,0.6364999999846077,28.880000000015116
change_aware,1814,contention_steady,8,17.28570000000218,6.188299999990932,11.097400000011248
change_aware,1815,contention_steady,8,15.390199999984588,0.4844999999988886,14.9056999999857
change_aware,1816,contention_steady,8,29.7463999999934,0.6894999999929041,29.056900000000496
change_aware,1817,contention_steady,8,21.153199999986327,0.5096999999807394,20.643500000005588
change_aware,1818,contention_steady,8,21.447300000005498,0.4504999999994652,20.996800000006033
change_aware,1819,contention_steady,8,14.149000000003298,0.6867999999826679,13.46220000002063
change_aware,1820,contention_steady,8,34.651500000023816,0.8219999999994343,33.82950000002438
change_aware,1821,contention_steady,8,13.369100000005574,0.3504000000020824,13.018700000003491
change_aware,1822,contention_steady,8,15.527900000023465,1.0769000000152573,14.451000000008207
change_aware,1823,contention_steady,8,14.669100000020308,0.4173000000093907,14.251800000010917
change_aware,1824,contention_steady,8,56.192999999979065,0.4703999999833286,55.72259999999574
change_aware,1825,contention_steady,8,20.23959999999647,3.3137000000067474,16.925899999989724
change_aware,1826,contention_steady,8,36.10120000001871,0.5929000000151063,35.5083000000036
change_aware,1827,contention_steady,8,28.953400000006013,0.8861000000024433,28.06730000000357
change_aware,1828,contention_steady,8,25.915099999991753,1.3460000000122818,24.56909999997947
change_aware,1829,contention_steady,8,18.389399999989564,0.5873000000065076,17.802099999983056
change_aware,1830,contention_steady,8,22.339999999985594,0.5979999999965457,21.741999999989048
change_aware,1831,contention_steady,8,31.912699999992356,0.533300000000736,31.37939999999162
change_aware,1832,contention_steady,8,9.706399999998894,1.1240000000043437,8.58239999999455
change_aware,1833,contention_steady,8,49.25199999999563,0.32880000000545806,48.923199999990175
change_aware,1834,contention_steady,8,15.461099999981798,0.599699999980885,14.861400000000913
change_aware,1835,contention_steady,8,34.91689999998471,1.626299999998082,33.290599999986625
change_aware,1836,contention_steady,8,18.400799999994888,0.4338999999902171,17.96690000000467
change_aware,1837,contention_steady,8,54.29929999999672,0.5041999999946256,53.795100000002094
change_aware,1838,contention_steady,8,10.047200000002476,0.6574999999884312,9.389700000014045
change_aware,1839,contention_steady,8,26.836400000007643,0.5007000000034623,26.33570000000418
change_aware,1840,contention_steady,8,20.054099999981645,1.1646999999754826,18.889400000006162
change_aware,1841,contention_steady,8,24.935400000003938,10.780899999986104,14.154500000017833
change_aware,1842,contention_steady,8,17.492900000007694,0.5179000000055112,16.975000000002183
change_aware,1843,contention_steady,8,28.486999999984164,0.6127000000049065,27.874299999979257
change_aware,1844,contention_steady,8,13.65350000000376,0.2760000000137097,13.37749999999005
change_aware,1845,contention_steady,8,47.03689999999483,0.41069999997489504,46.626200000019935
change_aware,1846,contention_steady,8,20.138799999983803,0.5947999999875719,19.54399999999623
change_aware,1847,contention_steady,8,14.334899999994377,0.31289999998307394,14.022000000011303
change_aware,1848,contention_steady,8,49.24940000000788,0.4391999999882046,48.81020000001968
change_aware,1849,contention_steady,8,15.080899999986741,0.7951000000048225,14.285799999981919
change_aware,1850,contention_steady,8,55.81340000000523,0.5807000000004336,55.2327000000048
change_aware,1851,contention_steady,8,11.45120000001043,0.5873000000065076,10.863900000003923
change_aware,1852,contention_steady,8,52.27500000000873,0.35379999999918255,51.92120000000955
change_aware,1853,contention_steady,8,13.422499999990123,0.2417000000036751,13.180799999986448
change_aware,1854,contention_steady,8,31.550800000019308,2.146700000025703,29.404099999993605
change_aware,1855,contention_steady,8,49.57799999999679,36.56570000001125,13.012299999985544
change_aware,1856,contention_steady,8,6.668999999988046,0.42550000000574073,6.243499999982305
change_aware,1857,contention_steady,8,47.99489999999196,0.2881000000058975,47.70679999998606
change_aware,1858,contention_steady,8,11.109799999985626,0.7468000000017128,10.362999999983913
change_aware,1859,contention_steady,8,34.59430000000907,1.1665000000107284,33.42779999999834
change_aware,1860,contention_steady,8,15.610799999990377,0.6248999999911575,14.98589999999922
change_aware,1861,contention_steady,8,48.767800000007355,1.271400000007361,47.496399999999994
change_aware,1862,contention_steady,8,16.525799999982382,0.8205999999972846,15.705199999985098
change_aware,1863,contention_steady,8,40.58449999999425,0.49580000001014923,40.0886999999841
change_aware,1864,contention_steady,8,18.50590000000807,0.31810000001541994,18.18779999999265
change_aware,1865,contention_steady,8,39.87470000001281,0.83090000001107,39.04380000000174
change_aware,1866,contention_steady,8,30.284399999999323,0.5744000000049709,29.709999999994352
change_aware,1867,contention_steady,8,32.76069999998299,1.2562000000002627,31.504499999982727
change_aware,1868,contention_steady,8,28.19359999998028,0.4935000000045875,27.70009999997569
change_aware,1869,contention_steady,8,12.483900000006543,0.30019999999808533,12.183700000008457
change_aware,1870,contention_steady,8,10.656100000005608,0.3112999999927979,10.34480000001281
change_aware,1871,contention_steady,8,15.185200000018995,0.7141000000103759,14.471100000008619
change_aware,1872,contention_steady,8,30.040900000017245,0.509600000015098,29.531300000002147
change_aware,1873,contention_steady,8,17.3671000000013,1.5532999999834374,15.813800000017864
change_aware,1874,contention_steady,8,17.012099999988095,0.4147999999872809,16.597300000000814
change_aware,1875,contention_steady,8,33.90540000000897,15.081100000003289,18.824300000005678
change_aware,1876,contention_steady,8,37.63890000001879,0.5283000000133597,37.110600000005434
change_aware,1877,contention_steady,8,12.143299999991086,0.3922999999872445,11.751000000003842
change_aware,1878,contention_steady,8,33.4345000000269,2.1948000000122647,31.239700000014636
change_aware,1879,contention_steady,8,14.97009999999932,0.31990000002224406,14.650199999977076
change_aware,1880,contention_steady,8,16.94839999998976,0.466599999981554,16.481800000008207
change_aware,1881,contention_steady,8,17.95729999997775,0.41439999998260646,17.542899999995143
change_aware,1882,contention_steady,8,32.2354000000189,12.203300000010131,20.032100000008768
change_aware,1883,contention_steady,8,15.895900000003849,0.5431000000157837,15.352799999988065
change_aware,1884,contention_steady,8,36.19069999999169,0.39970000000266737,35.790999999989026
change_aware,1885,contention_steady,8,17.315499999995154,0.9204999999781194,16.395000000017035
change_aware,1886,contention_steady,8,35.02989999998363,0.6558999999981552,34.37399999998547
change_aware,1887,contention_steady,8,12.625799999995024,0.508599999989201,12.117200000005823
change_aware,1888,contention_steady,8,17.322200000023713,0.5552000000079715,16.76700000001574
change_aware,1889,contention_steady,8,15.720400000020618,1.1894000000154392,14.531000000005179
change_aware,1890,contention_steady,8,30.896200000000817,4.597200000006296,26.29899999999452
change_aware,1891,contention_steady,8,15.190300000000434,0.5168000000139727,14.673499999986461
change_aware,1892,contention_steady,8,16.76729999999793,0.5217000000072858,16.245599999990645
change_aware,1893,contention_steady,8,17.23540000000412,0.4748000000063257,16.760599999997794
change_aware,1894,contention_steady,8,43.19680000000403,0.43740000000980217,42.75939999999423
change_aware,1895,contention_steady,8,16.26319999999737,0.35389999999324573,15.909300000004123
change_aware,1896,contention_steady,8,27.648100000021714,0.7299000000102751,26.91820000001144
change_aware,1897,contention_steady,8,11.902299999974275,0.6913999999937914,11.210899999980484
change_aware,1898,contention_steady,8,19.655900000003612,0.23479999998698986,19.421100000016622
change_aware,1899,contention_steady,8,29.683499999975993,0.3692999999884705,29.314199999987522
change_aware,1900,contention_steady,8,14.60229999997864,0.35889999998062194,14.243399999998019
change_aware,1901,contention_steady,8,18.77890000000093,0.5682999999976346,18.210600000003296
change_aware,1902,contention_steady,8,25.12679999998113,1.010499999978265,24.116300000002866
change_aware,1903,contention_steady,8,67.83430000001545,0.9831000000133372,66.85120000000211
change_aware,1904,contention_steady,8,14.70820000000117,0.5661000000145577,14.142099999986613
change_aware,1905,contention_steady,8,34.00670000002037,0.6590000000130658,33.34770000000731
change_aware,1906,contention_steady,8,16.296400000015865,2.451300000018364,13.845099999997501
change_aware,1907,contention_steady,8,47.286799999994855,1.6700999999841315,45.616700000010724
change_aware,1908,contention_steady,8,17.574300000006815,0.5486999999959608,17.025600000010854
change_aware,1909,contention_steady,8,18.506700000017418,1.2934000000086598,17.213300000008758
change_aware,1910,contention_steady,8,17.11899999997968,0.7659999999987122,16.352999999980966
change_aware,1911,contention_steady,8,12.713099999984934,0.48799999999005195,12.225099999994882
change_aware,1912,contention_steady,8,20.029999999991333,0.5310999999892374,19.498900000002095
change_aware,1913,contention_steady,8,27.049800000014557,0.39290000000846703,26.65690000000609
change_aware,1914,contention_steady,8,30.48230000001695,0.5601999999953478,29.9221000000216
change_aware,1915,contention_steady,8,19.725700000009283,0.835100000017519,18.890599999991764
change_aware,1916,contention_steady,8,29.365899999987732,0.645899999994981,28.71999999999275
change_aware,1917,contention_steady,8,25.732000000004973,0.3835999999921569,25.348400000012816
change_aware,1918,contention_steady,8,50.665000000009286,0.3138000000149077,50.35119999999438
change_aware,1919,contention_steady,8,16.268499999995356,0.47470000001226254,15.793799999983094
change_aware,1920,contention_steady,8,21.310400000004392,0.741199999993114,20.56920000001128
change_aware,1921,contention_steady,8,18.663099999997712,0.4453999999896041,18.217700000008108
change_aware,1922,contention_steady,8,16.865699999982553,0.5607999999881486,16.304899999994404
change_aware,1923,contention_steady,8,26.28110000000561,1.9874000000186243,24.293699999986984
change_aware,1924,contention_steady,8,46.84139999997683,0.6276999999954569,46.21369999998137
change_aware,1925,contention_steady,8,13.588799999979528,0.3859999999917818,13.202799999987747
change_aware,1926,contention_steady,8,58.73379999999884,0.5026000000043496,58.23119999999449
change_aware,1927,contention_steady,8,13.1093999999905,0.5415999999911492,12.567799999999352
change_aware,1928,contention_steady,8,23.090699999983144,1.1222999999915828,21.96839999999156
change_aware,1929,contention_steady,8,20.254899999997633,0.552999999996473,19.70190000000116
change_aware,1930,contention_steady,8,29.64950000000499,0.4174999999975171,29.232000000007474
change_aware,1931,contention_steady,8,35.19979999998668,0.6190000000003693,34.58079999998631
change_aware,1932,contention_steady,8,16.293300000000954,0.6017999999983203,15.691500000002634
change_aware,1933,contention_steady,8,19.172800000006873,0.7243000000016764,18.448500000005197
change_aware,1934,contention_steady,8,14.519599999999855,0.42480000001887674,14.094799999980978
change_aware,1935,contention_steady,8,20.188200000006873,0.498100000015711,19.690099999991162
change_aware,1936,contention_steady,8,19.013499999999794,2.6709999999923184,16.342500000007476
change_aware,1937,contention_steady,8,13.711099999994758,0.46549999999001557,13.245600000004742
change_aware,1938,contention_steady,8,29.634999999984757,6.620199999986198,23.01479999999856
change_aware,1939,contention_steady,8,18.21209999999951,0.640300000014804,17.571799999984705
change_aware,1940,contention_steady,8,11.969300000004068,0.541499999997086,11.427800000006982
change_aware,1941,contention_steady,8,23.49850000001652,0.6668000000047414,22.83170000001178
change_aware,1942,contention_steady,8,24.46980000001986,1.2628000000063366,23.207000000013522
change_aware,1943,contention_steady,8,19.965000000013333,0.6122000000061689,19.352800000007164
change_aware,1944,contention_steady,8,52.36419999999953,0.7083999999792923,51.655800000020236
change_aware,1945,contention_steady,8,28.835700000001907,0.7366000000104123,28.099099999991495
change_aware,1946,contention_steady,8,17.54589999998757,0.7398999999850275,16.80600000000254
change_aware,1947,contention_steady,8,13.800099999997428,0.6377999999926942,13.162300000004734
change_aware,1948,contention_steady,8,35.296800000025996,0.6324000000006436,34.66440000002535
change_aware,1949,contention_steady,8,25.080000000002656,0.5112999999994372,24.56870000000322
change_aware,1950,contention_steady,8,29.923400000001266,2.6867999999922176,27.236600000009048
change_aware,1951,contention_steady,8,11.365399999988313,1.8596999999829222,9.50570000000539
change_aware,1952,contention_steady,8,30.220399999990377,0.5577000000016596,29.662699999988718
change_aware,1953,contention_steady,8,21.214099999980363,0.42199999998615567,20.792099999994207
change_aware,1954,contention_steady,8,26.830799999999044,0.9533999999860043,25.87740000001304
change_aware,1955,contention_steady,8,21.656299999989415,0.9460999999930664,20.710199999996348
change_aware,1956,contention_steady,8,30.33239999999182,0.27899999997771374,30.053400000014108
change_aware,1957,contention_steady,8,18.38819999997554,0.91539999999668,17.47279999997886
change_aware,1958,contention_steady,8,14.37960000001226,0.5755999999905725,13.804000000021688
change_aware,1959,contention_steady,8,19.34199999999464,0.9335999999962041,18.408399999998437
change_aware,1960,contention_steady,8,27.942099999989978,0.6407999999851199,27.301300000004858
change_aware,1961,contention_steady,8,21.014900000011494,0.516200000021172,20.498699999990322
change_aware,1962,contention_steady,8,40.77650000002109,0.511200000005374,40.26530000001571
change_aware,1963,contention_steady,8,9.388000000001284,0.4710999999986143,8.91690000000267
change_aware,1964,contention_steady,8,16.413900000003423,3.8821999999925083,12.531700000010915
change_aware,1965,contention_steady,8,28.808300000008558,0.8050000000139335,28.003299999994624
change_aware,1966,contention_steady,8,9.196500000001606,0.6027000000017324,8.593799999999874
change_aware,1967,contention_steady,8,48.59249999998383,0.3099999999847114,48.28249999999912
change_aware,1968,contention_steady,8,11.946899999998095,0.26869999999235006,11.678200000005745
change_aware,1969,contention_steady,8,38.25480000000425,0.9727999999995518,37.2820000000047
change_aware,1970,contention_steady,8,13.337000000007038,0.3484000000071319,12.988599999999906
change_aware,1971,contention_steady,8,38.66819999998938,0.6546999999841319,38.01350000000525
change_aware,1972,contention_steady,8,18.34999999999809,0.3463000000181182,18.003699999979972
change_aware,1973,contention_steady,8,23.396600000012313,0.7453000000054999,22.651300000006813
change_aware,1974,contention_steady,8,35.0279000000171,0.5696000000057211,34.45830000001138
change_aware,1975,contention_steady,8,14.165499999990061,0.3949999999974807,13.77049999999258
change_aware,1976,contention_steady,8,16.57769999999914,0.6060999999988326,15.971600000000308
change_aware,1977,contention_steady,8,24.280099999998583,0.5581000000063341,23.72199999999225
change_aware,1978,contention_steady,8,36.39849999999001,0.46439999999847714,35.93409999999153
change_aware,1979,contention_steady,8,24.55460000001608,0.5969999999990705,23.95760000001701
change_aware,1980,contention_steady,8,13.992099999995844,3.660999999993919,10.331100000001925
change_aware,1981,contention_steady,8,16.232799999983172,0.42399999998110616,15.808800000002066
change_aware,1982,contention_steady,8,20.1420000000212,4.755000000017162,15.387000000004036
change_aware,1983,contention_steady,8,16.20560000000637,0.32369999999559695,15.881900000010774
change_aware,1984,contention_steady,8,34.99909999999318,0.3804000000116048,34.61869999998157
change_aware,1985,contention_steady,8,36.46650000001728,1.9143000000099164,34.55220000000736
change_aware,1986,contention_steady,8,25.97460000001206,2.590999999995347,23.383600000016713
change_aware,1987,contention_steady,8,20.25710000000913,0.5415999999911492,19.715500000017983
change_aware,1988,contention_steady,8,22.160100000007787,0.3892999999948188,21.77080000001297
change_aware,1989,contention_steady,8,41.90819999999462,1.0609999999928732,40.84720000000175
change_aware,1990,contention_steady,8,13.71030000001383,0.6801000000109525,13.030200000002878
change_aware,1991,contention_steady,8,39.81269999999881,0.741199999993114,39.0715000000057
change_aware,1992,contention_steady,8,35.056100000019796,0.7193000000143002,34.336800000005496
change_aware,1993,contention_steady,8,17.26110000001313,1.085600000010345,16.175500000002785
change_aware,1994,contention_steady,8,60.18159999999284,0.5441999999789005,59.63740000001394
change_aware,1995,contention_steady,8,12.441300000006095,0.32640000000583314,12.114900000000262
change_aware,1996,contention_steady,8,29.645100000010416,0.4301000000168642,29.21499999999355
change_aware,1997,contention_steady,8,19.299999999986994,0.7387999999934891,18.561199999993505
change_aware,1998,contention_steady,8,22.10590000001389,1.7150000000185628,20.390899999995327
change_aware,1999,contention_steady,8,19.61630000002401,1.3931000000013682,18.223200000022644
change_aware,2000,contention_steady,8,23.400699999996277,0.9592999999767926,22.441400000019485
change_aware,2001,contention_steady,8,19.023900000007643,0.4998000000000502,18.524100000007593
change_aware,2002,contention_steady,8,32.61460000001648,0.44890000000918917,32.16570000000729
change_aware,2003,contention_steady,8,25.088699999997743,0.5701000000044587,24.518599999993285
change_aware,2004,contention_steady,8,10.819499999996651,0.41720000001532753,10.402299999981324
change_aware,2005,contention_steady,8,23.11969999999519,0.40350000000444197,22.71619999999075
change_aware,2006,contention_steady,8,24.207799999999224,0.3462999999896965,23.861500000009528
change_aware,2007,contention_steady,8,35.98440000001801,0.555600000012646,35.42880000000537
change_aware,2008,contention_steady,8,22.276699999991934,0.3649999999879583,21.911700000003975
change_aware,2009,contention_steady,8,24.63659999997958,3.376699999989796,21.259899999989784
change_aware,2010,contention_steady,8,32.776399999988826,0.8473999999978332,31.928999999990992
change_aware,2011,contention_steady,8,18.032500000003893,6.618300000013733,11.41419999999016
change_aware,2012,contention_steady,8,46.64479999999571,2.124500000007856,44.520299999987856
change_aware,2013,contention_steady,8,19.761700000003657,0.5747000000155822,19.186999999988075
change_aware,2014,contention_steady,8,30.218300000001364,0.3738000000055308,29.844499999995833
change_aware,2015,contention_steady,8,40.3304000000162,17.29760000000624,23.032800000009956
change_aware,2016,contention_steady,8,23.118600000003653,0.445500000012089,22.673099999991564
change_aware,2017,contention_steady,8,17.904500000014423,6.802600000014536,11.101899999999887
change_aware,2018,contention_steady,8,46.37130000000411,0.38070000002221605,45.990599999981896
change_aware,2019,contention_steady,8,28.4800999999959,0.47639999999660176,28.0036999999993
change_aware,2020,contention_steady,8,7.9429000000175165,0.5266000000005988,7.416300000016918
change_aware,2021,contention_steady,8,64.25620000001686,0.3484000000071319,63.90780000000973
change_aware,2022,contention_steady,8,26.81229999998891,0.7250999999826035,26.087200000006305
change_aware,2023,contention_steady,8,25.482899999985875,9.174399999977823,16.308500000008053
change_aware,2024,contention_steady,8,40.47239999999874,0.40050000001201624,40.07189999998673
change_aware,2025,contention_steady,8,13.844899999980953,0.8181999999976597,13.026699999983293
change_aware,2026,contention_steady,8,13.254399999993893,0.3445999999769356,12.909800000016958
change_aware,2027,contention_steady,8,53.42890000000011,4.9333999999987554,48.49550000000136
change_aware,2028,contention_steady,8,14.169600000002447,0.8545000000026448,13.315099999999802
change_aware,2029,contention_steady,8,36.2084000000209,6.585900000004585,29.622500000016316
change_aware,2030,contention_steady,8,9.716099999991457,0.38950000001136686,9.32659999998009
change_aware,2031,contention_steady,8,49.74719999998456,0.5878999999993084,49.15929999998525
change_aware,2032,contention_steady,8,27.014400000012984,12.202900000005457,14.811500000007527
change_aware,2033,contention_steady,8,41.18179999997551,1.8712999999763724,39.31049999999914
change_aware,2034,contention_steady,8,17.326199999985192,0.39799999998990643,16.928199999995286
change_aware,2035,contention_steady,8,16.35310000000345,0.7463999999970383,15.606700000006413
change_aware,2036,contention_steady,8,39.17189999998527,7.702199999982895,31.469700000002376
change_aware,2037,contention_steady,8,16.349600000012288,0.42659999999727916,15.923000000015008
change_aware,2038,contention_steady,8,25.218899999998712,0.3247999999871354,24.894100000011576
change_aware,2039,contention_steady,8,26.501699999982975,0.5816999999979089,25.919999999985066
change_aware,2040,contention_steady,8,20.651299999997264,0.48279999998612766,20.168500000011136
change_aware,2041,contention_steady,8,33.015900000009424,0.5115000000159853,32.50439999999344
change_aware,2042,contention_steady,8,20.68310000001361,0.5692000000010466,20.113900000012563
change_aware,2043,contention_steady,8,32.34900000001062,0.6504000000120413,31.698599999998578
change_aware,2044,contention_steady,8,14.487900000005993,0.5222000000060234,13.96569999999997
change_aware,2045,contention_steady,8,37.68260000001078,0.6408000000135416,37.04179999999724
change_aware,2046,contention_steady,8,11.030599999998003,0.2363999999772659,10.794200000020737
change_aware,2047,contention_steady,8,8.051000000023123,0.426500000003216,7.624500000019907
change_aware,2048,contention_steady,8,46.525699999989456,0.48809999998411513,46.03760000000534
change_aware,2049,contention_steady,8,13.16700000000992,0.2910000000042601,12.87600000000566
change_aware,2050,contention_steady,8,34.21060000002285,0.5900000000167438,33.62060000000611
change_aware,2051,contention_steady,8,12.723300000004656,0.6203000000084558,12.1029999999962
change_aware,2052,contention_steady,8,37.279600000005075,0.45919999999455285,36.82040000001052
change_aware,2053,contention_steady,8,15.45010000000957,0.5705000000091331,14.879600000000437
change_aware,2054,contention_steady,8,47.334299999988616,0.5643000000077336,46.76999999998088
change_aware,2055,contention_steady,8,8.507199999996828,0.7117999999763924,7.795400000020436
change_aware,2056,contention_steady,8,9.501300000010815,0.2307999999970889,9.270500000013726
change_aware,2057,contention_steady,8,33.9832999999885,0.41070000000331675,33.57259999998519
change_aware,2058,contention_steady,8,15.150899999980538,0.37299999999618194,14.777899999984356
change_aware,2059,contention_steady,8,49.181400000009035,0.36389999999641987,48.817500000012615
change_aware,2060,contention_steady,8,8.88189999997735,0.5513999999777752,8.330499999999574
change_aware,2061,contention_steady,8,48.401900000015985,0.3464000000121814,48.0555000000038
change_aware,2062,contention_steady,8,14.350399999983665,0.7540000000005875,13.596399999983078
change_aware,2063,contention_steady,8,43.658500000020695,0.5426000000170461,43.11590000000365
change_aware,2064,contention_steady,8,9.570299999978715,0.2950999999882242,9.275199999990491
change_aware,2065,contention_steady,8,22.127600000004577,0.5166999999914879,21.61090000001309
change_aware,2066,contention_steady,8,46.47239999999897,1.323799999994435,45.148600000004535
change_aware,2067,contention_steady,8,16.197300000015957,0.2848999999969237,15.912400000019034
change_aware,2068,contention_steady,8,33.475399999986166,0.41060000000925356,33.06479999997691
change_aware,2069,contention_steady,8,11.732199999983095,0.5186999999864383,11.213499999996657
change_aware,2070,contention_steady,8,21.095199999990655,0.4065999999909309,20.688599999999724
change_aware,2071,contention_steady,8,22.051799999985633,0.7267000000013013,21.32509999998433
change_aware,2072,contention_steady,8,35.82339999999817,0.5328999999960615,35.29050000000211
change_aware,2073,contention_steady,8,17.01219999998216,1.4745000000004893,15.537699999981669
change_aware,2074,contention_steady,8,36.2880000000132,1.862899999991896,34.4251000000213
change_aware,2075,contention_steady,8,12.975500000010243,0.3153000000111206,12.660199999999122
change_aware,2076,contention_steady,8,14.526299999999992,0.8334000000047581,13.692899999995234
change_aware,2077,contention_steady,8,16.108000000002676,0.636100000008355,15.47189999999432
change_aware,2078,contention_steady,8,8.277200000009088,0.49070000000028813,7.7865000000088
change_aware,2079,contention_steady,8,42.76029999999764,0.34739999998123494,42.41290000001641
change_aware,2080,contention_steady,8,17.90640000001531,0.6949000000133765,17.211500000001934
change_aware,2081,contention_steady,8,33.93289999999638,4.68490000000088,29.2479999999955
change_aware,2082,contention_steady,8,18.645899999995663,0.46439999999847714,18.181499999997186
change_aware,2083,contention_steady,8,31.485500000002276,0.37429999997584673,31.11120000002643
change_aware,2084,contention_steady,8,14.587799999986828,0.259599999992588,14.32819999999424
change_aware,2085,contention_steady,8,30.635399999994206,0.6006999999783602,30.034700000015846
change_aware,2086,contention_steady,8,23.168099999992364,0.5007000000034623,22.667399999988902
change_aware,2087,contention_steady,8,38.213100000007216,0.7130999999844789,37.50000000002274
change_aware,2088,contention_steady,8,11.547600000000102,1.3284000000055585,10.219199999994544
change_aware,2089,contention_steady,8,21.50499999999056,0.36199999999553256,21.142999999995027
change_aware,2090,contention_steady,8,25.704400000023497,1.8402000000037333,23.864200000019764
change_aware,2091,contention_steady,8,33.55010000001357,7.894399999997859,25.655700000015713
change_aware,2092,contention_steady,8,13.291400000014164,0.48240000000987493,12.80900000000429
change_aware,2093,contention_steady,8,37.49820000001591,0.690300000002253,36.80790000001366
change_aware,2094,contention_steady,8,15.534200000018927,2.884399999999232,12.649800000019695
change_aware,2095,contention_steady,8,33.464899999984254,0.5366999999978361,32.92819999998642
change_aware,2096,contention_steady,8,14.310800000004065,0.4902999999956137,13.820500000008451
change_aware,2097,contention_steady,8,18.25169999997911,0.30389999997737505,17.947800000001735
change_aware,2098,contention_steady,8,15.011299999997618,0.24890000000254986,14.762399999995068
change_aware,2099,contention_steady,8,14.809900000017251,0.5231000000094355,14.286800000007815
change_aware,2100,contention_steady,8,22.203300000001036,0.6783999999981916,21.524900000002845
change_aware,2101,contention_steady,8,35.82789999998681,0.7250999999826035,35.10280000000421
change_aware,2102,contention_steady,8,13.601600000015424,0.4441000000099393,13.157500000005484
change_aware,2103,contention_steady,8,19.58019999997873,0.41629999998349376,19.163899999995238
change_aware,2104,contention_steady,8,31.978000000009388,25.908600000008164,6.069400000001224
change_aware,2105,contention_steady,8,13.434699999976374,0.28599999998846215,13.148699999987912
change_aware,2106,contention_steady,8,36.21509999999262,0.5018999999890639,35.71320000000355
change_aware,2107,contention_steady,8,15.997999999996182,0.4755999999872529,15.522400000008929
change_aware,2108,contention_steady,8,15.636499999999387,0.6161000000020067,15.02039999999738
change_aware,2109,contention_steady,8,22.311799999982895,12.442199999981085,9.86960000000181
change_aware,2110,contention_steady,8,11.59359999999765,0.33779999998273524,11.255800000014915
change_aware,2111,contention_steady,8,46.61250000000905,0.4832000000192238,46.129299999989826
change_aware,2112,contention_steady,8,16.31380000000604,1.079000000004271,15.23480000000177
change_aware,2113,contention_steady,8,19.9154999999962,0.4737000000147873,19.441799999981413
change_aware,2114,contention_steady,8,15.614100000021836,0.4538000000025022,15.160300000019333
change_aware,2115,contention_steady,8,30.930299999994304,0.6534000000044671,30.276899999989837
change_aware,2116,contention_steady,8,22.19970000001581,0.7874000000072101,21.4123000000086
change_aware,2117,contention_steady,8,37.584699999996474,0.3445999999769356,37.24010000001954
change_aware,2118,contention_steady,8,12.624399999992875,0.42080000000055406,12.20359999999232
change_aware,2119,contention_steady,8,46.0749000000078,0.4505999999935284,45.62430000001427
change_aware,2120,contention_steady,8,18.700999999992973,0.47090000001048793,18.230099999982485
change_aware,2121,contention_steady,8,21.002600000002758,0.3251999999918098,20.677400000010948
change_aware,2122,contention_steady,8,15.484900000018342,0.9428000000184511,14.542099999999891
change_aware,2123,contention_steady,8,16.11060000001885,0.9250000000236014,15.185599999995247
change_aware,2124,contention_steady,8,28.218000000009624,5.904500000013968,22.313499999995656
change_aware,2125,contention_steady,8,17.27529999999433,0.2871000000084223,16.98819999998591
change_aware,2126,contention_steady,8,51.304900000019416,0.37320000001273,50.931700000006686
change_aware,2127,contention_steady,8,14.266499999990856,0.5208999999979369,13.745599999992919
change_aware,2128,contention_steady,8,77.87729999998305,0.5353999999897496,77.3418999999933
change_aware,2129,contention_steady,8,14.86079999997969,0.363099999987071,14.49769999999262
change_aware,2130,contention_steady,8,22.071899999986044,0.7309000000077504,21.340999999978294
change_aware,2131,contention_steady,8,14.98760000001198,0.3949999999974807,14.5926000000145
change_aware,2132,contention_steady,8,20.86389999999483,0.2816999999879499,20.58220000000688
change_aware,2133,contention_steady,8,18.11630000000264,0.939299999998866,17.177000000003773
change_aware,2134,contention_steady,8,50.970400000011296,0.45600000001400076,50.514399999997295
change_aware,2135,contention_steady,8,37.28340000000685,6.446500000009792,30.83689999999706
change_aware,2136,contention_steady,8,30.9855000000141,0.7152000000019143,30.270300000012185
change_aware,2137,contention_steady,8,12.506099999995968,0.24369999999862557,12.262399999997342
change_aware,2138,contention_steady,8,15.046799999993254,0.5372999999906369,14.509500000002618
change_aware,2139,contention_steady,8,21.536800000006906,0.6017999999983203,20.935000000008586
change_aware,2140,contention_steady,8,22.321700000020428,0.41450000000509135,21.907200000015337
change_aware,2141,contention_steady,8,10.93729999999482,0.3418000000010579,10.595499999993763
change_aware,2142,contention_steady,8,21.930599999990363,0.4504999999994652,21.480099999990898
change_aware,2143,contention_steady,8,47.113600000017186,0.4366000000004533,46.67700000001673
change_aware,2144,contention_steady,8,62.14769999999703,51.91089999999576,10.236800000001267
change_aware,2145,contention_steady,8,16.285799999991468,0.536600000003773,15.749199999987695
change_aware,2146,contention_steady,8,16.519899999991594,4.336700000010296,12.183199999981298
change_aware,2147,contention_steady,8,17.792700000001105,0.3797999999903823,17.412900000010723
change_aware,2148,contention_steady,8,51.44269999999551,0.36470000000576874,51.07799999998974
change_aware,2149,contention_steady,8,13.192399999979898,0.2326999999979762,12.959699999981922
change_aware,2150,contention_steady,8,52.26280000002248,0.7973000000163211,51.46550000000616
change_aware,2151,contention_steady,8,17.13340000000585,2.012500000006412,15.120899999999438
change_aware,2152,contention_steady,8,33.87380000000917,0.5510000000015225,33.322800000007646
change_aware,2153,contention_steady,8,15.299900000002253,0.4238000000214015,14.876099999980852
change_aware,2154,contention_steady,8,32.41989999997941,3.8395999999920605,28.580299999987346
change_aware,2155,contention_steady,8,25.30160000000592,0.9137000000123408,24.38789999999358
change_aware,2156,contention_steady,8,57.689800000019886,0.26360000001091066,57.426200000008976
change_aware,2157,contention_steady,8,15.756199999998444,0.4433999999946536,15.31280000000379
change_aware,2158,contention_steady,8,51.19890000000282,0.528600000023971,50.67029999997885
change_aware,2159,contention_steady,8,21.760599999993246,0.5093999999985499,21.251199999994697
change_aware,2160,contention_steady,8,47.23359999999843,3.212399999995341,44.02120000000309
change_aware,2161,contention_steady,8,12.360200000017585,1.1494000000027427,11.210800000014842
change_aware,2162,contention_steady,8,43.31110000001104,0.4734999999982392,42.8376000000128
change_aware,2163,contention_steady,8,23.865400000005366,1.7894000000069354,22.07599999999843
change_aware,2164,contention_steady,8,14.173400000004222,0.42529999998919266,13.748100000015029
change_aware,2165,contention_steady,8,16.719700000010107,0.42229999999676693,16.29740000001334
change_aware,2166,contention_steady,8,36.41349999998056,0.4114999999842439,36.001999999996315
change_aware,2167,contention_steady,8,12.511200000005829,0.3222999999934473,12.188900000012381
change_aware,2168,contention_steady,8,50.6857000000025,33.07119999999486,17.614500000007638
change_aware,2169,contention_steady,8,30.64679999999953,0.7367999999985386,29.91000000000099
change_aware,2170,contention_steady,8,11.986699999994244,0.6094000000018696,11.377299999992374
change_aware,2171,contention_steady,8,9.924900000015668,0.4711999999926775,9.453700000022991
change_aware,2172,contention_steady,8,37.138099999992846,0.35370000000511936,36.78439999998773
change_aware,2173,contention_steady,8,17.109000000004926,0.5027000000268345,16.60629999997809
change_aware,2174,contention_steady,8,43.253100000015365,0.4934000000105243,42.75970000000484
change_aware,2175,contention_steady,8,15.064099999989367,0.6401999999923191,14.423899999997047
change_aware,2176,contention_steady,8,37.73540000000253,0.6622999999876811,37.07310000001485
change_aware,2177,contention_steady,8,20.040200000011055,0.9593999999992775,19.080800000011777
change_aware,2178,contention_steady,8,42.84920000000625,0.4556000000093263,42.39359999999692
change_aware,2179,contention_steady,8,13.118499999990263,1.2060999999903288,11.912399999999934
change_aware,2180,contention_steady,8,9.922799999998233,0.38059999999973115,9.542199999998502
change_aware,2181,contention_steady,8,36.55100000000289,0.47450000002413617,36.07649999997875
change_aware,2182,contention_steady,8,17.98239999999396,2.258799999992789,15.72360000000117
change_aware,2183,contention_steady,8,41.486499999990656,0.5754000000024462,40.91109999998821
change_aware,2184,contention_steady,8,12.770500000016227,0.3983000000005177,12.37220000001571
change_aware,2185,contention_steady,8,60.12649999999553,0.7329000000027008,59.39359999999283
change_aware,2186,contention_steady,8,9.939000000002807,0.40690000000154214,9.532100000001265
change_aware,2187,contention_steady,8,47.23770000001082,0.5409999999983484,46.69670000001247
change_aware,2188,contention_steady,8,16.674199999982875,0.5208999999979369,16.153299999984938
change_aware,2189,contention_steady,8,40.35780000000955,0.584199999991597,39.77360000001795
change_aware,2190,contention_steady,8,23.894500000011476,0.9030999999879441,22.991400000023532
change_aware,2191,contention_steady,8,60.20229999998605,0.7329000000027008,59.46939999998335
change_aware,2192,contention_steady,8,26.420099999995728,0.3325000000131695,26.087599999982558
change_aware,2193,contention_steady,8,35.445999999978994,4.132799999979397,31.313199999999597
change_aware,2194,contention_steady,8,44.90559999999277,0.454399999995303,44.45119999999747
change_aware,2195,contention_steady,8,20.06269999998267,0.6276000000013937,19.435099999981276
change_aware,2196,contention_steady,8,29.680700000000115,0.42849999999816646,29.25220000000195
change_aware,2197,contention_steady,8,18.149800000003324,0.5829000000119322,17.566899999991392
change_aware,2198,contention_steady,8,49.39439999998285,0.5420999999898868,48.852299999992965
change_aware,2199,contention_steady,8,15.576000000010026,0.5394000000080723,15.036600000001954
change_aware,2200,contention_steady,8,47.341600000009976,0.7467000000076496,46.594900000002326
change_aware,2201,contention_steady,8,34.9687000000074,0.7990999999947235,34.16960000001268
change_aware,2202,contention_steady,8,21.35269999999423,0.8774000000073556,20.475299999986873
change_aware,2203,contention_steady,8,48.74750000001882,0.41060000000925356,48.336900000009564
change_aware,2204,contention_steady,8,18.476699999979473,0.4613999999776297,18.015300000001844
change_aware,2205,contention_steady,8,48.79249999999047,4.437499999994543,44.354999999995925
change_aware,2206,contention_steady,8,14.356899999995676,2.4664000000029773,11.890499999992699
change_aware,2207,contention_steady,8,30.56940000001873,0.6932000000006155,29.876200000018116
change_aware,2208,contention_steady,8,17.051699999996117,0.36009999999464526,16.691600000001472
change_aware,2209,contention_steady,8,50.33939999998438,0.8918999999991684,49.44749999998521
change_aware,2210,contention_steady,8,14.695100000011507,0.4269000000078904,14.268200000003617
change_aware,2211,contention_steady,8,9.019800000004352,0.4207000000064909,8.599099999997861
change_aware,2212,contention_steady,8,15.92959999999266,0.22079999999391475,15.708799999998746
change_aware,2213,contention_steady,8,14.432499999998072,0.5456000000094718,13.8868999999886
change_aware,2214,contention_steady,8,35.07110000001035,0.2714999999966494,34.7996000000137
change_aware,2215,contention_steady,8,7.847400000002835,0.33640000000900727,7.510999999993828
change_aware,2216,contention_steady,8,17.557600000003504,0.6500000000073669,16.907599999996137
change_aware,2217,contention_steady,8,50.19520000001876,0.6363000000249031,49.558899999993855
change_aware,2218,contention_steady,8,27.645100000000866,0.6161000000020067,27.02899999999886
change_aware,2219,contention_steady,8,19.465599999989536,0.719900000007101,18.745699999982435
change_aware,2220,contention_steady,8,50.55459999999812,0.5387999999868498,50.01580000001127
change_aware,2221,contention_steady,8,18.96279999999706,0.4832999999848653,18.479500000012195
change_aware,2222,contention_steady,8,31.663400000013553,0.7458999999983007,30.917500000015252
change_aware,2223,contention_steady,8,16.828200000020388,0.4097999999999047,16.418400000020483
change_aware,2224,contention_steady,8,38.5889000000077,0.49260000000117543,38.09630000000652
change_aware,2225,contention_steady,8,18.05500000000393,0.709300000011126,17.345699999992803
change_aware,2226,contention_steady,8,36.36230000000751,2.9225000000110413,33.43979999999647
change_aware,2227,contention_steady,8,22.884399999981042,0.6510999999989053,22.233299999982137
change_aware,2228,contention_steady,8,50.56700000000092,2.7620999999840024,47.804900000016914
change_aware,2229,contention_steady,8,24.518800000009833,2.388599999989083,22.13020000002075
change_aware,2230,contention_steady,8,24.791800000002695,1.333900000020094,23.4578999999826
change_aware,2231,contention_steady,8,57.32129999998392,0.6752999999832809,56.64600000000064
change_aware,2232,contention_steady,8,16.700699999972812,0.43679999998857966,16.263899999984233
change_aware,2233,contention_steady,8,30.985700000002225,0.32619999998928506,30.65950000001294
change_aware,2234,contention_steady,8,25.339600000023665,0.36769999999819447,24.97190000002547
change_aware,2235,contention_steady,8,41.5770999999836,1.1025000000017826,40.47459999998182
change_aware,2236,contention_steady,8,10.087099999992688,0.27190000000132386,9.815199999991364
change_aware,2237,contention_steady,8,60.54919999999697,1.5849000000116575,58.964299999985315
change_aware,2238,contention_steady,8,14.467999999993708,0.7421999999905893,13.725800000003119
change_aware,2239,contention_steady,8,21.148299999993014,0.6554999999934807,20.492799999999534
change_aware,2240,contention_steady,8,18.123000000002776,0.4481999999939035,17.674800000008872
change_aware,2241,contention_steady,8,17.978099999993447,0.5792000000042208,17.398899999989226
change_aware,2242,contention_steady,8,12.377399999991212,0.5422999999780131,11.835100000013199
change_aware,2243,contention_steady,8,35.35510000000386,0.6534000000044671,34.70169999999939
change_aware,2244,contention_steady,8,14.778199999994968,0.3106999999999971,14.46749999999497
change_aware,2245,contention_steady,8,8.33740000001626,0.29870000000187247,8.038700000014387
change_aware,2246,contention_steady,8,37.433300000003555,0.30460000002108245,37.12869999998247
change_aware,2247,contention_steady,8,7.572700000025634,0.5863000000090324,6.9864000000166016
change_aware,2248,contention_steady,8,14.200599999981023,0.25729999998702624,13.943299999993997
change_aware,2249,contention_steady,8,48.11020000002486,0.5500999999981104,47.56010000002675
change_aware,2250,contention_steady,8,9.744299999994155,0.46760000000745094,9.276699999986704
change_aware,2251,contention_steady,8,10.128299999990986,0.2772999999933745,9.850999999997612
change_aware,2252,contention_steady,8,55.21790000000237,0.29829999999719803,54.919600000005175
change_aware,2253,contention_steady,8,10.225100000013754,0.45090000000413966,9.774200000009614
change_aware,2254,contention_steady,8,43.52019999998902,0.3528000000017073,43.16739999998731
change_aware,2255,contention_steady,8,8.53409999999144,0.4919999999799529,8.042100000011487
change_aware,2256,contention_steady,8,12.958400000002257,0.3507999999783351,12.607600000023922
change_aware,2257,contention_steady,8,47.85570000001371,0.34880000001180633,47.506900000001906
change_aware,2258,contention_steady,8,44.468300000005456,0.6296999999904074,43.83860000001505
change_aware,2259,contention_steady,8,11.958300000003419,0.6611999999961427,11.297100000007276
change_aware,2260,contention_steady,8,12.689700000009907,0.3140000000030341,12.375700000006873
change_aware,2261,contention_steady,8,35.368000000005395,4.446500000000242,30.921500000005153
change_aware,2262,contention_steady,8,29.017099999975926,0.49070000000028813,28.526399999975638
change_aware,2263,contention_steady,8,25.927800000005163,2.0253000000138854,23.902499999991278
change_aware,2264,contention_steady,8,14.312999999987142,0.4269000000078904,13.886099999979251
change_aware,2265,contention_steady,8,59.950000000014825,0.4384000000072774,59.51160000000755
change_aware,2266,contention_steady,8,29.801300000002584,0.590799999997671,29.210500000004913
change_aware,2267,contention_steady,8,17.853099999996402,1.1705999999946926,16.68250000000171
change_aware,2268,contention_steady,8,8.83920000001126,0.46050000000263935,8.378700000008621
change_aware,2269,contention_steady,8,43.73240000001033,0.5784000000232936,43.153999999987036
change_aware,2270,contention_steady,8,15.458199999983435,3.134299999999257,12.323899999984178
change_aware,2271,contention_steady,8,54.600000000021964,1.4280000000042037,53.17200000001776
change_aware,2272,contention_steady,8,14.384300000017447,0.3193999999950847,14.064900000022362
change_aware,2273,contention_steady,8,33.991200000002664,3.924699999998893,30.06650000000377
change_aware,2274,contention_steady,8,18.686600000023645,0.4887999999994008,18.197800000024245
change_aware,2275,contention_steady,8,36.54710000000705,0.6156000000032691,35.93150000000378
change_aware,2276,contention_steady,8,24.119999999982156,0.27199999999538704,23.84799999998677
change_aware,2277,contention_steady,8,35.87010000001101,0.3656000000091808,35.504500000001826
change_aware,2278,contention_steady,8,18.943699999994124,0.6462999999996555,18.297399999994468
change_aware,2279,contention_steady,8,46.93230000000881,0.5024000000162232,46.429899999992585
change_aware,2280,contention_steady,8,14.932299999998122,0.39849999998864405,14.533800000009478
change_aware,2281,contention_steady,8,37.81609999998636,0.65719999997782,37.15890000000854
change_aware,2282,contention_steady,8,24.80099999999652,0.41889999999966676,24.382099999996854
change_aware,2283,contention_steady,8,49.74230000001967,0.6271000000026561,49.11520000001701
change_aware,2284,contention_steady,8,41.03059999999914,0.5144000000143478,40.51619999998479
change_aware,2285,contention_steady,8,10.25269999999523,0.43539999998643,9.8173000000088
change_aware,2286,contention_steady,8,17.347099999994953,0.3968000000043048,16.950299999990648
change_aware,2287,contention_steady,8,22.1977999999865,0.5127000000015869,21.685099999984914
change_aware,2288,contention_steady,8,13.311400000020512,0.29630000000224754,13.015100000018265
change_aware,2289,contention_steady,8,15.005500000000893,0.6566000000134409,14.348899999987452
change_aware,2290,contention_steady,8,14.535999999992555,0.34809999999652064,14.187899999996034
change_aware,2291,contention_steady,8,15.975099999991471,0.3235000000074706,15.651599999984
change_aware,2292,contention_steady,8,32.23030000000904,0.3609999999980573,31.86930000001098
change_aware,2293,contention_steady,8,18.845499999997628,0.5873000000065076,18.25819999999112
change_aware,2294,contention_steady,8,13.056199999994078,0.25339999999118845,12.80280000000289
change_aware,2295,contention_steady,8,15.156200000006947,0.43830000001321423,14.717899999993733
change_aware,2296,contention_steady,8,10.936600000007957,0.3643000000010943,10.572300000006862
change_aware,2297,contention_steady,8,50.25499999999283,0.6205999999906453,49.63440000000219
change_aware,2298,contention_steady,8,13.436699999999746,0.574600000021519,12.862099999978227
change_aware,2299,contention_steady,8,31.588299999981473,0.46559999998407875,31.122699999997394
change_aware,2300,contention_steady,8,29.16630000001419,14.739200000008168,14.427100000006021
change_aware,2301,contention_steady,8,8.956699999998818,0.469199999997727,8.487500000001091
change_aware,2302,contention_steady,8,24.61619999999698,0.5347000000028856,24.081499999994094
change_aware,2303,contention_steady,8,9.622499999977663,0.3917999999885069,9.230699999989156
change_aware,2304,contention_steady,8,50.39610000000039,0.23109999997927844,50.16500000002111
change_aware,2305,contention_steady,8,9.356399999973064,0.47719999997752893,8.879199999995535
change_aware,2306,contention_steady,8,45.922999999987724,0.38559999998710737,45.537400000000616
change_aware,2307,contention_steady,8,20.576500000004216,0.5639999999971224,20.012500000007094
change_aware,2308,contention_steady,8,52.42949999998814,3.9533000000062657,48.47619999998187
change_aware,2309,contention_steady,8,14.795899999995754,0.37880000002132874,14.417099999974425
change_aware,2310,contention_steady,8,15.289100000018152,0.3897999999935564,14.899300000024596
change_aware,2311,contention_steady,8,35.62789999998017,0.3521999999804848,35.27569999999969
change_aware,2312,contention_steady,8,11.145699999985936,0.39409999999406864,10.751599999991868
change_aware,2313,contention_steady,8,28.78920000000562,0.41509999999789216,28.37410000000773
change_aware,2314,contention_steady,8,12.395499999996673,0.664699999987306,11.730800000009367
change_aware,2315,contention_steady,8,14.492200000006505,0.7866999999919244,13.705500000014581
change_aware,2316,contention_steady,8,37.62809999997785,2.78379999997469,34.84430000000316
change_aware,2317,contention_steady,8,11.219000000011192,0.9780999999975393,10.240900000013653
change_aware,2318,contention_steady,8,13.974799999999732,0.33519999999498395,13.639600000004748
change_aware,2319,contention_steady,8,45.629499999989775,0.605600000000095,45.02389999998968
change_aware,2320,contention_steady,8,17.400299999991375,0.5523999999752505,16.847900000016125
change_aware,2321,contention_steady,8,16.983299999992596,0.4199999999912052,16.56330000000139
change_aware,2322,contention_steady,8,18.289699999996856,0.6678000000022166,17.62189999999464
change_aware,2323,contention_steady,8,23.51799999999571,11.590999999981477,11.927000000014232
change_aware,2324,contention_steady,8,41.78470000002221,0.4768000000012762,41.307900000020936
change_aware,2325,contention_steady,8,15.129099999995788,0.6557000000100288,14.473399999985759
change_aware,2326,contention_steady,8,22.7141999999958,0.5281999999908749,22.186000000004924
change_aware,2327,contention_steady,8,17.710400000026993,3.8283000000092215,13.882100000017772
change_aware,2328,contention_steady,8,17.9366999999786,0.4211999999768068,17.515500000001794
change_aware,2329,contention_steady,8,24.75549999999771,0.36280000000488144,24.39269999999283
change_aware,2330,contention_steady,8,22.067000000021153,0.49180000002024826,21.575200000000905
change_aware,2331,contention_steady,8,58.48649999998656,0.3112999999927979,58.175199999993765
change_aware,2332,contention_steady,8,38.20029999999974,0.8293999999864354,37.37090000001331
change_aware,2333,contention_steady,8,18.091900000001715,0.4236999999989166,17.6682000000028
change_aware,2334,contention_steady,8,48.41189999999074,0.6381999999973686,47.77369999999337
change_aware,2335,contention_steady,8,12.290699999994104,0.4629000000022643,11.82779999999184
change_aware,2336,contention_steady,8,50.54390000000808,0.6247999999970943,49.919100000010985
change_aware,2337,contention_steady,8,57.18029999999885,0.6749000000070282,56.50539999999182
change_aware,2338,contention_steady,8,10.109499999998661,0.5936999999960335,9.515800000002628
change_aware,2339,contention_steady,8,14.75650000000428,0.4297000000121898,14.32679999999209
change_aware,2340,contention_steady,8,40.127200000000585,0.4097999999999047,39.71740000000068
change_aware,2341,contention_steady,8,12.950899999992771,0.46739999999090287,12.483500000001868
change_aware,2342,contention_steady,8,47.52349999998273,0.7669999999961874,46.756499999986545
change_aware,2343,contention_steady,8,50.59280000000399,33.68849999998247,16.90430000002152
change_aware,2344,contention_steady,8,29.47399999999334,0.35560000000600667,29.118399999987332
change_aware,2345,contention_steady,8,10.48380000000293,0.625299999995832,9.858500000007098
change_aware,2346,contention_steady,8,11.145299999981262,0.2682999999876756,10.876999999993586
change_aware,2347,contention_steady,8,49.128000000024485,0.40160000000355467,48.72640000002093
change_aware,2348,contention_steady,8,15.314899999992804,0.5741999999884229,14.74070000000438
change_aware,2349,contention_steady,8,37.743199999994204,0.9542999999894164,36.78890000000479
change_aware,2350,contention_steady,8,17.819299999985105,0.39160000000038053,17.427699999984725
change_aware,2351,contention_steady,8,28.417200000006915,0.2704999999991742,28.14670000000774
change_aware,2352,contention_steady,8,15.736900000007381,0.40820000000962864,15.328699999997752
change_aware,2353,contention_steady,8,13.054499999981317,0.7808000000011361,12.273699999980181
change_aware,2354,contention_steady,8,25.62000000000353,4.704500000002554,20.915500000000975
change_aware,2355,contention_steady,8,23.89940000000479,0.7195999999964897,23.1798000000083
change_aware,2356,contention_steady,8,16.451800000027106,0.3112000000271564,16.14059999999995
change_aware,2357,contention_steady,8,35.726800000020376,0.6482000000005428,35.07860000001983
change_aware,2358,contention_steady,8,15.729399999997895,0.32129999999597203,15.408100000001923
change_aware,2359,contention_steady,8,27.004500000003873,0.3501999999855343,26.65430000001834
change_aware,2360,contention_steady,8,18.543399999998655,3.8365000000055716,14.706899999993084
change_aware,2361,contention_steady,8,19.3561000000102,0.6581000000096537,18.698000000000548
change_aware,2362,contention_steady,8,17.940100000004122,0.4229999999836309,17.51710000002049
change_aware,2363,contention_steady,8,33.220499999998765,12.283700000011777,20.936799999986988
change_aware,2364,contention_steady,8,18.32799999999679,0.4735999999923024,17.85440000000449
change_aware,2365,contention_steady,8,45.45980000000327,0.43809999999666616,45.021700000006604
change_aware,2366,contention_steady,8,9.03470000000084,0.5199000000004617,8.514800000000378
change_aware,2367,contention_steady,8,31.9992999999954,0.29119999999238644,31.708100000003014
change_aware,2368,contention_steady,8,27.93599999998264,4.537199999987251,23.39879999999539
change_aware,2369,contention_steady,8,19.109600000007276,4.0321000000176355,15.07749999998964
change_aware,2370,contention_steady,8,15.014299999990044,0.42979999997783125,14.584500000012213
change_aware,2371,contention_steady,8,18.81219999998507,0.7061999999962154,18.105999999988853
change_aware,2372,contention_steady,8,19.266299999998182,0.7142000000044391,18.552099999993743
change_aware,2373,contention_steady,8,18.009300000016992,0.3982000000064545,17.611100000010538
change_aware,2374,contention_steady,8,28.4467000000177,0.5203999999991993,27.9263000000185
change_aware,2375,contention_steady,8,18.21350000000166,1.3810000000091804,16.83249999999248
change_aware,2376,contention_steady,8,36.624999999986585,0.609800000006544,36.01519999998004
change_aware,2377,contention_steady,8,19.911899999982552,0.5235999999797514,19.3883000000028
change_aware,2378,contention_steady,8,29.463099999986753,0.4455999999777305,29.017500000009022
change_aware,2379,contention_steady,8,17.35270000000355,0.7815999999820633,16.571100000021488
change_aware,2380,contention_steady,8,22.33169999999518,0.4239000000154647,21.907799999979716
change_aware,2381,contention_steady,8,10.708599999986745,0.24940000000128748,10.459199999985458
change_aware,2382,contention_steady,8,15.304100000008702,0.5614000000093711,14.742699999999331
change_aware,2383,contention_steady,8,36.56240000000821,0.40040000001795306,36.16199999999026
change_aware,2384,contention_steady,8,12.491899999986344,0.3777000000013686,12.114199999984976
change_aware,2385,contention_steady,8,12.622400000026346,0.36350000002016714,12.258900000006179
change_aware,2386,contention_steady,8,18.413799999990488,0.575999999995247,17.83779999999524
change_aware,2387,contention_steady,8,17.970600000012382,1.0222000000226217,16.94839999998976
change_aware,2388,contention_steady,8,22.135399999996253,5.868200000008983,16.26719999998727
change_aware,2389,contention_steady,8,38.034199999998464,0.8360999999865726,37.19810000001189
change_aware,2390,contention_steady,8,27.71020000000135,3.1869999999969423,24.523200000004408
change_aware,2391,contention_steady,8,24.30829999997286,0.7907999999758886,23.51749999999697
change_aware,2392,contention_steady,8,16.71469999999431,0.5597999999906733,16.154900000003636
change_aware,2393,contention_steady,8,27.001200000000836,0.5661000000145577,26.435099999986278
change_aware,2394,contention_steady,8,11.122400000004973,0.35760000000095715,10.764800000004016
change_aware,2395,contention_steady,8,15.65610000000106,0.3284999999948468,15.327600000006214
change_aware,2396,contention_steady,8,28.762400000005073,0.4251999999951295,28.337200000009943
change_aware,2397,contention_steady,8,15.094800000014175,0.6724000000133401,14.422400000000835
change_aware,2398,contention_steady,8,16.868099999982178,1.7888999999797761,15.079200000002402
change_aware,2399,contention_steady,8,22.84920000002444,0.7697000000064236,22.079500000018015
change_aware,2400,contention_steady,8,12.661699999995335,0.4059999999981301,12.255699999997205
change_aware,2401,contention_steady,8,38.736000000000104,2.185999999994692,36.55000000000541
change_aware,2402,contention_steady,8,11.2989000000141,0.4825000000039381,10.816400000010162
change_aware,2403,contention_steady,8,36.84259999999995,0.31549999999924694,36.5271000000007
change_aware,2404,contention_steady,8,12.131100000004835,0.4783000000259108,11.652799999978924
change_aware,2405,contention_steady,8,51.31579999999758,0.471499999974867,50.84430000002271
change_aware,2406,contention_steady,8,21.974700000015446,0.8569000000022697,21.117800000013176
change_aware,2407,contention_steady,8,31.329499999998234,0.7011999999804175,30.628300000017816
change_aware,2408,contention_steady,8,14.675000000011096,0.3907000000253902,14.284299999985706
change_aware,2409,contention_steady,8,32.7440000000081,0.38010000000099353,32.363900000007106
change_aware,2410,contention_steady,8,15.552799999994704,0.6630000000029668,14.889799999991737
change_aware,2411,contention_steady,8,37.652599999972836,5.04969999997229,32.602900000000545
change_aware,2412,contention_steady,8,15.622399999983827,0.5351999999732016,15.087200000010625
change_aware,2413,contention_steady,8,49.56830000000423,0.4619999999988522,49.106300000005376
change_aware,2414,contention_steady,8,11.820000000000164,0.6547000000125536,11.16529999998761
change_aware,2415,contention_steady,8,44.51739999998949,0.3599000000065189,44.157499999982974
change_aware,2416,contention_steady,8,20.093099999996866,1.0677999999870735,19.025300000009793
change_aware,2417,contention_steady,8,33.918300000010504,0.36970000002156667,33.54859999998894
change_aware,2418,contention_steady,8,17.027599999977383,0.5178999999770895,16.509700000000294
change_aware,2419,contention_steady,8,48.928300000000036,0.3087999999991098,48.619500000000926
change_aware,2420,contention_steady,8,20.75709999999731,0.5902000000048702,20.166899999992438
change_aware,2421,contention_steady,8,37.157500000006394,6.232100000005403,30.92540000000099
change_aware,2422,contention_steady,8,19.076499999982843,0.35169999998174717,18.724800000001096
change_aware,2423,contention_steady,8,29.582300000015493,0.5224000000225715,29.059899999992922
change_aware,2424,contention_steady,8,39.69109999999887,0.6019999999864467,39.08910000001242
change_aware,2425,contention_steady,8,21.305200000000468,2.649400000024116,18.655799999976352
change_aware,2426,contention_steady,8,28.155000000026575,0.7738000000188094,27.381200000007766
change_aware,2427,contention_steady,8,41.64679999999521,0.6073000000128559,41.039499999982354
change_aware,2428,contention_steady,8,19.87619999999879,0.5025000000102864,19.373699999988503
change_aware,2429,contention_steady,8,11.467099999975972,0.46999999997865416,10.997099999997317
change_aware,2430,contention_steady,8,46.73229999997375,0.3598999999780972,46.37239999999565
change_aware,2431,contention_steady,8,16.418700000002673,0.3977000000077169,16.020999999994956
change_aware,2432,contention_steady,8,15.419199999996636,0.4519999999956781,14.967200000000958
change_aware,2433,contention_steady,8,24.506199999990486,0.5534000000011474,23.952799999989338
change_aware,2434,contention_steady,8,40.92850000000681,0.3782999999941694,40.55020000001264
change_aware,2435,contention_steady,8,20.502699999980223,0.5153999999834014,19.98729999999682
change_aware,2436,contention_steady,8,35.12620000000766,0.3930000000025302,34.73320000000513
change_aware,2437,contention_steady,8,15.145999999987225,0.45609999997964223,14.689900000007583
change_aware,2438,contention_steady,8,50.05170000001158,0.6855000000030032,49.366200000008575
change_aware,2439,contention_steady,8,12.672100000003184,0.45110000002068773,12.220999999982496
change_aware,2440,contention_steady,8,18.230399999993097,0.6612999999902058,17.56910000000289
change_aware,2441,contention_steady,8,47.35780000001455,0.43250000001648914,46.92529999999806
change_aware,2442,contention_steady,8,28.24189999998339,0.6851999999923919,27.556699999990997
change_aware,2443,contention_steady,8,20.841500000017277,0.6036999999992076,20.23780000001807
change_aware,2444,contention_steady,8,23.334899999980507,1.207099999987804,22.127799999992703
change_aware,2445,contention_steady,8,24.1410000000144,4.351399999990235,19.789600000024166
change_aware,2446,contention_steady,8,10.73669999999538,0.41010000001051594,10.326599999984865
change_aware,2447,contention_steady,8,12.494399999980033,1.142999999984795,11.351399999995238
change_aware,2448,contention_steady,8,11.621200000007548,1.66409999999928,9.957100000008268
change_aware,2449,contention_steady,8,48.25230000000147,0.6471000000090044,47.605199999992465
change_aware,2450,contention_steady,8,24.788099999994984,0.6912999999997282,24.096799999995255
change_aware,2451,contention_steady,8,15.873700000014423,0.8057000000007974,15.068000000013626
change_aware,2452,contention_steady,8,13.801100000023325,1.2250000000051386,12.576100000018187
change_aware,2453,contention_steady,8,30.440699999985554,0.3490999999939959,30.09159999999156
change_aware,2454,contention_steady,8,20.350699999994504,0.4811999999958516,19.869499999998652
change_aware,2455,contention_steady,8,44.46899999999232,0.34880000001180633,44.120199999980514
change_aware,2456,contention_steady,8,18.027999999986832,0.5563999999935731,17.47159999999326
change_aware,2457,contention_steady,8,33.0000999999811,0.6272999999907825,32.37279999999032
change_aware,2458,contention_steady,8,14.499799999981633,0.5659999999920728,13.93379999998956
change_aware,2459,contention_steady,8,17.899999999997362,0.7428999999774533,17.15710000001991
change_aware,2460,contention_steady,8,37.66079999999761,0.4812999999899148,37.17950000000769
change_aware,2461,contention_steady,8,15.070799999989504,0.9541999999953532,14.11659999999415
change_aware,2462,contention_steady,8,29.106299999995144,4.7706999999945765,24.335600000000568
change_aware,2463,contention_steady,8,17.356500000005326,0.6185000000016316,16.738000000003694
change_aware,2464,contention_steady,8,8.230499999996255,0.34159999998450985,7.888900000011745
change_aware,2465,contention_steady,8,24.93739999999889,0.7267000000013013,24.210699999997587
change_aware,2466,contention_steady,8,33.434099999993805,0.4326000000105523,33.00149999998325
change_aware,2467,contention_steady,8,8.012900000011314,0.35299999998983367,7.65990000002148
change_aware,2468,contention_steady,8,18.822199999988243,0.4020999999738706,18.420100000014372
change_aware,2469,contention_steady,8,28.090399999996407,0.47789999999281463,27.612500000003593
change_aware,2470,contention_steady,8,17.8807000000063,0.9418999999866173,16.938800000019683
change_aware,2471,contention_steady,8,29.24710000002051,2.163100000018403,27.084000000002106
change_aware,2472,contention_steady,8,34.24620000001255,0.6242000000042935,33.622000000008256
change_aware,2473,contention_steady,8,23.9161000000081,0.5336000000113472,23.382499999996753
change_aware,2474,contention_steady,8,23.88700000000199,1.6895999999917422,22.197400000010248
change_aware,2475,contention_steady,8,21.04869999999437,1.9368999999755943,19.111800000018775
change_aware,2476,contention_steady,8,30.847899999997708,0.6056999999941581,30.24220000000355
change_aware,2477,contention_steady,8,26.03590000001077,0.6517000000201278,25.384199999990642
change_aware,2478,contention_steady,8,22.86280000001284,0.45769999999834,22.4051000000145
change_aware,2479,contention_steady,8,25.077799999991157,0.30439999997611267,24.773400000015044
change_aware,2480,contention_steady,8,41.19239999999991,0.3418000000010579,40.85059999999885
change_aware,2481,contention_steady,8,18.730199999993147,0.3714000000059059,18.35879999998724
change_aware,2482,contention_steady,8,12.811499999997977,0.4793999999890275,12.33210000000895
change_aware,2483,contention_steady,8,35.45829999998773,2.668400000004567,32.78989999998316
change_aware,2484,contention_steady,8,22.90120000000684,0.42930000000751534,22.471899999999323
change_aware,2485,contention_steady,8,10.64709999999991,0.3782999999941694,10.26880000000574
change_aware,2486,contention_steady,8,48.687599999993836,0.46190000000478904,48.22569999998905
change_aware,2487,contention_steady,8,15.060400000010077,0.2875000000130967,14.77289999999698
change_aware,2488,contention_steady,8,52.883699999995315,0.9450999999955911,51.938599999999724
change_aware,2489,contention_steady,8,13.63399999999615,0.6268000000204665,13.007199999975683
change_aware,2490,contention_steady,8,51.302600000013854,0.9608999999954904,50.34170000001836
change_aware,2491,contention_steady,8,15.915399999983038,0.6806000000096901,15.234799999973347
change_aware,2492,contention_steady,8,34.51799999999139,0.3342999999915719,34.18369999999982
change_aware,2493,contention_steady,8,21.799300000026278,0.7168000000206121,21.082500000005666
change_aware,2494,contention_steady,8,23.805699999996932,1.0070000000155233,22.79869999998141
change_aware,2495,contention_steady,8,34.31790000001911,0.6287000000213538,33.689199999997754
change_aware,2496,contention_steady,8,16.03099999999813,0.4881999999781783,15.542800000019952
change_aware,2497,contention_steady,8,15.751399999999194,0.7367999999985386,15.014600000000655
change_aware,2498,contention_steady,8,24.140299999999115,0.5133999999884509,23.626900000010664
change_aware,2499,contention_steady,8,24.128399999995054,0.42089999999461725,23.707500000000437
change_aware,2500,contention_steady,8,34.64850000000297,0.41260000000420405,34.235899999998765
change_aware,2501,contention_steady,8,56.265300000006846,0.565399999999272,55.699900000007574
change_aware,2502,contention_steady,8,11.437800000010157,0.3347999999903095,11.103000000019847
change_aware,2503,contention_steady,8,16.028500000004442,0.39719999998055755,15.631300000023884
change_aware,2504,contention_steady,8,18.705000000011296,0.7055000000093514,17.999500000001944
change_aware,2505,contention_steady,8,30.13990000002309,0.4870000000209984,29.65290000000209
change_aware,2506,contention_steady,8,20.751899999993384,0.42419999999765423,20.32769999999573
change_aware,2507,contention_steady,8,52.032400000001644,0.6610000000080163,51.37139999999363
change_aware,2508,contention_steady,8,22.4762999999939,0.5658000000039465,21.910499999989952
change_aware,2509,contention_steady,8,44.36750000002121,0.6076000000234671,43.75989999999774
change_aware,2510,contention_steady,8,17.90159999998764,0.5559999999888987,17.34559999999874
change_aware,2511,contention_steady,8,34.85840000001872,1.1837000000127773,33.67470000000594
change_aware,2512,contention_steady,8,12.942400000014231,0.3728000000080556,12.569600000006176
change_aware,2513,contention_steady,8,48.86410000000296,0.2755999999806136,48.58850000002235
change_aware,2514,contention_steady,8,12.262700000007953,0.7821000000092226,11.48059999999873
change_aware,2515,contention_steady,8,30.569600000006858,0.30319999999051106,30.266400000016347
change_aware,2516,contention_steady,8,20.9399000000019,0.6264000000157921,20.313499999986107
change_aware,2517,contention_steady,8,60.753800000014735,0.7796000000155345,59.9741999999992
change_aware,2518,contention_steady,8,16.918799999984913,0.4878000000019256,16.430999999982987
change_aware,2519,contention_steady,8,43.35159999999405,1.2174000000015894,42.13419999999246
change_aware,2520,contention_steady,8,17.8389000000152,0.4615000000001146,17.377400000015086
change_aware,2521,contention_steady,8,20.9495000000004,1.656700000012279,19.29279999998812
change_aware,2522,contention_steady,8,22.98519999999371,0.6278999999835833,22.357300000010127
change_aware,2523,contention_steady,8,49.973600000015495,0.8906000000195036,49.08299999999599
change_aware,2524,contention_steady,8,12.077000000005,0.4393000000106895,11.637699999994311
change_aware,2525,contention_steady,8,35.903700000005756,0.6534000000044671,35.25030000000129
change_aware,2526,contention_steady,8,12.280099999998129,0.4226000000073782,11.85749999999075
change_aware,2527,contention_steady,8,32.508500000005824,0.4902999999956137,32.01820000001021
change_aware,2528,contention_steady,8,32.95089999997458,4.80949999999325,28.14139999998133
change_aware,2529,contention_steady,8,47.75710000001254,0.49820000000977416,47.25890000000277
change_aware,2530,contention_steady,8,21.4422999999897,0.8696999999813215,20.57260000000838
change_aware,2531,contention_steady,8,16.566299999993817,0.507699999985789,16.058600000008028
change_aware,2532,contention_steady,8,47.580600000003415,0.35700000000815635,47.22359999999526
change_aware,2533,contention_steady,8,18.4316999999794,0.48469999998701496,17.946999999992386
change_aware,2534,contention_steady,8,35.433299999994006,0.5357000000003609,34.897599999993645
change_aware,2535,contention_steady,8,14.688299999988885,0.4021999999963555,14.28609999999253
change_aware,2536,contention_steady,8,16.262299999993957,3.2654000000036376,12.996899999990319
change_aware,2537,contention_steady,8,12.040200000001278,0.21559999998999047,11.824600000011287
change_aware,2538,contention_steady,8,25.910600000003114,0.47449999999571446,25.4361000000074
change_aware,2539,contention_steady,8,46.09609999999975,2.66170000000443,43.43439999999532
change_aware,2540,contention_steady,8,11.771500000008928,0.2877000000012231,11.483800000007705
change_aware,2541,contention_steady,8,50.097399999998515,0.3694000000109554,49.72799999998756
change_aware,2542,contention_steady,8,15.512099999995144,0.5812999999932345,14.93080000000191
change_aware,2543,contention_steady,8,25.06880000001388,7.396599999992759,17.67220000002112
change_aware,2544,contention_steady,8,26.439199999998664,0.5996000000152435,25.83959999998342
change_aware,2545,contention_steady,8,18.99360000001593,0.7563000000061493,18.237300000009782
change_aware,2546,contention_steady,8,46.14970000000085,0.39899999998738167,45.75070000001347
change_aware,2547,contention_steady,8,18.324199999995017,0.6478999999899315,17.676300000005085
change_aware,2548,contention_steady,8,32.194900000007465,0.45610000000806394,31.7387999999994
change_aware,2549,contention_steady,8,13.835899999975254,0.5654999999933352,13.270399999981919
change_aware,2550,contention_steady,8,31.957599999998365,1.3130000000103337,30.64459999998803
change_aware,2551,contention_steady,8,15.408399999984113,0.48809999998411513,14.920299999999997
change_aware,2552,contention_steady,8,49.20549999999935,1.0282000000074731,48.177299999991874
change_aware,2553,contention_steady,8,15.091200000000526,0.538199999994049,14.553000000006477
change_aware,2554,contention_steady,8,16.10619999999585,0.33469999999624633,15.771499999999605
change_aware,2555,contention_steady,8,36.01679999999874,0.9385000000179389,35.0782999999808
change_aware,2556,contention_steady,8,16.253299999988258,0.4730999999935648,15.780199999994693
change_aware,2557,contention_steady,8,16.731300000003557,0.47770000000468826,16.25359999999887
change_aware,2558,contention_steady,8,25.32850000000053,9.984800000012228,15.343699999988303
change_aware,2559,contention_steady,8,28.2563999999752,0.6751999999892178,27.581199999985984
change_aware,2560,contention_steady,8,14.21910000001958,0.40570000001594053,13.81340000000364
change_aware,2561,contention_steady,8,14.652399999988575,0.7220999999901778,13.930299999998397
change_aware,2562,contention_steady,8,60.89880000001813,0.7123000000035518,60.186500000014576
change_aware,2563,contention_steady,8,28.891299999997955,2.719299999995428,26.172000000002527
change_aware,2564,contention_steady,8,20.428100000003724,0.7808000000011361,19.647300000002588
change_aware,2565,contention_steady,8,21.110100000015564,1.1403999999970438,19.96970000001852
change_aware,2566,contention_steady,8,30.041799999992236,15.993600000001607,14.04819999999063
change_aware,2567,contention_steady,8,17.98329999999737,0.6118000000014945,17.371499999995876
change_aware,2568,contention_steady,8,29.032799999981762,0.4601999999920281,28.572599999989734
change_aware,2569,contention_steady,8,31.448800000021038,0.6646000000216645,30.784199999999373
change_aware,2570,contention_steady,8,22.401299999984303,0.5650999999886608,21.836199999995642
change_aware,2571,contention_steady,8,21.51379999997971,0.7494999999835272,20.764299999996183
change_aware,2572,contention_steady,8,19.984499999992522,0.5851999999890722,19.39930000000345
change_aware,2573,contention_steady,8,33.85040000000572,0.43610000000171567,33.414300000004005
change_aware,2574,contention_steady,8,20.31049999999368,1.1494999999968059,19.160999999996875
change_aware,2575,contention_steady,8,30.175700000000916,0.5919999999832726,29.583700000017643
change_aware,2576,contention_steady,8,16.752999999994245,0.7781999999849631,15.974800000009282
change_aware,2577,contention_steady,8,32.14470000000347,5.5286000000194235,26.616099999984044
change_aware,2578,contention_steady,8,35.66290000000549,0.408399999997755,35.25450000000774
change_aware,2579,contention_steady,8,18.432599999982813,0.6601000000046042,17.77249999997821
change_aware,2580,contention_steady,8,47.51459999999952,0.5807999999944968,46.93380000000502
change_aware,2581,contention_steady,8,19.612700000010364,0.7479000000216729,18.86479999998869
change_aware,2582,contention_steady,8,27.613999999999805,1.7310000000065884,25.882999999993217
change_aware,2583,contention_steady,8,24.927200000007588,0.5029999999806023,24.424200000026985
change_aware,2584,contention_steady,8,12.78020000000879,0.5505000000027849,12.229700000006005
change_aware,2585,contention_steady,8,16.35759999999209,3.586200000000872,12.771399999991218
change_aware,2586,contention_steady,8,30.137800000005655,0.40229999999041866,29.735500000015236
change_aware,2587,contention_steady,8,15.515300000004117,0.5484000000137712,14.966899999990346
change_aware,2588,contention_steady,8,31.7551999999921,0.6358999999918069,31.119300000000294
change_aware,2589,contention_steady,8,17.03140000000758,0.6423000000097545,16.389099999997825
change_aware,2590,contention_steady,8,42.570500000010725,1.3389000000074702,41.231600000003255
change_aware,2591,contention_steady,8,15.448600000013357,0.739600000002838,14.70900000001052
change_aware,2592,contention_steady,8,28.804300000018657,3.272400000014386,25.53190000000427
change_aware,2593,contention_steady,8,23.526599999996733,9.238099999976157,14.288500000020576
change_aware,2594,contention_steady,8,23.079099999989694,0.6711000000052536,22.40799999998444
change_aware,2595,contention_steady,8,19.75720000001502,0.6380000000092423,19.119200000005776
change_aware,2596,contention_steady,8,19.746999999995296,0.5073000000095362,19.23969999998576
change_aware,2597,contention_steady,8,24.326700000017354,0.3714000000059059,23.955300000011448
change_aware,2598,contention_steady,8,33.443099999999504,0.6060000000047694,32.837099999994734
change_aware,2599,contention_steady,8,20.310699999981807,9.553799999991952,10.756899999989855
change_aware,2600,contention_steady,8,21.76689999998871,0.5318000000045231,21.235099999984186
change_aware,2601,contention_steady,8,45.6459000000109,0.4940000000033251,45.15190000000757
change_aware,2602,contention_steady,8,38.94560000000524,0.492899999983365,38.45270000002188
change_aware,2603,contention_steady,8,13.176500000014357,0.7094999999992524,12.467000000015105
change_aware,2604,contention_steady,8,15.436800000003359,0.35520000000133223,15.081600000002027
change_aware,2605,contention_steady,8,17.180800000005547,0.3446000000053573,16.83620000000019
change_aware,2606,contention_steady,8,20.023600000001807,0.39400000000000546,19.6296000000018
change_aware,2607,contention_steady,8,24.458400000014535,0.3559000000166179,24.102499999997917
change_aware,2608,contention_steady,8,18.300999999979695,0.9130999999911182,17.387899999988576
change_aware,2609,contention_steady,8,50.15499999998951,0.5002999999987878,49.654699999990726
change_aware,2610,contention_steady,8,16.984100000001945,0.7896000000187087,16.194499999983236
change_aware,2611,contention_steady,8,23.940299999992476,10.220099999997956,13.72019999999452
change_aware,2612,contention_steady,8,24.28169999998886,4.855899999995472,19.425799999993387
change_aware,2613,contention_steady,8,18.592000000012376,3.4105999999951564,15.18140000001722
change_aware,2614,contention_steady,8,17.116599999980053,0.4357999999911044,16.68079999998895
change_aware,2615,contention_steady,8,54.2720999999915,0.42400000000952787,53.84809999998197
change_aware,2616,contention_steady,8,16.224099999988084,1.2741999999832387,14.949900000004845
change_aware,2617,contention_steady,8,19.108100000011063,0.38580000000365544,18.722300000007408
change_aware,2618,contention_steady,8,23.10239999999908,0.48290000000861255,22.619499999990467
change_aware,2619,contention_steady,8,35.6880000000217,0.5834000000106698,35.10460000001103
change_aware,2620,contention_steady,8,15.683600000016895,0.37550000001829176,15.308099999998603
change_aware,2621,contention_steady,8,45.52620000001184,0.40810000001556546,45.118099999996275
change_aware,2622,contention_steady,8,8.848499999999149,0.8169000000179949,8.031599999981154
change_aware,2623,contention_steady,8,11.209100000002081,0.42609999999854153,10.78300000000354
change_aware,2624,contention_steady,8,41.16160000000946,0.38900000001262924,40.77259999999683
change_aware,2625,contention_steady,8,24.214900000004036,0.5013999999903263,23.71350000001371
change_aware,2626,contention_steady,8,15.497699999997394,0.3886000000079548,15.10909999998944
change_aware,2627,contention_steady,8,43.13520000002313,2.239500000001726,40.89570000002141
change_aware,2628,contention_steady,8,10.345200000017485,0.5673000000001593,9.777900000017326
change_aware,2629,contention_steady,8,14.902399999982663,0.5762999999774365,14.326100000005226
change_aware,2630,contention_steady,8,50.046299999991106,0.4811999999958516,49.565099999995255
change_aware,2631,contention_steady,8,18.421399999994037,0.4978000000050997,17.923599999988937
change_aware,2632,contention_steady,8,43.0710999999917,29.499299999997675,13.571799999994028
change_aware,2633,contention_steady,8,18.00810000000297,0.614000000012993,17.394099999989976
change_aware,2634,contention_steady,8,15.005000000002156,0.4684000000167998,14.536599999985356
change_aware,2635,contention_steady,8,19.86120000000824,0.5898000000001957,19.271400000008043
change_aware,2636,contention_steady,8,36.76690000000349,24.62330000000179,12.143600000001697
change_aware,2637,contention_steady,8,19.06080000000543,0.5222000000060234,18.538599999999406
change_aware,2638,contention_steady,8,62.201799999996865,19.18459999998845,43.017200000008415
change_aware,2639,contention_steady,8,20.83650000000148,0.35769999999502033,20.47880000000646
change_aware,2640,contention_steady,8,41.62510000000452,0.4612999999835665,41.163800000020956
change_aware,2641,contention_steady,8,22.011999999989484,0.67949999998973,21.332499999999754
change_aware,2642,contention_steady,8,28.15770000000839,0.2608000000066113,27.89690000000178
change_aware,2643,contention_steady,8,17.364600000007613,0.31419999999116044,17.050400000016452
change_aware,2644,contention_steady,8,15.849800000012237,0.4929000000117867,15.35690000000045
change_aware,2645,contention_steady,8,16.09910000001946,0.7755000000031487,15.323600000016313
change_aware,2646,contention_steady,8,33.65060000001563,0.4187000000115404,33.23190000000409
change_aware,2647,contention_steady,8,31.573699999995597,0.3784000000166543,31.195299999978943
change_aware,2648,contention_steady,8,22.223299999978963,0.7779999999968368,21.445299999982126
change_aware,2649,contention_steady,8,34.9659000000031,0.5110000000172477,34.454899999985855
change_aware,2650,contention_steady,8,14.556900000002315,0.7372000000032131,13.819699999999102
change_aware,2651,contention_steady,8,12.756899999999405,0.2997999999934109,12.457100000005994
change_aware,2652,contention_steady,8,49.90800000001627,0.786500000003798,49.121500000012475
change_aware,2653,contention_steady,8,17.005600000004506,0.3961999999830823,16.609400000021424
change_aware,2654,contention_steady,8,35.864099999997734,0.4540000000190503,35.410099999978684
change_aware,2655,contention_steady,8,14.092399999981353,0.6086999999865839,13.48369999999477
change_aware,2656,contention_steady,8,40.87570000001506,2.6177000000018324,38.258000000013226
change_aware,2657,contention_steady,8,13.858800000008387,0.6033999999885964,13.25540000001979
change_aware,2658,contention_steady,8,42.86400000000867,0.4121999999995296,42.45180000000914
change_aware,2659,contention_steady,8,13.114000000001624,0.40620000001467815,12.707799999986946
change_aware,2660,contention_steady,8,19.99490000000037,0.4844999999988886,19.510400000001482
change_aware,2661,contention_steady,8,30.445700000001352,0.4640999999878659,29.981600000013486
change_aware,2662,contention_steady,8,11.410900000015545,0.7476000000110616,10.663300000004483
change_aware,2663,contention_steady,8,8.633300000013833,0.4099000000223896,8.223399999991443
change_aware,2664,contention_steady,8,32.25869999999986,0.40160000000355467,31.857099999996308
change_aware,2665,contention_steady,8,19.498800000008032,0.423200000000179,19.075600000007853
change_aware,2666,contention_steady,8,30.24279999999635,1.09029999998711,29.15250000000924
change_aware,2667,contention_steady,8,16.97269999999662,0.36399999999048305,16.608700000006138
change_aware,2668,contention_steady,8,41.704600000002756,0.3632000000095559,41.3413999999932
change_aware,2669,contention_steady,8,15.664200000003348,0.536600000003773,15.127599999999575
change_aware,2670,contention_steady,8,34.49560000001384,1.7276000000094882,32.76800000000435
change_aware,2671,contention_steady,8,17.288600000000542,0.5245000000115851,16.764099999988957
change_aware,2672,contention_steady,8,32.36840000002417,0.9060000000147284,31.46240000000944
change_aware,2673,contention_steady,8,20.933900000017047,0.4966000000194981,20.43729999999755
change_aware,2674,contention_steady,8,14.71690000002468,0.46620000000530126,14.250700000019378
change_aware,2675,contention_steady,8,15.334999999993215,3.1907000000046537,12.144299999988561
change_aware,2676,contention_steady,8,16.46779999998671,0.3255000000024211,16.14229999998429
change_aware,2677,contention_steady,8,14.628299999998262,1.8590999999901214,12.76920000000814
change_aware,2678,contention_steady,8,32.724699999988616,11.556100000007063,21.168599999981552
change_aware,2679,contention_steady,8,19.187799999997424,0.4696999999964646,18.71810000000096
change_aware,2680,contention_steady,8,14.369799999997213,0.5681000000095082,13.801699999987704
change_aware,2681,contention_steady,8,34.88589999997771,0.5721999999934724,34.31369999998424
change_aware,2682,contention_steady,8,21.757399999984273,4.044699999980139,17.712700000004133
change_aware,2683,contention_steady,8,23.849799999993593,0.9074999999825195,22.942300000011073
change_aware,2684,contention_steady,8,20.68879999998785,0.6312999999806834,20.057500000007167
change_aware,2685,contention_steady,8,34.5978999999943,2.943700000002991,31.654199999991306
change_aware,2686,contention_steady,8,22.402999999997064,0.9679000000062388,21.435099999990825
change_aware,2687,contention_steady,8,45.10300000001166,0.8593000000018947,44.24370000000977
change_aware,2688,contention_steady,8,18.41329999999175,0.40309999999976753,18.010199999991983
change_aware,2689,contention_steady,8,32.565899999980275,0.7884999999987485,31.777399999981526
change_aware,2690,contention_steady,8,13.18960000000402,0.39200000000505497,12.797599999998965
change_aware,2691,contention_steady,8,45.24829999999724,0.8138000000030843,44.43449999999416
change_aware,2692,contention_steady,8,15.688699999998335,0.9569000000055894,14.731799999992745
change_aware,2693,contention_steady,8,17.440999999990936,5.506900000000314,11.934099999990622
change_aware,2694,contention_steady,8,17.243400000012343,3.444099999995842,13.799300000016501
change_aware,2695,contention_steady,8,30.786199999994324,0.6756999999879554,30.11050000000637
change_aware,2696,contention_steady,8,17.71569999999656,0.7195000000024265,16.996199999994133
change_aware,2697,contention_steady,8,32.028200000013385,0.5454000000213455,31.48279999999204
change_aware,2698,contention_steady,8,18.09510000001069,0.37370000001146764,17.72139999999922
change_aware,2699,contention_steady,8,45.45660000002272,0.9576000000208751,44.49900000000184
change_aware,2700,contention_steady,8,32.657699999987244,0.6448999999975058,32.01279999998974
change_aware,2701,contention_steady,8,46.913399999994,0.6704999999840311,46.24290000000997
change_aware,2702,contention_steady,8,20.385500000003276,0.6931000000065524,19.692399999996724
change_aware,2703,contention_steady,8,16.009300000007443,2.5512999999932617,13.45800000001418
change_aware,2704,contention_steady,8,14.524999999991905,0.48609999998916464,14.03890000000274
change_aware,2705,contention_steady,8,22.599999999982856,0.6474999999852571,21.9524999999976
change_aware,2706,contention_steady,8,27.991700000001174,0.5940000000066448,27.39769999999453
change_aware,2707,contention_steady,8,32.28230000001986,0.5735000000015589,31.7088000000183
change_aware,2708,contention_steady,8,22.942099999994525,0.8262999999999465,22.11579999999458
change_aware,2709,contention_steady,8,22.662199999984978,0.8264999999880729,21.835699999996905
change_aware,2710,contention_steady,8,28.312199999987797,0.6766999999854306,27.635500000002367
change_aware,2711,contention_steady,8,19.832900000011477,0.6227000000080807,19.210200000003397
change_aware,2712,contention_steady,8,18.56559999998808,0.9332999999855929,17.632300000002488
change_aware,2713,contention_steady,8,20.083099999993692,0.43739999998138046,19.64570000001231
change_aware,2714,contention_steady,8,43.40190000002053,0.35760000000095715,43.044300000019575
change_aware,2715,contention_steady,8,16.231400000009444,1.311399999991636,14.920000000017808
change_aware,2716,contention_steady,8,31.875999999982696,3.2915999999829637,28.584399999999732
change_aware,2717,contention_steady,8,21.818299999978308,0.595699999990984,21.222599999987324
change_aware,2718,contention_steady,8,20.978799999994635,0.4960999999923388,20.482700000002296
change_aware,2719,contention_steady,8,20.1951999999892,0.6812999999965541,19.513899999992645
change_aware,2720,contention_steady,8,24.794700000001058,0.639400000011392,24.155299999989666
change_aware,2721,contention_steady,8,15.263800000013816,0.3497000000152184,14.914099999998598
change_aware,2722,contention_steady,8,14.239500000002181,0.5226000000106978,13.716899999991483
change_aware,2723,contention_steady,8,34.40180000001192,0.8517999999924086,33.55000000001951
change_aware,2724,contention_steady,8,14.020599999980732,0.34479999999348365,13.675799999987248
change_aware,2725,contention_steady,8,48.81360000001678,0.48490000000356304,48.328700000013214
change_aware,2726,contention_steady,8,20.553800000016054,0.598300000007157,19.955500000008897
change_aware,2727,contention_steady,8,46.59529999997858,0.3929999999741085,46.20230000000447
change_aware,2728,contention_steady,8,16.176999999998998,0.7531999999912387,15.423800000007759
change_aware,2729,contention_steady,8,18.828700000000254,4.622200000000021,14.206500000000233
change_aware,2730,contention_steady,8,25.299200000006294,3.797300000002224,21.50190000000407
change_aware,2731,contention_steady,8,23.4312999999986,0.42540000001167755,23.005899999986923
change_aware,2732,contention_steady,8,29.197000000010576,5.2579999999977645,23.93900000001281
change_aware,2733,contention_steady,8,18.01430000000437,0.5799000000195065,17.434399999984862
change_aware,2734,contention_steady,8,48.15519999999651,0.6059000000107062,47.549299999985806
change_aware,2735,contention_steady,8,28.524299999986624,17.755099999988033,10.769199999998591
change_aware,2736,contention_steady,8,12.95569999999202,0.5012000000021999,12.454499999989821
change_aware,2737,contention_steady,8,27.280300000001034,0.3279999999961092,26.952300000004925
change_aware,2738,contention_steady,8,20.03300000001218,0.5285999999955493,19.50440000001663
change_aware,2739,contention_steady,8,35.13370000001714,0.42270000000144137,34.7110000000157
change_aware,2740,contention_steady,8,12.294499999995878,0.42609999999854153,11.868399999997337
change_aware,2741,contention_steady,8,51.41090000000759,0.5325000000198088,50.87839999998778
change_aware,2742,contention_steady,8,15.050999999999704,0.6247999999970943,14.42620000000261
change_aware,2743,contention_steady,8,32.04839999997944,0.43049999999311694,31.61789999998632
change_aware,2744,contention_steady,8,16.817099999997254,0.45020000001727567,16.366899999979978
change_aware,2745,contention_steady,8,17.748300000022255,0.8669000000054439,16.88140000001681
change_aware,2746,contention_steady,8,16.561700000011115,0.3881000000092172,16.173600000001898
change_aware,2747,contention_steady,8,32.13180000000193,8.476900000005116,23.654899999996815
change_aware,2748,contention_steady,8,29.794200000026194,0.27840000001333465,29.51580000001286
change_aware,2749,contention_steady,8,21.392700000006926,0.7645999999965625,20.628100000010363
change_aware,2750,contention_steady,8,25.708800000018073,0.5919000000176311,25.11690000000044
change_aware,2751,contention_steady,8,10.803600000002689,0.5478999999866119,10.255700000016077
change_aware,2752,contention_steady,8,20.996800000006033,0.38180000001375447,20.61499999999228
change_aware,2753,contention_steady,8,21.150799999986702,0.5505000000027849,20.600299999983918
change_aware,2754,contention_steady,8,43.63219999999046,0.6177999999863459,43.014400000004116
change_aware,2755,contention_steady,8,10.81890000000385,0.7644000000084361,10.054499999995414
change_aware,2756,contention_steady,8,12.205300000005082,0.3700000000037562,11.835300000001325
change_aware,2757,contention_steady,8,25.704399999995076,5.844300000006797,19.86009999998828
change_aware,2758,contention_steady,8,23.141099999975268,0.8146999999780746,22.326399999997193
change_aware,2759,contention_steady,8,17.268900000004805,0.3719999999987067,16.8969000000061
change_aware,2760,contention_steady,8,29.401900000010528,0.6734000000108153,28.728499999999713
change_aware,2761,contention_steady,8,17.979400000001533,0.5499999999756255,17.429400000025908
change_aware,2762,contention_steady,8,42.241100000012466,1.1559000000147535,41.08519999999771
change_aware,2763,contention_steady,8,17.827699999998003,0.6290999999976066,17.198600000000397
change_aware,2764,contention_steady,8,31.245300000023235,2.4964000000124997,28.748900000010735
change_aware,2765,contention_steady,8,21.330599999998867,0.8928000000025804,20.437799999996287
change_aware,2766,contention_steady,8,13.922900000011396,1.5025000000150612,12.420399999996334
change_aware,2767,contention_steady,8,32.55359999999996,0.6690000000162399,31.88459999998372
change_aware,2768,contention_steady,8,25.578999999993357,0.5893999999955213,24.989599999997836
change_aware,2769,contention_steady,8,13.633499999997412,0.5022999999937383,13.131200000003673
change_aware,2770,contention_steady,8,27.24740000002157,0.30460000002108245,26.94280000000049
change_aware,2771,contention_steady,8,20.186300000005986,0.6986000000210879,19.487699999984898
change_aware,2772,contention_steady,8,27.393699999976207,2.6528999999868574,24.74079999998935
change_aware,2773,contention_steady,8,17.366000000009763,0.6280000000060681,16.738000000003694
change_aware,2774,contention_steady,8,36.0986999999966,2.873800000003257,33.22489999999334
change_aware,2775,contention_steady,8,14.821100000006027,0.6549000000006799,14.166200000005347
change_aware,2776,contention_steady,8,15.429400000016358,4.606500000022606,10.822899999993751
change_aware,2777,contention_steady,8,31.93620000001829,0.5202000000110729,31.416000000007216
change_aware,2778,contention_steady,8,16.142099999996162,0.6423000000097545,15.499799999986408
change_aware,2779,contention_steady,8,25.83670000001348,0.4583000000195625,25.378399999993917
change_aware,2780,contention_steady,8,13.480799999996407,0.4951999999889267,12.98560000000748
change_aware,2781,contention_steady,8,21.905000000003838,4.397500000010268,17.50749999999357
change_aware,2782,contention_steady,8,31.45680000000084,0.44139999999970314,31.015400000001137
change_aware,2783,contention_steady,8,11.920399999979736,0.42659999999727916,11.493799999982457
change_aware,2784,contention_steady,8,17.158999999992375,0.49179999999182655,16.66720000000055
change_aware,2785,contention_steady,8,14.245899999991707,0.3835999999921569,13.86229999999955
change_aware,2786,contention_steady,8,22.899400000000014,2.70860000000539,20.190799999994624
change_aware,2787,contention_steady,8,22.336099999989756,1.3002999999969234,21.035799999992832
change_aware,2788,contention_steady,8,24.536699999998746,0.5458999999916614,23.990800000007084
change_aware,2789,contention_steady,8,17.20380000000432,3.212399999995341,13.99140000000898
change_aware,2790,contention_steady,8,18.256699999994908,0.2811999999892123,17.975500000005695
change_aware,2791,contention_steady,8,29.118699999997943,2.951200000012477,26.167499999985466
change_aware,2792,contention_steady,8,41.497499999991305,0.4313000000024658,41.06619999998884
change_aware,2793,contention_steady,8,33.871199999992996,0.8069000000148208,33.064299999978175
change_aware,2794,contention_steady,8,21.208000000001448,0.6023999999911211,20.605600000010327
change_aware,2795,contention_steady,8,29.78229999999371,6.624900000019807,23.157399999973904
change_aware,2796,contention_steady,8,31.22480000001815,6.505400000008876,24.719400000009273
change_aware,2797,contention_steady,8,15.72840000000042,0.37160000002245397,15.356799999977966
change_aware,2798,contention_steady,8,28.456799999986515,0.4671000000087133,27.989699999977802
change_aware,2799,contention_steady,8,26.17129999998724,1.1987000000033277,24.972599999983913
change_aware,2800,contention_steady,8,27.462500000012824,6.1727000000075805,21.289800000005243
change_aware,2801,contention_steady,8,20.15139999997473,0.8473999999978332,19.303999999976895
change_aware,2802,contention_steady,8,28.194299999995565,4.7921000000030745,23.40219999999249
change_aware,2803,contention_steady,8,18.42060000001311,0.9990000000072996,17.42160000000581
change_aware,2804,contention_steady,8,18.276600000007193,0.7285000000081254,17.548099999999067
change_aware,2805,contention_steady,8,25.06660000000238,7.3495000000036725,17.71709999999871
change_aware,2806,contention_steady,8,30.160099999989143,0.5083000000070115,29.65179999998213
change_aware,2807,contention_steady,8,12.589600000012524,0.4507000000160133,12.13889999999651
change_aware,2808,contention_steady,8,35.56389999999965,0.26800000000548607,35.29589999999416
change_aware,2809,contention_steady,8,14.628200000004199,0.45040000000540203,14.177799999998797
change_aware,2810,contention_steady,8,12.781699999976581,0.3925999999978558,12.389099999978725
change_aware,2811,contention_steady,8,47.959200000008195,0.256299999989551,47.702900000018644
change_aware,2812,contention_steady,8,26.925400000010313,0.4514000000028773,26.474000000007436
change_aware,2813,contention_steady,8,25.469100000009348,0.5988000000058946,24.870300000003454
change_aware,2814,contention_steady,8,38.94410000000903,11.173700000000508,27.77040000000852
change_aware,2815,contention_steady,8,15.8883000000003,0.3943000000106167,15.493999999989683
change_aware,2816,contention_steady,8,15.620400000017298,0.5346000000088225,15.085800000008476
change_aware,2817,contention_steady,8,31.12540000000763,0.33279999999535903,30.79260000001227
change_aware,2818,contention_steady,8,29.833000000024867,0.25920000001633525,29.573800000008532
change_aware,2819,contention_steady,8,18.740500000006932,0.910700000019915,17.829799999987017
change_aware,2820,contention_steady,8,15.179200000005721,0.5371000000025106,14.64210000000321
change_aware,2821,contention_steady,8,15.320199999990791,0.4859000000010383,14.834299999989753
change_aware,2822,contention_steady,8,16.592599999995628,0.6047999999907461,15.987800000004881
change_aware,2823,contention_steady,8,27.87719999997762,0.7408999999825028,27.136299999995117
change_aware,2824,contention_steady,8,27.260200000000623,0.525100000004386,26.735099999996237
change_aware,2825,contention_steady,8,11.930699999993521,0.9052999999994427,11.025399999994079
change_aware,2826,contention_steady,8,56.29199999998491,3.2826000000056865,53.00939999997922
change_aware,2827,contention_steady,8,15.313200000008464,0.36590000001979206,14.947299999988672
change_aware,2828,contention_steady,8,44.03379999999402,0.521100000014485,43.51269999997953
change_aware,2829,contention_steady,8,16.3449000000071,0.49129999999308893,15.853600000014012
change_aware,2830,contention_steady,8,32.71159999999895,0.5740999999943597,32.13750000000459
change_aware,2831,contention_steady,8,22.104600000005803,0.5491999999946984,21.555400000011105
change_aware,2832,contention_steady,8,31.342800000004445,1.2874999999894499,30.055300000014995
change_aware,2833,contention_steady,8,14.539200000001529,0.4723000000126376,14.066899999988891
change_aware,2834,contention_steady,8,36.65130000001682,0.7696000000123604,35.88170000000446
change_aware,2835,contention_steady,8,29.642800000004854,0.5707999999913227,29.07200000001353
change_aware,2836,contention_steady,8,15.49420000000623,0.4198000000030788,15.074400000003152
change_aware,2837,contention_steady,8,14.675100000005159,1.8954000000235283,12.77969999998163
change_aware,2838,contention_steady,8,16.3319000000115,0.4907999999943513,15.84110000001715
change_aware,2839,contention_steady,8,18.621600000017224,0.559600000002547,18.062000000014677
change_aware,2840,contention_steady,8,30.848100000014256,0.6023999999911211,30.245700000023135
change_aware,2841,contention_steady,8,19.37610000001655,0.6149000000164051,18.761200000000144
change_aware,2842,contention_steady,8,22.584600000016053,5.393800000007332,17.19080000000872
change_aware,2843,contention_steady,8,11.575300000004063,0.4203999999958796,11.154900000008183
change_aware,2844,contention_steady,8,47.9423999999824,0.4887999999994008,47.453599999983
change_aware,2845,contention_steady,8,26.145899999988842,0.7275000000106502,25.41839999997819
change_aware,2846,contention_steady,8,31.030700000002298,3.5885000000064338,27.442199999995864
change_aware,2847,contention_steady,8,10.135000000019545,0.512900000018135,9.62210000000141
change_aware,2848,contention_steady,8,15.53030000002309,0.46120000001792505,15.069100000005164
change_aware,2849,contention_steady,8,14.758099999994556,0.3161999999861109,14.441900000008445
change_aware,2850,contention_steady,8,33.88809999998443,0.614699999999857,33.273399999984576
change_aware,2851,contention_steady,8,31.69639999998708,11.703299999993533,19.993099999993547
change_aware,2852,contention_steady,8,15.76289999999858,0.5471000000056847,15.215799999992896
change_aware,2853,contention_steady,8,14.838499999996202,0.41269999999826723,14.425799999997935
change_aware,2854,contention_steady,8,18.934600000022783,2.0915999999999713,16.843000000022812
change_aware,2855,contention_steady,8,43.581999999986465,0.5865999999912219,42.99539999999524
change_aware,2856,contention_steady,8,16.04539999999588,1.1393999999995685,14.905999999996311
change_aware,2857,contention_steady,8,11.004400000018677,0.5075000000260843,10.496899999992593
change_aware,2858,contention_steady,8,45.130799999981264,4.873099999997521,40.25769999998374
change_aware,2859,contention_steady,8,17.291599999992968,0.5132999999943877,16.77829999999858
change_aware,2860,contention_steady,8,15.99709999999277,0.6908999999950538,15.306199999997716
change_aware,2861,contention_steady,8,31.333999999986872,0.6088000000090688,30.725199999977804
change_aware,2862,contention_steady,8,16.914800000023433,0.6806000000096901,16.234200000013743
change_aware,2863,contention_steady,8,33.39950000000158,0.31719999998358617,33.082300000017995
change_aware,2864,contention_steady,8,22.624899999982517,0.5492999999887616,22.075599999993756
change_aware,2865,contention_steady,8,11.834600000014461,0.655100000017228,11.179499999997233
change_aware,2866,contention_steady,8,32.44730000000118,21.492999999992435,10.954300000008743
change_aware,2867,contention_steady,8,18.154699999996637,0.4628000000082011,17.691899999988436
change_aware,2868,contention_steady,8,34.39769999999953,7.5706000000081985,26.827099999991333
change_aware,2869,contention_steady,8,12.626699999998436,0.2657999999939875,12.360900000004449
change_aware,2870,contention_steady,8,36.06550000000652,0.571300000018482,35.49419999998804
change_aware,2871,contention_steady,8,18.652400000007674,0.39730000000304244,18.25510000000463
change_aware,2872,contention_steady,8,36.22649999999794,0.34859999999525826,35.87790000000268
change_aware,2873,contention_steady,8,10.54429999999229,0.3385999999920841,10.205700000000206
change_aware,2874,contention_steady,8,13.517699999994193,0.42909999999096726,13.088600000003225
change_aware,2875,contention_steady,8,50.965899999994235,0.49169999999776337,50.47419999999647
change_aware,2876,contention_steady,8,34.582800000009684,0.49950000001786066,34.08329999999182
change_aware,2877,contention_steady,8,14.97349999999642,0.2159999999946649,14.757500000001755
change_aware,2878,contention_steady,8,50.29469999999492,0.5270000000052733,49.767699999989645
change_aware,2879,contention_steady,8,16.32599999999229,0.5824000000131946,15.743599999979097
change_aware,2880,contention_steady,8,25.63639999999623,0.8303000000182692,24.80609999997796
change_aware,2881,contention_steady,8,17.149100000011686,4.794400000008636,12.35470000000305
change_aware,2882,contention_steady,8,23.75369999998611,0.6956999999943037,23.057999999991807
change_aware,2883,contention_steady,8,20.517399999988584,0.94819999998208,19.569200000006504
change_aware,2884,contention_steady,8,22.563700000006293,0.6817000000012285,21.882000000005064
change_aware,2885,contention_steady,8,18.20789999999306,0.772399999988238,17.435500000004822
change_aware,2886,contention_steady,8,25.794700000005832,0.526000000007798,25.268699999998034
change_aware,2887,contention_steady,8,31.25199999999495,0.5931999999972959,30.658799999997655
change_aware,2888,contention_steady,8,32.56290000001627,0.8549000000073192,31.70800000000895
change_aware,2889,contention_steady,8,24.35600000001159,0.8310000000051332,23.525000000006457
change_aware,2890,contention_steady,8,25.19900000001485,1.237700000018549,23.9612999999963
change_aware,2891,contention_steady,8,15.764899999993531,0.9999999999763531,14.764900000017178
change_aware,2892,contention_steady,8,19.303900000011254,0.6890000000225882,18.614899999988666
change_aware,2893,contention_steady,8,31.71899999998118,0.9043000000019674,30.81469999997921
change_aware,2894,contention_steady,8,35.71370000000229,0.8406999999976961,34.873000000004595
change_aware,2895,contention_steady,8,14.833799999991015,0.6376000000045678,14.196199999986447
change_aware,2896,contention_steady,8,18.501599999979135,1.5493999999875996,16.952199999991535
change_aware,2897,contention_steady,8,20.013999999974885,1.1127999999871463,18.90119999998774
change_aware,2898,contention_steady,8,23.228200000005472,3.0515999999920496,20.176600000013423
change_aware,2899,contention_steady,8,19.814400000001342,0.43510000000424043,19.3792999999971
change_aware,2900,contention_steady,8,15.489599999995107,0.5958000000134689,14.893799999981638
change_aware,2901,contention_steady,8,25.670199999979104,0.4262999999866679,25.243899999992436
change_aware,2902,contention_steady,8,15.210300000006782,0.4149000000097658,14.795399999997016
change_aware,2903,contention_steady,8,29.448199999990265,0.8854999999812208,28.562700000009045
change_aware,2904,contention_steady,8,27.34490000000278,0.5808000000229185,26.764099999979862
change_aware,2905,contention_steady,8,17.49820000000568,0.8949999999856573,16.603200000020024
change_aware,2906,contention_steady,8,15.86799999998334,0.5424999999945612,15.325499999988779
change_aware,2907,contention_steady,8,38.89240000000882,0.6185000000016316,38.27390000000719
change_aware,2908,contention_steady,8,14.994500000000244,0.7384000000172364,14.256099999983007
change_aware,2909,contention_steady,8,13.059400000003052,0.47209999999608954,12.587300000006962
change_aware,2910,contention_steady,8,16.850099999999202,5.137899999994033,11.712200000005168
change_aware,2911,contention_steady,8,35.28090000000361,6.600700000007009,28.680199999996603
change_aware,2912,contention_steady,8,17.302200000017365,0.6807999999978165,16.62140000001955
change_aware,2913,contention_steady,8,11.687800000004245,0.2754999999865504,11.412300000017694
change_aware,2914,contention_steady,8,27.289099999990185,0.8535000000051696,26.435599999985016
change_aware,2915,contention_steady,8,10.539700000009589,0.7861999999931868,9.753500000016402
change_aware,2916,contention_steady,8,41.58600000002366,0.3891000000066924,41.19690000001697
change_aware,2917,contention_steady,8,22.572499999995443,1.5188999999793396,21.053600000016104
change_aware,2918,contention_steady,8,25.954200000001038,0.5316000000163967,25.42259999998464
change_aware,2919,contention_steady,8,17.512699999997494,0.6503999999836196,16.862300000013875
change_aware,2920,contention_steady,8,19.55300000000193,0.8085000000050968,18.744499999996833
change_aware,2921,contention_steady,8,17.229900000018006,0.38700000001767876,16.842900000000327
change_aware,2922,contention_steady,8,29.11240000000248,1.527800000019397,27.584599999983084
change_aware,2923,contention_steady,8,20.9252999999876,0.6705999999780943,20.254700000009507
change_aware,2924,contention_steady,8,37.458499999985406,0.7233999999982643,36.73509999998714
change_aware,2925,contention_steady,8,13.526899999988018,0.4957999999817275,13.03110000000629
change_aware,2926,contention_steady,8,19.605600000005552,0.4877000000078624,19.11789999999769
change_aware,2927,contention_steady,8,15.697200000005296,0.5849000000068827,15.112299999998413
change_aware,2928,contention_steady,8,26.641299999994317,0.5029999999806023,26.138300000013714
change_aware,2929,contention_steady,8,15.644299999991063,0.6352000000049429,15.00909999998612
change_aware,2930,contention_steady,8,35.979099999991604,0.6956999999943037,35.2833999999973
change_aware,2931,contention_steady,8,13.623999999992975,0.38969999999949323,13.234299999993482
change_aware,2932,contention_steady,8,16.017900000008467,0.33719999998993444,15.680700000018533
change_aware,2933,contention_steady,8,29.585400000001982,0.5930000000091695,28.992399999992813
change_aware,2934,contention_steady,8,12.514299999992318,0.7679999999936626,11.746299999998655
change_aware,2935,contention_steady,8,45.6403000000023,0.3493999999761854,45.29090000002611
change_aware,2936,contention_steady,8,14.801799999986542,0.5836999999928594,14.218099999993683
change_aware,2937,contention_steady,8,45.76439999999593,0.47699999998940257,45.28740000000653
change_aware,2938,contention_steady,8,17.257900000004156,0.5383000000165339,16.719599999987622
change_aware,2939,contention_steady,8,29.04179999998746,0.4831999999908021,28.55859999999666
change_aware,2940,contention_steady,8,19.664800000015248,0.5039000000124361,19.160900000002812
change_aware,2941,contention_steady,8,23.31290000000763,0.6139000000189299,22.6989999999887
change_aware,2942,contention_steady,8,14.386299999983976,0.9123999999758325,13.473900000008143
change_aware,2943,contention_steady,8,13.863399999991088,0.267799999988938,13.59560000000215
change_aware,2944,contention_steady,8,54.43300000001727,0.39400000000000546,54.03900000001727
change_aware,2945,contention_steady,8,15.554000000008728,0.3145000000017717,15.239500000006956
change_aware,2946,contention_steady,8,45.01799999999889,0.3424999999879219,44.67550000001097
change_aware,2947,contention_steady,8,17.399900000015123,0.36520000000450636,17.034700000010616
change_aware,2948,contention_steady,8,32.85980000001132,0.5442000000073222,32.315600000004
change_aware,2949,contention_steady,8,14.614099999988639,0.4275999999947544,14.186499999993885
change_aware,2950,contention_steady,8,40.17480000001683,0.5579000000182077,39.61689999999862
change_aware,2951,contention_steady,8,10.173399999985122,0.5668999999954849,9.606499999989637
change_aware,2952,contention_steady,8,46.75049999997327,0.7985999999959859,45.951899999977286
change_aware,2953,contention_steady,8,19.611400000002277,0.6141000000070562,18.99729999999522
change_aware,2954,contention_steady,8,30.634200000008605,0.6319000000019059,30.0023000000067
change_aware,2955,contention_steady,8,21.024599999975635,0.47399999999697684,20.550599999978658
change_aware,2956,contention_steady,8,11.865800000009585,0.45220000001222616,11.41359999999736
change_aware,2957,contention_steady,8,35.27290000002381,0.5313999999998487,34.74150000002396
change_aware,2958,contention_steady,8,19.41800000000171,0.7889999999974862,18.629000000004226
change_aware,2959,contention_steady,8,27.83789999998021,0.327900000002046,27.509999999978163
change_aware,2960,contention_steady,8,18.49379999998746,0.5626999999890359,17.931099999998423
change_aware,2961,contention_steady,8,34.843899999998484,0.5370000000084474,34.30689999999004
change_aware,2962,contention_steady,8,20.13220000000615,1.5624000000116212,18.56979999999453
change_aware,2963,contention_steady,8,30.914999999993142,1.0375999999894248,29.877400000003718
change_aware,2964,contention_steady,8,10.408299999994597,0.3714000000059059,10.036899999988691
change_aware,2965,contention_steady,8,17.188099999998485,0.6606000000033418,16.527499999995143
change_aware,2966,contention_steady,8,20.80549999999448,0.37679999999795655,20.428699999996525
change_aware,2967,contention_steady,8,27.619600000008404,0.6024000000195429,27.01719999998886
change_aware,2968,contention_steady,8,18.893499999990127,5.9761999999921045,12.917299999998022
change_aware,2969,contention_steady,8,24.041399999987334,0.3949999999974807,23.646399999989853
change_aware,2970,contention_steady,8,58.78359999999816,0.7051999999987402,58.07839999999942
change_aware,2971,contention_steady,8,13.596899999981815,0.4052999999828444,13.19159999999897
change_aware,2972,contention_steady,8,16.324700000012626,0.5824000000131946,15.742299999999432
change_aware,2973,contention_steady,8,16.057200000005878,0.7171999999968648,15.340000000009013
change_aware,2974,contention_steady,8,33.495700000003126,1.4859000000058131,32.00979999999731
change_aware,2975,contention_steady,8,39.841300000006186,0.5700000000103955,39.27129999999579
change_aware,2976,contention_steady,8,23.616800000013427,4.159400000020241,19.457399999993186
change_aware,2977,contention_steady,8,37.5978999999802,18.81989999998268,18.77799999999752
change_aware,2978,contention_steady,8,23.52340000001618,0.6001000000139811,22.9233000000022
change_aware,2979,contention_steady,8,32.23370000000614,0.7777000000146472,31.45599999999149
change_aware,2980,contention_steady,8,10.107800000014322,1.3871000000165168,8.720699999997805
change_aware,2981,contention_steady,8,18.19009999999821,0.4303000000049906,17.75979999999322
change_aware,2982,contention_steady,8,10.944399999999632,0.2435000000104992,10.700899999989133
change_aware,2983,contention_steady,8,15.96230000001242,0.5728000000146949,15.389499999997724
change_aware,2984,contention_steady,8,34.88559999999552,0.4844999999988886,34.40109999999663
change_aware,2985,contention_steady,8,16.677299999997786,0.968900000003714,15.708399999994072
change_aware,2986,contention_steady,8,23.70959999998945,3.6481999999864456,20.061400000003005
change_aware,2987,contention_steady,8,41.414499999973486,0.3608999999755724,41.053599999997914
change_aware,2988,contention_steady,8,19.923899999980677,0.7602999999960502,19.163599999984626
change_aware,2989,contention_steady,8,10.140900000010333,0.5811000000051081,9.559800000005225
change_aware,2990,contention_steady,8,12.691700000004857,0.3987999999992553,12.292900000005602
change_aware,2991,contention_steady,8,35.93119999999317,0.5036000000018248,35.427599999991344
change_aware,2992,contention_steady,8,25.853500000010854,1.1943000000087522,24.6592000000021
change_aware,2993,contention_steady,8,52.167200000013736,1.5707000000020344,50.5965000000117
change_aware,2994,contention_steady,8,18.317700000011428,0.45919999999455285,17.858500000016875
change_aware,2995,contention_steady,8,44.89110000000096,0.28470000000879736,44.60639999999216
change_aware,2996,contention_steady,8,22.299400000008518,0.7558000000074117,21.543600000001106
change_aware,2997,contention_steady,8,34.18990000000122,0.848699999977498,33.34120000002372
change_aware,2998,contention_steady,8,12.985900000018091,0.6725000000074033,12.313400000010688
change_aware,2999,contention_steady,8,31.926200000015115,0.9554000000093765,30.970800000005738
change_aware,3000,contention_steady,8,14.502700000008417,0.4136999999957425,14.089000000012675
change_aware,3001,contention_steady,8,30.710200000015675,0.47410000001946173,30.236099999996213
change_aware,3002,contention_steady,8,16.279499999996005,0.6543000000078791,15.625199999988126
change_aware,3003,contention_steady,8,24.165100000004713,0.5181000000220592,23.646999999982654
change_aware,3004,contention_steady,8,49.04680000001349,0.5332000000066728,48.51360000000682
change_aware,3005,contention_steady,8,16.80429999998978,2.580099999988761,14.22420000000102
change_aware,3006,contention_steady,8,28.75720000000115,0.36520000000450636,28.391999999996642
change_aware,3007,contention_steady,8,34.46719999999459,1.1041999999861218,33.36300000000847
change_aware,3008,contention_steady,8,37.039999999990414,0.28419999998163803,36.755800000008776
change_aware,3009,contention_steady,8,23.217799999997624,0.36389999999641987,22.853900000001204
change_aware,3010,contention_steady,8,38.116999999999734,0.684399999983043,37.43260000001669
change_aware,3011,contention_steady,8,27.1482000000276,0.5018000000234224,26.646400000004178
change_aware,3012,contention_steady,8,18.71500000001447,0.7207000000164498,17.99429999999802
change_aware,3013,contention_steady,8,21.74120000000812,0.4513000000088141,21.289899999999307
change_aware,3014,contention_steady,8,14.39460000000281,0.3241000000002714,14.07050000000254
change_aware,3015,contention_steady,8,16.708699999981036,0.2944999999954234,16.414199999985613
change_aware,3016,contention_steady,8,13.743599999997969,0.41830000000686596,13.325299999991103
change_aware,3017,contention_steady,8,13.40400000000841,0.2633000000002994,13.14070000000811
change_aware,3018,contention_steady,8,18.913999999995212,4.299400000007836,14.614599999987377
change_aware,3019,contention_steady,8,20.21500000000742,0.49520000001734843,19.719799999990073
change_aware,3020,contention_steady,8,13.816999999988866,0.6062999999869589,13.210700000001907
change_aware,3021,contention_steady,8,18.051400000018702,0.5237000000022363,17.527700000016466
change_aware,3022,contention_steady,8,31.033199999995986,12.528899999978194,18.504300000017793
change_aware,3023,contention_steady,8,16.364199999998164,0.7733999999857133,15.59080000001245
change_aware,3024,contention_steady,8,17.446100000000797,4.606000000023869,12.840099999976928
change_aware,3025,contention_steady,8,13.813499999997703,0.4033000000163156,13.410199999981387
change_aware,3026,contention_steady,8,24.309899999991558,0.5266000000005988,23.78329999999096
change_aware,3027,contention_steady,8,40.05960000000641,0.7089000000064516,39.35069999999996
change_aware,3028,contention_steady,8,20.854799999995066,0.6851999999923919,20.169600000002674
change_aware,3029,contention_steady,8,16.03749999998172,3.2980999999949745,12.739399999986745
change_aware,3030,contention_steady,8,36.78229999999871,0.3194999999891479,36.462800000009565
change_aware,3031,contention_steady,8,14.052399999997078,0.6303000000116299,13.422099999985448
change_aware,3032,contention_steady,8,16.861400000010462,0.32509999999774664,16.536300000012716
change_aware,3033,contention_steady,8,45.83650000000716,0.3514999999936208,45.48500000001354
change_aware,3034,contention_steady,8,26.959900000008474,0.5465000000128839,26.41339999999559
change_aware,3035,contention_steady,8,24.20990000001666,1.1501000000180284,23.05979999999863
change_aware,3036,contention_steady,8,18.992600000018456,0.5658999999980097,18.426700000020446
change_aware,3037,contention_steady,8,14.194399999979623,0.3419999999891843,13.852399999990439
change_aware,3038,contention_steady,8,31.75999999999135,1.4122000000043045,30.347799999987046
change_aware,3039,contention_steady,8,22.283799999996745,0.4680000000121254,21.81579999998462
change_aware,3040,contention_steady,8,26.08789999999317,0.3220000000112577,25.76589999998191
change_aware,3041,contention_steady,8,27.391100000016877,0.48920000000407526,26.9019000000128
change_aware,3042,contention_steady,8,12.217200000009143,0.472500000000764,11.744700000008379
change_aware,3043,contention_steady,8,18.477599999982885,0.5018999999890639,17.97569999999382
change_aware,3044,contention_steady,8,31.280299999991712,0.5110999999828891,30.769200000008823
change_aware,3045,contention_steady,8,18.114499999995815,0.3336999999987711,17.780799999997043
change_aware,3046,contention_steady,8,24.817499999983283,0.42609999999854153,24.391399999984742
change_aware,3047,contention_steady,8,22.47600000001171,1.135800000014342,21.340199999997367
change_aware,3048,contention_steady,8,12.702699999977085,0.4396999999869422,12.262999999990143
change_aware,3049,contention_steady,8,13.550899999984267,0.5805999999779488,12.970300000006318
change_aware,3050,contention_steady,8,32.15890000001309,0.44909999999731554,31.709800000015775
change_aware,3051,contention_steady,8,48.463800000007495,1.001699999989114,47.46210000001838
change_aware,3052,contention_steady,8,23.328599999985045,3.452199999998129,19.876399999986916
change_aware,3053,contention_steady,8,27.881000000007816,0.40300000000570435,27.478000000002112
change_aware,3054,contention_steady,8,30.414400000012165,6.8458000000077845,23.56860000000438
change_aware,3055,contention_steady,8,25.141300000001365,1.0035999999900014,24.137700000011364
change_aware,3056,contention_steady,8,37.07090000000335,0.399500000014541,36.67139999998881
change_aware,3057,contention_steady,8,22.455399999984138,1.6891999999870677,20.76619999999707
change_aware,3058,contention_steady,8,19.246100000003707,0.48030000002086126,18.765799999982846
change_aware,3059,contention_steady,8,30.699199999986604,0.6289999999751217,30.070200000011482
change_aware,3060,contention_steady,8,21.984099999997397,3.99949999999194,17.984600000005457
change_aware,3061,contention_steady,8,26.49560000000406,0.7649000000071737,25.730699999996887
change_aware,3062,contention_steady,8,14.545900000001666,0.3905000000088421,14.155399999992824
change_aware,3063,contention_steady,8,24.273700000009057,0.4409000000009655,23.832800000008092
change_aware,3064,contention_steady,8,44.88549999999236,0.6941999999980908,44.19129999999427
change_aware,3065,contention_steady,8,32.35269999998991,0.9305000000097152,31.422199999980194
change_aware,3066,contention_steady,8,16.16040000001817,0.8548000000132561,15.305600000004915
change_aware,3067,contention_steady,8,57.77900000001068,14.758999999997968,43.020000000012715
change_aware,3068,contention_steady,8,13.672200000002022,0.4168000000106531,13.255399999991369
change_aware,3069,contention_steady,8,47.78780000000893,0.4045999999959804,47.38320000001295
change_aware,3070,contention_steady,8,18.343099999981405,0.5305999999904998,17.812499999990905
change_aware,3071,contention_steady,8,47.63819999999441,0.3596999999899708,47.27850000000444
change_aware,3072,contention_steady,8,13.77079999997477,0.2856999999778509,13.485099999996919
change_aware,3073,contention_steady,8,15.290600000014365,1.155500000010079,14.135100000004286
change_aware,3074,contention_steady,8,55.59520000002749,0.4712000000210992,55.12400000000639
change_aware,3075,contention_steady,8,10.484300000001667,0.20700000001738772,10.27729999998428
change_aware,3076,contention_steady,8,35.981099999986554,0.6306999999878826,35.35039999999867
change_aware,3077,contention_steady,8,7.378099999982624,0.3125000000068212,7.065599999975802
change_aware,3078,contention_steady,8,10.239300000023377,0.3681999999969321,9.871100000026445
change_aware,3079,contention_steady,8,39.64170000000422,0.3073000000028969,39.334400000001324
change_aware,3080,contention_steady,8,10.623600000002398,0.9814999999946394,9.642100000007758
change_aware,3081,contention_steady,8,30.859199999980547,0.35699999997973464,30.502200000000812
change_aware,3082,contention_steady,8,50.88269999998829,0.4819000000111373,50.40079999997715
change_aware,3083,contention_steady,8,32.19780000000583,0.44710000000236505,31.750700000003462
change_aware,3084,contention_steady,8,15.246799999999894,0.3906999999969685,14.856100000002925
change_aware,3085,contention_steady,8,16.18639999998095,0.5065999999942505,15.679799999986699
change_aware,3086,contention_steady,8,11.929100000003245,0.5298000000095726,11.399299999993673
change_aware,3087,contention_steady,8,17.055699999986018,0.4978999999991629,16.557799999986855
change_aware,3088,contention_steady,8,38.12640000001011,0.6649999999979173,37.46140000001219
change_aware,3089,contention_steady,8,35.90009999999211,4.822700000005398,31.07739999998671
change_aware,3090,contention_steady,8,24.973399999993262,3.0064999999979136,21.96689999999535
change_aware,3091,contention_steady,8,13.70099999999752,0.584199999991597,13.116800000005924
change_aware,3092,contention_steady,8,9.450199999974984,0.5508999999790376,8.899299999995947
change_aware,3093,contention_steady,8,20.83000000001789,0.7852000000241333,20.044799999993757
change_aware,3094,contention_steady,8,13.189500000009957,0.5383000000165339,12.651199999993423
change_aware,3095,contention_steady,8,11.540300000007164,0.811900000002197,10.728400000004967
change_aware,3096,contention_steady,8,27.222499999993488,3.0900999999801115,24.132400000013376
change_aware,3097,contention_steady,8,37.226799999984905,0.33909999999082174,36.887699999994084
change_aware,3098,contention_steady,8,30.321399999991172,4.670199999992519,25.651199999998653
change_aware,3099,contention_steady,8,29.35310000000868,0.6362000000024182,28.716900000006262
change_aware,3100,contention_steady,8,35.981100000014976,0.8387000000027456,35.14240000001223
change_aware,3101,contention_steady,8,13.998500000013792,3.4371000000135155,10.561400000000276
change_aware,3102,contention_steady,8,17.48090000000957,1.1954999999943539,16.285400000015215
change_aware,3103,contention_steady,8,23.04709999998522,0.43379999999615393,22.613299999989067
change_aware,3104,contention_steady,8,25.604700000002367,0.4332000000033531,25.171499999999014
change_aware,3105,contention_steady,8,21.1975999999936,0.4671000000087133,20.730499999984886
change_aware,3106,contention_steady,8,28.192999999987478,0.5084000000010747,27.684599999986403
change_aware,3107,contention_steady,8,20.109999999988304,0.41059999998083185,19.699400000007472
change_aware,3108,contention_steady,8,16.569400000008727,0.9839000000226861,15.585499999986041
change_aware,3109,contention_steady,8,18.624100000010912,0.5032999999912136,18.1208000000197
change_aware,3110,contention_steady,8,10.39199999999596,0.3747000000089429,10.017299999987017
change_aware,3111,contention_steady,8,26.231300000006286,0.5157999999880758,25.71550000001821
change_aware,3112,contention_steady,8,24.981700000012097,0.9951000000114618,23.986600000000635
change_aware,3113,contention_steady,8,28.340299999996432,6.158900000002632,22.1813999999938
change_aware,3114,contention_steady,8,24.580799999995406,0.3579999999772099,24.222800000018196
change_aware,3115,contention_steady,8,16.427800000002435,0.6314000000031683,15.796399999999267
change_aware,3116,contention_steady,8,30.254700000000412,0.5940000000066448,29.660699999993767
change_aware,3117,contention_steady,8,22.646199999996952,0.5318000000045231,22.11439999999243
change_aware,3118,contention_steady,8,45.42370000001483,0.5289000000061606,44.89480000000867
change_aware,3119,contention_steady,8,24.202799999983426,0.5041999999946256,23.6985999999888
change_aware,3120,contention_steady,8,18.4366999999952,0.4628000000082011,17.973899999986997
change_aware,3121,contention_steady,8,23.01790000001347,0.49759999998855164,22.520300000024918
change_aware,3122,contention_steady,8,24.613299999998617,0.9055999999816322,23.707700000016985
change_aware,3123,contention_steady,8,30.0102999999865,0.7066000000008898,29.30369999998561
change_aware,3124,contention_steady,8,19.181000000003223,0.44890000000918917,18.732099999994034
change_aware,3125,contention_steady,8,33.31610000000751,5.090100000018083,28.225999999989426
change_aware,3126,contention_steady,8,20.15700000001175,1.4070000000003802,18.75000000001137
change_aware,3127,contention_steady,8,21.80029999999533,0.43569999999704123,21.36459999999829
change_aware,3128,contention_steady,8,20.066799999995055,0.667300000003479,19.399499999991576
change_aware,3129,contention_steady,8,29.55140000000256,0.5337999999994736,29.017600000003085
change_aware,3130,contention_steady,8,19.06710000000089,0.7068999999830794,18.360200000017812
change_aware,3131,contention_steady,8,22.72410000000491,5.348700000013196,17.375399999991714
change_aware,3132,contention_steady,8,24.617500000005066,0.3385999999920841,24.27890000001298
change_aware,3133,contention_steady,8,22.62179999999603,0.6932000000006155,21.928599999995413
change_aware,3134,contention_steady,8,13.13310000000456,0.4073000000062166,12.725799999998344
change_aware,3135,contention_steady,8,30.683100000004515,0.3859999999917818,30.297100000012733
change_aware,3136,contention_steady,8,18.472800000012057,0.9636000000057265,17.50920000000633
change_aware,3137,contention_steady,8,22.659900000007838,0.8823000000006687,21.77760000000717
change_aware,3138,contention_steady,8,18.69690000000901,0.7572000000095613,17.939699999999448
change_aware,3139,contention_steady,8,25.990500000006023,0.9917000000143616,24.99879999999166
change_aware,3140,contention_steady,8,22.148100000009663,0.5005000000153359,21.647599999994327
change_aware,3141,contention_steady,8,29.65430000000424,0.43370000000209075,29.22060000000215
change_aware,3142,contention_steady,8,26.38909999998873,0.8714999999881456,25.517600000000584
change_aware,3143,contention_steady,8,22.537999999997282,1.1771000000067033,21.36089999999058
change_aware,3144,contention_steady,8,18.86529999998743,1.0860999999806609,17.779200000006767
change_aware,3145,contention_steady,8,21.265900000003057,0.513499999982514,20.752400000020543
change_aware,3146,contention_steady,8,16.532899999987194,0.4647000000090884,16.068199999978106
change_aware,3147,contention_steady,8,38.239399999980606,0.39859999998270723,37.8407999999979
change_aware,3148,contention_steady,8,21.30379999999832,0.8941000000106669,20.40969999998765
change_aware,3149,contention_steady,8,23.918000000008988,0.9273999999948046,22.990600000014183
change_aware,3150,contention_steady,8,14.083600000020624,0.8663000000126431,13.217300000007981
change_aware,3151,contention_steady,8,36.903300000005856,0.5205999999873256,36.38270000001853
change_aware,3152,contention_steady,8,23.393599999991466,0.6733999999823936,22.720200000009072
change_aware,3153,contention_steady,8,19.530900000006568,0.7984000000078595,18.73249999999871
change_aware,3154,contention_steady,8,13.156299999991461,0.45470000000591426,12.701599999985547
change_aware,3155,contention_steady,8,17.053900000007616,0.7253999999932148,16.3285000000144
change_aware,3156,contention_steady,8,30.831399999982523,0.44719999999642823,30.384199999986095
change_aware,3157,contention_steady,8,17.294899999996005,0.504700000021785,16.79019999997422
change_aware,3158,contention_steady,8,21.701400000011972,2.586100000002034,19.11530000000994
change_aware,3159,contention_steady,8,18.014599999986558,0.40999999998803105,17.604599999998527
change_aware,3160,contention_steady,8,28.88329999998973,11.18619999999737,17.69709999999236
change_aware,3161,contention_steady,8,24.865300000016077,0.5005000000153359,24.36480000000074
change_aware,3162,contention_steady,8,40.415400000000545,0.5845999999962714,39.830800000004274
change_aware,3163,contention_steady,8,29.87090000002013,0.3336000000047079,29.53730000001542
change_aware,3164,contention_steady,8,18.122099999999364,0.6680999999844062,17.454000000014958
change_aware,3165,contention_steady,8,18.042400000013004,1.0276000000146723,17.01479999999833
change_aware,3166,contention_steady,8,25.024299999984123,0.44329999997216873,24.581000000011954
change_aware,3167,contention_steady,8,22.635600000000977,0.3638000000023567,22.27179999999862
change_aware,3168,contention_steady,8,17.998400000010406,0.6580000000155906,17.340399999994816
change_aware,3169,contention_steady,8,18.78930000000878,0.6420999999932064,18.147200000015573
change_aware,3170,contention_steady,8,31.156600000002754,0.4416999999818927,30.71490000002086
change_aware,3171,contention_steady,8,15.203399999990097,0.6156999999973323,14.587699999992765
change_aware,3172,contention_steady,8,32.84489999998641,0.5501999999921736,32.294699999994236
change_aware,3173,contention_steady,8,16.51100000000838,0.6857000000195512,15.825299999988829
change_aware,3174,contention_steady,8,32.322899999996935,0.5589999999813244,31.76390000001561
change_aware,3175,contention_steady,8,17.029100000002018,0.6439999999940937,16.385100000007924
change_aware,3176,contention_steady,8,28.15430000001129,0.561199999992823,27.593100000018467
change_aware,3177,contention_steady,8,42.05190000001835,4.694900000004054,37.357000000014295
change_aware,3178,contention_steady,8,19.290600000005043,0.48019999999837637,18.810400000006666
change_aware,3179,contention_steady,8,36.73750000001519,2.4931000000094627,34.244400000005726
change_aware,3180,contention_steady,8,13.517400000012003,0.5380999999999858,12.979300000012017
change_aware,3181,contention_steady,8,16.151000000007798,3.514599999988377,12.636400000019421
change_aware,3182,contention_steady,8,30.189200000023675,0.3369000000077449,29.85230000001593
change_aware,3183,contention_steady,8,34.69379999998523,0.5716000000006716,34.12219999998456
change_aware,3184,contention_steady,8,30.85079999999607,0.59729999998126,30.25350000001481
change_aware,3185,contention_steady,8,23.375100000009752,0.7070999999996275,22.668000000010124
change_aware,3186,contention_steady,8,26.847199999991744,0.5061999999895761,26.34100000000217
change_aware,3187,contention_steady,8,16.96109999997475,0.9249999999951797,16.03609999997957
change_aware,3188,contention_steady,8,16.204299999998284,0.5394000000080723,15.664899999990212
change_aware,3189,contention_steady,8,42.361999999997124,0.305599999990136,42.05640000000699
change_aware,3190,contention_steady,8,22.75800000001027,1.5133999999932257,21.244600000017044
change_aware,3191,contention_steady,8,16.27170000000433,0.5808000000229185,15.690899999981411
change_aware,3192,contention_steady,8,18.997099999978673,0.8923000000038428,18.10479999997483
change_aware,3193,contention_steady,8,22.655900000017937,0.6380000000092423,22.017900000008694
change_aware,3194,contention_steady,8,16.93220000001361,0.37729999999669417,16.554900000016914
change_aware,3195,contention_steady,8,21.75669999999741,2.253999999993539,19.50270000000387
change_aware,3196,contention_steady,8,19.997799999998733,0.5180999999936375,19.479700000005096
change_aware,3197,contention_steady,8,17.560699999989993,0.5410999999924115,17.01959999999758
change_aware,3198,contention_steady,8,31.148200000018278,0.3866000000130043,30.761600000005274
change_aware,3199,contention_steady,8,18.56219999999098,0.6290999999976066,17.933099999993374
change_aware,3200,contention_steady,8,22.09659999999758,0.5966999999884592,21.49990000000912
change_aware,3201,contention_steady,8,30.61119999998141,0.5276999999921372,30.08349999998927
change_aware,3202,contention_steady,8,12.489899999991394,0.6311999999866202,11.858700000004774
change_aware,3203,contention_steady,8,18.29370000001518,0.6271999999967193,17.66650000001846
change_aware,3204,contention_steady,8,17.693500000007134,0.6180999999969572,17.075400000010177
change_aware,3205,contention_steady,8,20.007500000019718,0.5518000000108714,19.455700000008846
change_aware,3206,contention_steady,8,23.143199999992703,4.298900000009098,18.844299999983605
change_aware,3207,contention_steady,8,26.927499999999327,0.32949999999232205,26.598000000007005
change_aware,3208,contention_steady,8,20.88489999999865,4.455699999994067,16.429200000004585
change_aware,3209,contention_steady,8,19.9250999999947,0.39459999999280626,19.530500000001894
change_aware,3210,contention_steady,8,9.790299999991703,0.4217000000039661,9.368599999987737
change_aware,3211,contention_steady,8,23.074399999984507,0.2427999999952135,22.831599999989294
change_aware,3212,contention_steady,8,42.53620000000069,0.6499000000133037,41.886299999987386
change_aware,3213,contention_steady,8,15.951700000016444,0.7724000000166598,15.179299999999785
change_aware,3214,contention_steady,8,31.415300000020352,0.5642000000136704,30.85110000000668
change_aware,3215,contention_steady,8,18.760600000007344,1.1954999999943539,17.56510000001299
change_aware,3216,contention_steady,8,18.735800000001746,8.501200000011977,10.234599999989769
change_aware,3217,contention_steady,8,20.564300000017965,0.3355000000055952,20.22880000001237
change_aware,3218,contention_steady,8,14.540299999993067,0.35429999999792017,14.185999999995147
change_aware,3219,contention_steady,8,10.16569999998751,0.5628999999771622,9.602800000010348
change_aware,3220,contention_steady,8,16.839200000021037,0.2948000000060347,16.544400000015003
change_aware,3221,contention_steady,8,50.63939999999434,0.38770000000454274,50.251699999989796
change_aware,3222,contention_steady,8,18.286299999999756,0.3809000000103424,17.905399999989413
change_aware,3223,contention_steady,8,28.91149999999243,0.5043000000171105,28.40719999997532
change_aware,3224,contention_steady,8,19.230700000008483,0.5770000000211439,18.65369999998734
change_aware,3225,contention_steady,8,18.4304999999938,0.4729999999995016,17.957499999994297
change_aware,3226,contention_steady,8,18.309700000003204,0.5979999999965457,17.71170000000666
change_aware,3227,contention_steady,8,12.071199999979854,0.3303999999957341,11.74079999998412
change_aware,3228,contention_steady,8,28.229299999992463,0.3207999999972344,27.90849999999523
change_aware,3229,contention_steady,8,24.239399999999023,0.5706000000031963,23.668799999995827
change_aware,3230,contention_steady,8,29.18159999998693,0.31099999998218664,28.870600000004742
change_aware,3231,contention_steady,8,21.59199999999828,0.5702999999925851,21.021700000005694
change_aware,3232,contention_steady,8,30.7510000000093,3.5012000000165244,27.249799999992774
change_aware,3233,contention_steady,8,18.376700000004575,2.670700000010129,15.705999999994447
change_aware,3234,contention_steady,8,28.776300000004085,3.283300000020972,25.492999999983113
change_aware,3235,contention_steady,8,22.685300000006237,0.9568000000115262,21.72849999999471
change_aware,3236,contention_steady,8,36.437699999993356,0.5762999999774365,35.86140000001592
change_aware,3237,contention_steady,8,13.964200000003757,0.4525999999884789,13.511600000015278
change_aware,3238,contention_steady,8,45.37990000000036,0.6405000000029304,44.73939999999743
change_aware,3239,contention_steady,8,29.482599999994363,0.5573999999910484,28.925200000003315
change_aware,3240,contention_steady,8,23.042599999996582,0.4418000000043776,22.600799999992205
change_aware,3241,contention_steady,8,24.473400000005086,0.44980000001260123,24.023599999992484
change_aware,3242,contention_steady,8,46.98540000001117,0.4744000000016513,46.51100000000952
change_aware,3243,contention_steady,8,20.648200000010775,1.6266000000086933,19.02160000000208
change_aware,3244,contention_steady,8,32.35079999998902,1.115200000015193,31.23559999997383
change_aware,3245,contention_steady,8,20.63309999999774,2.462000000008402,18.171099999989337
change_aware,3246,contention_steady,8,15.765900000019428,0.5457999999975982,15.22010000002183
change_aware,3247,contention_steady,8,33.29260000001,0.3688999999837961,32.9237000000262
change_aware,3248,contention_steady,8,27.169799999995803,4.164800000012292,23.00499999998351
change_aware,3249,contention_steady,8,42.21139999998513,0.5491000000006352,41.6622999999845
change_aware,3250,contention_steady,8,10.927699999996321,0.29240000000640975,10.635299999989911
change_aware,3251,contention_steady,8,14.147699999995211,0.3325000000131695,13.815199999982042
change_aware,3252,contention_steady,8,53.43560000000025,0.32640000000583314,53.109199999994416
change_aware,3253,contention_steady,8,45.736000000005106,0.5561000000113836,45.17989999999372
change_aware,3254,contention_steady,8,20.79249999999888,0.5107000000066364,20.281799999992245
change_aware,3255,contention_steady,8,26.244499999990012,2.844100000004346,23.400399999985666
change_aware,3256,contention_steady,8,34.30500000001757,0.6400000000041928,33.66500000001338
change_aware,3257,contention_steady,8,24.95099999998729,0.6578999999931057,24.293099999994183
change_aware,3258,contention_steady,8,25.586799999985033,0.46939999998585336,25.11739999999918
change_aware,3259,contention_steady,8,15.501499999999169,0.37159999999403226,15.129900000005136
change_aware,3260,contention_steady,8,34.33470000001648,4.654500000015105,29.680200000001378
change_aware,3261,contention_steady,8,15.58740000001535,1.3323999999954594,14.25500000001989
change_aware,3262,contention_steady,8,31.12989999999627,0.6074000000069191,30.52249999998935
change_aware,3263,contention_steady,8,25.76070000000641,0.7463999999970383,25.01430000000937
change_aware,3264,contention_steady,8,13.476800000006506,0.42550000000574073,13.051300000000765
change_aware,3265,contention_steady,8,28.964500000000726,3.165700000010929,25.798799999989797
change_aware,3266,contention_steady,8,16.46019999998316,0.4883000000006632,15.971899999982497
change_aware,3267,contention_steady,8,20.779300000015155,0.44980000001260123,20.329500000002554
change_aware,3268,contention_steady,8,35.22690000002626,9.15480000000457,26.072100000021692
change_aware,3269,contention_steady,8,10.960699999998269,0.34560000000283253,10.615099999995437
change_aware,3270,contention_steady,8,31.513999999987163,0.5946999999935088,30.919299999993655
change_aware,3271,contention_steady,8,35.978000000000065,0.6589000000190026,35.31909999998106
change_aware,3272,contention_steady,8,15.428599999978587,0.5246999999997115,14.903899999978876
change_aware,3273,contention_steady,8,38.001799999989316,1.1603000000093289,36.84149999997999
change_aware,3274,contention_steady,8,17.412700000022596,0.4316000000130771,16.98110000000952
change_aware,3275,contention_steady,8,33.07590000000005,0.46589999999469,32.61000000000536
change_aware,3276,contention_steady,8,10.599800000022697,0.5265000000065356,10.073300000016161
change_aware,3277,contention_steady,8,39.93289999999661,0.47639999999660176,39.456500000000005
change_aware,3278,contention_steady,8,11.975900000010142,0.5918000000235679,11.384099999986574
change_aware,3279,contention_steady,8,48.45629999999801,0.9447000000193384,47.51159999997867
change_aware,3280,contention_steady,8,19.656800000007024,11.240600000007817,8.416199999999208
change_aware,3281,contention_steady,8,11.410299999994322,0.32869999998297317,11.081600000011349
change_aware,3282,contention_steady,8,16.320700000022725,0.40570000001594053,15.915000000006785
change_aware,3283,contention_steady,8,17.912999999992962,0.7525999999984379,17.160399999994524
change_aware,3284,contention_steady,8,39.5964999999876,0.6046000000026197,38.99189999998498
change_aware,3285,contention_steady,8,8.51119999998673,0.34479999999348365,8.166399999993246
change_aware,3286,contention_steady,8,27.810700000003408,0.80859999999916,27.002100000004248
change_aware,3287,contention_steady,8,10.815300000018624,0.48680000000445034,10.328500000014174
change_aware,3288,contention_steady,8,10.79319999999484,0.23809999999002684,10.555100000004813
change_aware,3289,contention_steady,8,26.751700000005485,0.5591000000038093,26.192600000001676
change_aware,3290,contention_steady,8,12.621800000005123,0.30000000000995897,12.321799999995164
change_aware,3291,contention_steady,8,28.707199999985278,0.3175999999882606,28.389599999997017
change_aware,3292,contention_steady,8,15.148600000003398,0.31229999999027314,14.836300000013125
change_aware,3293,contention_steady,8,19.77619999999547,0.6690999999818814,19.107100000013588
change_aware,3294,contention_steady,8,14.561200000002827,0.3667999999947824,14.194400000008045
change_aware,3295,contention_steady,8,18.442499999991924,0.5170000000020991,17.925499999989825
change_aware,3296,contention_steady,8,15.54079999999658,1.1910999999997784,14.349699999996801
change_aware,3297,contention_steady,8,15.641200000004574,0.6795999999837932,14.96160000002078
change_aware,3298,contention_steady,8,15.28229999999553,4.694799999981569,10.58750000001396
change_aware,3299,contention_steady,8,17.05430000001229,0.1656000000025415,16.88870000000975
